TRACE::2026-06-29.14:35:53::SCWPlatform::Trying to open the hw design at D:/jh_workspace/0629_axi_spi_uart_timer_gpio/export/axi_system_wrapper/hw/axi_system_wrapper.xsa
TRACE::2026-06-29.14:35:53::SCWPlatform::DSA given D:/jh_workspace/0629_axi_spi_uart_timer_gpio/export/axi_system_wrapper/hw/axi_system_wrapper.xsa
TRACE::2026-06-29.14:35:53::SCWPlatform::DSA absoulate path D:/jh_workspace/0629_axi_spi_uart_timer_gpio/export/axi_system_wrapper/hw/axi_system_wrapper.xsa
TRACE::2026-06-29.14:35:55::SCWPlatform::DSA directory D:/jh_workspace/0629_axi_spi_uart_timer_gpio/export/axi_system_wrapper/hw
TRACE::2026-06-29.14:35:55::SCWPlatform:: Platform Path D:/jh_workspace/0629_axi_spi_uart_timer_gpio/export/axi_system_wrapper/hw/axi_system_wrapper.xsa
TRACE::2026-06-29.14:35:55::SCWPlatform:: Unique name xilinx:basys3::0.0
TRACE::2026-06-29.14:35:55::SCWPlatform::Do not have an existing db opened. 
TRACE::2026-06-29.14:35:55::SCWPlatform::Opened new HwDB with name axi_system_wrapper_0
TRACE::2026-06-29.14:35:55::SCWWriter::formatted JSON is {
	"platformName":	"axi_system_wrapper",
	"sprVersion":	"2.0",
	"mode":	"gui",
	"dsaType":	"Fixed",
	"platformDesc":	"axi_system_wrapper",
	"platHandOff":	"<platformDir>.xsa",
	"platIntHandOff":	"<platformDir>/hw/axi_system_wrapper.xsa",
	"deviceType":	"FPGA",
	"platIsPrebuiltAutogen":	"false",
	"platIsNoBootBsp":	"false",
	"hasFsblMakeHasChanges":	"false",
	"hasPmufwMakeHasChanges":	"false",
	"platPreBuiltFlag":	false,
	"platformSamplesDir":	""
}
TRACE::2026-06-29.14:35:55::SCWWriter::formatted JSON is {
	"platformName":	"axi_system_wrapper",
	"sprVersion":	"2.0",
	"mode":	"gui",
	"dsaType":	"Fixed",
	"platformDesc":	"axi_system_wrapper",
	"platHandOff":	"<platformDir>.xsa",
	"platIntHandOff":	"<platformDir>/hw/axi_system_wrapper.xsa",
	"deviceType":	"FPGA",
	"platIsPrebuiltAutogen":	"false",
	"platIsNoBootBsp":	"false",
	"hasFsblMakeHasChanges":	"false",
	"hasPmufwMakeHasChanges":	"false",
	"platPreBuiltFlag":	false,
	"platformSamplesDir":	"",
	"platActiveSys":	"axi_system_wrapper",
	"systems":	[{
			"systemName":	"axi_system_wrapper",
			"systemDesc":	"axi_system_wrapper",
			"sysIsBootAutoGen":	"true",
			"systemDispName":	"axi_system_wrapper"
		}]
}
TRACE::2026-06-29.14:35:55::SCWPlatform::Boot application domains not present, creating them
TRACE::2026-06-29.14:35:55::SCWPlatform::Pure FPGA device, no boot application will be created.
TRACE::2026-06-29.14:35:55::SCWWriter::formatted JSON is {
	"platformName":	"axi_system_wrapper",
	"sprVersion":	"2.0",
	"mode":	"gui",
	"dsaType":	"Fixed",
	"platformDesc":	"axi_system_wrapper",
	"platHandOff":	"<platformDir>.xsa",
	"platIntHandOff":	"<platformDir>/hw/axi_system_wrapper.xsa",
	"deviceType":	"FPGA",
	"platIsPrebuiltAutogen":	"false",
	"platIsNoBootBsp":	"false",
	"hasFsblMakeHasChanges":	"false",
	"hasPmufwMakeHasChanges":	"false",
	"platPreBuiltFlag":	false,
	"platformSamplesDir":	"",
	"platActiveSys":	"axi_system_wrapper",
	"systems":	[{
			"systemName":	"axi_system_wrapper",
			"systemDesc":	"axi_system_wrapper",
			"sysIsBootAutoGen":	"true",
			"systemDispName":	"axi_system_wrapper"
		}]
}
TRACE::2026-06-29.14:35:55::SCWWriter::formatted JSON is {
	"platformName":	"axi_system_wrapper",
	"sprVersion":	"2.0",
	"mode":	"gui",
	"dsaType":	"Fixed",
	"platformDesc":	"axi_system_wrapper",
	"platHandOff":	"<platformDir>.xsa",
	"platIntHandOff":	"<platformDir>/hw/axi_system_wrapper.xsa",
	"deviceType":	"FPGA",
	"platIsPrebuiltAutogen":	"false",
	"platIsNoBootBsp":	"false",
	"hasFsblMakeHasChanges":	"false",
	"hasPmufwMakeHasChanges":	"false",
	"platPreBuiltFlag":	false,
	"platformSamplesDir":	"",
	"platActiveSys":	"axi_system_wrapper",
	"systems":	[{
			"systemName":	"axi_system_wrapper",
			"systemDesc":	"axi_system_wrapper",
			"sysIsBootAutoGen":	"true",
			"systemDispName":	"axi_system_wrapper"
		}]
}
TRACE::2026-06-29.14:35:55::SCWPlatform::Trying to open the hw design at D:/jh_workspace/0629_axi_spi_uart_timer_gpio/export/axi_system_wrapper/hw/axi_system_wrapper.xsa
TRACE::2026-06-29.14:35:55::SCWPlatform::DSA given D:/jh_workspace/0629_axi_spi_uart_timer_gpio/export/axi_system_wrapper/hw/axi_system_wrapper.xsa
TRACE::2026-06-29.14:35:55::SCWPlatform::DSA absoulate path D:/jh_workspace/0629_axi_spi_uart_timer_gpio/export/axi_system_wrapper/hw/axi_system_wrapper.xsa
TRACE::2026-06-29.14:35:55::SCWPlatform::DSA directory D:/jh_workspace/0629_axi_spi_uart_timer_gpio/export/axi_system_wrapper/hw
TRACE::2026-06-29.14:35:55::SCWPlatform:: Platform Path D:/jh_workspace/0629_axi_spi_uart_timer_gpio/export/axi_system_wrapper/hw/axi_system_wrapper.xsa
TRACE::2026-06-29.14:35:55::SCWPlatform:: Unique name xilinx:basys3::0.0
TRACE::2026-06-29.14:35:55::SCWPlatform::Trying to set the existing hwdb with name axi_system_wrapper_0
TRACE::2026-06-29.14:35:55::SCWPlatform::Opened existing hwdb axi_system_wrapper_0
TRACE::2026-06-29.14:35:55::SCWPlatform::Found the Hw Db part of the input DSA
TRACE::2026-06-29.14:35:55::SCWDomain::checking for install qemu data   : 
TRACE::2026-06-29.14:35:55::SCWPlatform::Trying to open the hw design at D:/jh_workspace/0629_axi_spi_uart_timer_gpio/export/axi_system_wrapper/hw/axi_system_wrapper.xsa
TRACE::2026-06-29.14:35:55::SCWPlatform::DSA given D:/jh_workspace/0629_axi_spi_uart_timer_gpio/export/axi_system_wrapper/hw/axi_system_wrapper.xsa
TRACE::2026-06-29.14:35:55::SCWPlatform::DSA absoulate path D:/jh_workspace/0629_axi_spi_uart_timer_gpio/export/axi_system_wrapper/hw/axi_system_wrapper.xsa
TRACE::2026-06-29.14:35:55::SCWPlatform::DSA directory D:/jh_workspace/0629_axi_spi_uart_timer_gpio/export/axi_system_wrapper/hw
TRACE::2026-06-29.14:35:55::SCWPlatform:: Platform Path D:/jh_workspace/0629_axi_spi_uart_timer_gpio/export/axi_system_wrapper/hw/axi_system_wrapper.xsa
TRACE::2026-06-29.14:35:55::SCWPlatform:: Unique name xilinx:basys3::0.0
TRACE::2026-06-29.14:35:55::SCWPlatform::Trying to set the existing hwdb with name axi_system_wrapper_0
TRACE::2026-06-29.14:35:55::SCWPlatform::Opened existing hwdb axi_system_wrapper_0
TRACE::2026-06-29.14:35:55::SCWPlatform::Found the Hw Db part of the input DSA
TRACE::2026-06-29.14:35:55::SCWPlatform::Trying to open the hw design at D:/jh_workspace/0629_axi_spi_uart_timer_gpio/export/axi_system_wrapper/hw/axi_system_wrapper.xsa
TRACE::2026-06-29.14:35:55::SCWPlatform::DSA given D:/jh_workspace/0629_axi_spi_uart_timer_gpio/export/axi_system_wrapper/hw/axi_system_wrapper.xsa
TRACE::2026-06-29.14:35:55::SCWPlatform::DSA absoulate path D:/jh_workspace/0629_axi_spi_uart_timer_gpio/export/axi_system_wrapper/hw/axi_system_wrapper.xsa
TRACE::2026-06-29.14:35:55::SCWPlatform::DSA directory D:/jh_workspace/0629_axi_spi_uart_timer_gpio/export/axi_system_wrapper/hw
TRACE::2026-06-29.14:35:55::SCWPlatform:: Platform Path D:/jh_workspace/0629_axi_spi_uart_timer_gpio/export/axi_system_wrapper/hw/axi_system_wrapper.xsa
TRACE::2026-06-29.14:35:55::SCWPlatform:: Unique name xilinx:basys3::0.0
TRACE::2026-06-29.14:35:55::SCWPlatform::Trying to set the existing hwdb with name axi_system_wrapper_0
TRACE::2026-06-29.14:35:55::SCWPlatform::Opened existing hwdb axi_system_wrapper_0
TRACE::2026-06-29.14:35:55::SCWPlatform::Found the Hw Db part of the input DSA
TRACE::2026-06-29.14:35:55::SCWPlatform::Trying to open the hw design at D:/jh_workspace/0629_axi_spi_uart_timer_gpio/export/axi_system_wrapper/hw/axi_system_wrapper.xsa
TRACE::2026-06-29.14:35:55::SCWPlatform::DSA given D:/jh_workspace/0629_axi_spi_uart_timer_gpio/export/axi_system_wrapper/hw/axi_system_wrapper.xsa
TRACE::2026-06-29.14:35:55::SCWPlatform::DSA absoulate path D:/jh_workspace/0629_axi_spi_uart_timer_gpio/export/axi_system_wrapper/hw/axi_system_wrapper.xsa
TRACE::2026-06-29.14:35:55::SCWPlatform::DSA directory D:/jh_workspace/0629_axi_spi_uart_timer_gpio/export/axi_system_wrapper/hw
TRACE::2026-06-29.14:35:55::SCWPlatform:: Platform Path D:/jh_workspace/0629_axi_spi_uart_timer_gpio/export/axi_system_wrapper/hw/axi_system_wrapper.xsa
TRACE::2026-06-29.14:35:55::SCWPlatform:: Unique name xilinx:basys3::0.0
TRACE::2026-06-29.14:35:55::SCWPlatform::Trying to set the existing hwdb with name axi_system_wrapper_0
TRACE::2026-06-29.14:35:55::SCWPlatform::Opened existing hwdb axi_system_wrapper_0
TRACE::2026-06-29.14:35:55::SCWPlatform::Found the Hw Db part of the input DSA
TRACE::2026-06-29.14:35:55::SCWMssOS::Checking the sw design at  D:/jh_workspace/0629_axi_spi_uart_timer_gpio/export/axi_system_wrapper/microblaze_0/standalone_microblaze_0/bsp/system.mss
TRACE::2026-06-29.14:35:55::SCWMssOS::DEBUG:  swdes dump  
TRACE::2026-06-29.14:35:55::SCWMssOS::No sw design opened at  D:/jh_workspace/0629_axi_spi_uart_timer_gpio/export/axi_system_wrapper/microblaze_0/standalone_microblaze_0/bsp/system.mss
TRACE::2026-06-29.14:35:55::SCWMssOS::mss does not exists at D:/jh_workspace/0629_axi_spi_uart_timer_gpio/export/axi_system_wrapper/microblaze_0/standalone_microblaze_0/bsp/system.mss
TRACE::2026-06-29.14:35:55::SCWMssOS::Creating sw design at  D:/jh_workspace/0629_axi_spi_uart_timer_gpio/export/axi_system_wrapper/microblaze_0/standalone_microblaze_0/bsp/system.mss
TRACE::2026-06-29.14:35:55::SCWMssOS::Adding the swdes entry, created swdb D:/jh_workspace/0629_axi_spi_uart_timer_gpio/export/axi_system_wrapper/microblaze_0/standalone_microblaze_0/bsp/system.mss with des name D:/jh_workspace/0629_axi_spi_uart_timer_gpio/export/axi_system_wrapper/microblaze_0/standalone_microblaze_0/bsp/system.mss
TRACE::2026-06-29.14:35:55::SCWMssOS::updating the scw layer changes to swdes at   D:/jh_workspace/0629_axi_spi_uart_timer_gpio/export/axi_system_wrapper/microblaze_0/standalone_microblaze_0/bsp/system.mss
TRACE::2026-06-29.14:35:55::SCWMssOS::Writing mss at D:/jh_workspace/0629_axi_spi_uart_timer_gpio/export/axi_system_wrapper/microblaze_0/standalone_microblaze_0/bsp/system.mss
TRACE::2026-06-29.14:35:55::SCWMssOS::Completed writing the mss file at D:/jh_workspace/0629_axi_spi_uart_timer_gpio/export/axi_system_wrapper/microblaze_0/standalone_microblaze_0/bsp
TRACE::2026-06-29.14:35:55::SCWMssOS::Picking up changes from newly written mss file into SCW Layer. 
TRACE::2026-06-29.14:35:55::SCWMssOS::Updated the changes from newly written mss file into SCW Layer. 
TRACE::2026-06-29.14:35:55::SCWMssOS::Completed writing the mss file at D:/jh_workspace/0629_axi_spi_uart_timer_gpio/export/axi_system_wrapper/microblaze_0/standalone_microblaze_0/bsp
TRACE::2026-06-29.14:35:55::SCWMssOS::Forcing BSP Sources regeneration.
TRACE::2026-06-29.14:35:56::SCWMssOS::Saving the mss changes D:/jh_workspace/0629_axi_spi_uart_timer_gpio/export/axi_system_wrapper/microblaze_0/standalone_microblaze_0/bsp/system.mss
TRACE::2026-06-29.14:35:56::SCWMssOS::Found a swdesign opened with the mssfile.
TRACE::2026-06-29.14:35:56::SCWMssOS::Running validate of swdbs.
KEYINFO::2026-06-29.14:35:56::SCWMssOS::Could not open the swdb for D:/jh_workspace/0629_axi_spi_uart_timer_gpio/export/axi_system_wrapper/microblaze_0/standalone_microblaze_0/bsp/system.mss
KEYINFO::2026-06-29.14:35:56::SCWMssOS::Could not open the sw design at  D:/jh_workspace/0629_axi_spi_uart_timer_gpio/export/axi_system_wrapper/microblaze_0/standalone_microblaze_0/bsp/system.mss
ERROR: [Hsi 55-1558] Software Design D:/jh_workspace/0629_axi_spi_uart_timer_gpio/export/axi_system_wrapper/microblaze_0/standalone_microblaze_0/bsp/system.mss is not found

TRACE::2026-06-29.14:35:56::SCWMssOS::Cleared the swdb table entry
TRACE::2026-06-29.14:35:56::SCWMssOS::Adding the swdes entry, mss present, able to open swdb D:/jh_workspace/0629_axi_spi_uart_timer_gpio/export/axi_system_wrapper/microblaze_0/standalone_microblaze_0/bsp/system.mss with des name system
TRACE::2026-06-29.14:35:56::SCWMssOS::Writing the mss file completed D:/jh_workspace/0629_axi_spi_uart_timer_gpio/export/axi_system_wrapper/microblaze_0/standalone_microblaze_0/bsp/system.mss
TRACE::2026-06-29.14:35:56::SCWMssOS::Commit changes completed.
TRACE::2026-06-29.14:35:56::SCWPlatform::Trying to open the hw design at D:/jh_workspace/0629_axi_spi_uart_timer_gpio/export/axi_system_wrapper/hw/axi_system_wrapper.xsa
TRACE::2026-06-29.14:35:56::SCWPlatform::DSA given D:/jh_workspace/0629_axi_spi_uart_timer_gpio/export/axi_system_wrapper/hw/axi_system_wrapper.xsa
TRACE::2026-06-29.14:35:56::SCWPlatform::DSA absoulate path D:/jh_workspace/0629_axi_spi_uart_timer_gpio/export/axi_system_wrapper/hw/axi_system_wrapper.xsa
TRACE::2026-06-29.14:35:56::SCWPlatform::DSA directory D:/jh_workspace/0629_axi_spi_uart_timer_gpio/export/axi_system_wrapper/hw
TRACE::2026-06-29.14:35:56::SCWPlatform:: Platform Path D:/jh_workspace/0629_axi_spi_uart_timer_gpio/export/axi_system_wrapper/hw/axi_system_wrapper.xsa
TRACE::2026-06-29.14:35:56::SCWPlatform:: Unique name xilinx:basys3::0.0
TRACE::2026-06-29.14:35:56::SCWPlatform::Trying to set the existing hwdb with name axi_system_wrapper_0
TRACE::2026-06-29.14:35:56::SCWPlatform::Opened existing hwdb axi_system_wrapper_0
TRACE::2026-06-29.14:35:56::SCWPlatform::Found the Hw Db part of the input DSA
TRACE::2026-06-29.14:35:56::SCWMssOS::Checking the sw design at  D:/jh_workspace/0629_axi_spi_uart_timer_gpio/export/axi_system_wrapper/microblaze_0/standalone_microblaze_0/bsp/system.mss
TRACE::2026-06-29.14:35:56::SCWMssOS::DEBUG:  swdes dump  D:/jh_workspace/0629_axi_spi_uart_timer_gpio/export/axi_system_wrapper/microblaze_0/standalone_microblaze_0/bsp/system.mss|system||

TRACE::2026-06-29.14:35:56::SCWMssOS::Sw design exists and opened at  D:/jh_workspace/0629_axi_spi_uart_timer_gpio/export/axi_system_wrapper/microblaze_0/standalone_microblaze_0/bsp/system.mss
TRACE::2026-06-29.14:35:56::SCWPlatform::Trying to open the hw design at D:/jh_workspace/0629_axi_spi_uart_timer_gpio/export/axi_system_wrapper/hw/axi_system_wrapper.xsa
TRACE::2026-06-29.14:35:56::SCWPlatform::DSA given D:/jh_workspace/0629_axi_spi_uart_timer_gpio/export/axi_system_wrapper/hw/axi_system_wrapper.xsa
TRACE::2026-06-29.14:35:56::SCWPlatform::DSA absoulate path D:/jh_workspace/0629_axi_spi_uart_timer_gpio/export/axi_system_wrapper/hw/axi_system_wrapper.xsa
TRACE::2026-06-29.14:35:56::SCWPlatform::DSA directory D:/jh_workspace/0629_axi_spi_uart_timer_gpio/export/axi_system_wrapper/hw
TRACE::2026-06-29.14:35:56::SCWPlatform:: Platform Path D:/jh_workspace/0629_axi_spi_uart_timer_gpio/export/axi_system_wrapper/hw/axi_system_wrapper.xsa
TRACE::2026-06-29.14:35:56::SCWPlatform:: Unique name xilinx:basys3::0.0
TRACE::2026-06-29.14:35:56::SCWPlatform::Trying to set the existing hwdb with name axi_system_wrapper_0
TRACE::2026-06-29.14:35:56::SCWPlatform::Opened existing hwdb axi_system_wrapper_0
TRACE::2026-06-29.14:35:56::SCWPlatform::Found the Hw Db part of the input DSA
TRACE::2026-06-29.14:35:56::SCWMssOS::Checking the sw design at  D:/jh_workspace/0629_axi_spi_uart_timer_gpio/export/axi_system_wrapper/microblaze_0/standalone_microblaze_0/bsp/system.mss
TRACE::2026-06-29.14:35:56::SCWMssOS::DEBUG:  swdes dump  D:/jh_workspace/0629_axi_spi_uart_timer_gpio/export/axi_system_wrapper/microblaze_0/standalone_microblaze_0/bsp/system.mss|system||

TRACE::2026-06-29.14:35:56::SCWMssOS::Sw design exists and opened at  D:/jh_workspace/0629_axi_spi_uart_timer_gpio/export/axi_system_wrapper/microblaze_0/standalone_microblaze_0/bsp/system.mss
TRACE::2026-06-29.14:35:56::SCWPlatform::Trying to open the hw design at D:/jh_workspace/0629_axi_spi_uart_timer_gpio/export/axi_system_wrapper/hw/axi_system_wrapper.xsa
TRACE::2026-06-29.14:35:56::SCWPlatform::DSA given D:/jh_workspace/0629_axi_spi_uart_timer_gpio/export/axi_system_wrapper/hw/axi_system_wrapper.xsa
TRACE::2026-06-29.14:35:56::SCWPlatform::DSA absoulate path D:/jh_workspace/0629_axi_spi_uart_timer_gpio/export/axi_system_wrapper/hw/axi_system_wrapper.xsa
TRACE::2026-06-29.14:35:56::SCWPlatform::DSA directory D:/jh_workspace/0629_axi_spi_uart_timer_gpio/export/axi_system_wrapper/hw
TRACE::2026-06-29.14:35:56::SCWPlatform:: Platform Path D:/jh_workspace/0629_axi_spi_uart_timer_gpio/export/axi_system_wrapper/hw/axi_system_wrapper.xsa
TRACE::2026-06-29.14:35:56::SCWPlatform:: Unique name xilinx:basys3::0.0
TRACE::2026-06-29.14:35:56::SCWPlatform::Trying to set the existing hwdb with name axi_system_wrapper_0
TRACE::2026-06-29.14:35:56::SCWPlatform::Opened existing hwdb axi_system_wrapper_0
TRACE::2026-06-29.14:35:56::SCWPlatform::Found the Hw Db part of the input DSA
TRACE::2026-06-29.14:35:56::SCWMssOS::Checking the sw design at  D:/jh_workspace/0629_axi_spi_uart_timer_gpio/export/axi_system_wrapper/microblaze_0/standalone_microblaze_0/bsp/system.mss
TRACE::2026-06-29.14:35:56::SCWMssOS::DEBUG:  swdes dump  D:/jh_workspace/0629_axi_spi_uart_timer_gpio/export/axi_system_wrapper/microblaze_0/standalone_microblaze_0/bsp/system.mss|system||

TRACE::2026-06-29.14:35:56::SCWMssOS::Sw design exists and opened at  D:/jh_workspace/0629_axi_spi_uart_timer_gpio/export/axi_system_wrapper/microblaze_0/standalone_microblaze_0/bsp/system.mss
TRACE::2026-06-29.14:35:56::SCWWriter::formatted JSON is {
	"platformName":	"axi_system_wrapper",
	"sprVersion":	"2.0",
	"mode":	"gui",
	"dsaType":	"Fixed",
	"platformDesc":	"axi_system_wrapper",
	"platHandOff":	"<platformDir>.xsa",
	"platIntHandOff":	"<platformDir>/hw/axi_system_wrapper.xsa",
	"deviceType":	"FPGA",
	"platIsPrebuiltAutogen":	"false",
	"platIsNoBootBsp":	"false",
	"hasFsblMakeHasChanges":	"false",
	"hasPmufwMakeHasChanges":	"false",
	"platPreBuiltFlag":	false,
	"platformSamplesDir":	"",
	"platActiveSys":	"axi_system_wrapper",
	"systems":	[{
			"systemName":	"axi_system_wrapper",
			"systemDesc":	"axi_system_wrapper",
			"sysIsBootAutoGen":	"true",
			"systemDispName":	"axi_system_wrapper",
			"sysActiveDom":	"standalone_microblaze_0",
			"sysDefaultDom":	"standalone_microblaze_0",
			"domains":	[{
					"domainName":	"standalone_microblaze_0",
					"domainDispName":	"standalone_microblaze_0",
					"domainDesc":	"standalone_microblaze_0",
					"processors":	"microblaze_0",
					"os":	"standalone",
					"sdxOs":	"standalone",
					"debugEnable":	"False",
					"domRuntimes":	["cpp"],
					"swRepo":	"",
					"mssOsVer":	"7.3",
					"mssFile":	"",
					"md5Digest":	"21a57f7a7515368fc1c8ff5369e72780",
					"compatibleApp":	"empty_application",
					"domType":	"mssDomain",
					"arch":	"32-bit",
					"appSettings":	{
						"appCompilerFlags":	"",
						"appLinkerFlags":	""
					},
					"addedLibs":	[],
					"libOptions":	{
						"libsContainingOptions":	[]
					},
					"prebuiltLibs":	{
						"prebuiltIncPath":	[],
						"prebuiltLibPath":	[]
					},
					"isolation":	{
					}
				}]
		}]
}
LOG::2026-06-29.14:35:56::SCWPlatform::Started generating the artifacts platform axi_system_wrapper
TRACE::2026-06-29.14:35:56::SCWPlatform::Sanity checking of platform is completed
LOG::2026-06-29.14:35:56::SCWPlatform::Started generating the artifacts for system configuration axi_system_wrapper
LOG::2026-06-29.14:35:56::SCWSystem::Checking the domain standalone_microblaze_0
LOG::2026-06-29.14:35:56::SCWSystem::Not a boot domain 
LOG::2026-06-29.14:35:56::SCWSystem::Started Processing the domain standalone_microblaze_0
TRACE::2026-06-29.14:35:56::SCWDomain::Generating domain artifcats
TRACE::2026-06-29.14:35:56::SCWMssOS::Generating standalone artifcats
TRACE::2026-06-29.14:35:56::SCWMssOS:: Copying the user libraries. 
TRACE::2026-06-29.14:35:56::SCWPlatform::Trying to open the hw design at D:/jh_workspace/0629_axi_spi_uart_timer_gpio/export/axi_system_wrapper/hw/axi_system_wrapper.xsa
TRACE::2026-06-29.14:35:56::SCWPlatform::DSA given D:/jh_workspace/0629_axi_spi_uart_timer_gpio/export/axi_system_wrapper/hw/axi_system_wrapper.xsa
TRACE::2026-06-29.14:35:56::SCWPlatform::DSA absoulate path D:/jh_workspace/0629_axi_spi_uart_timer_gpio/export/axi_system_wrapper/hw/axi_system_wrapper.xsa
TRACE::2026-06-29.14:35:56::SCWPlatform::DSA directory D:/jh_workspace/0629_axi_spi_uart_timer_gpio/export/axi_system_wrapper/hw
TRACE::2026-06-29.14:35:56::SCWPlatform:: Platform Path D:/jh_workspace/0629_axi_spi_uart_timer_gpio/export/axi_system_wrapper/hw/axi_system_wrapper.xsa
TRACE::2026-06-29.14:35:56::SCWPlatform:: Unique name xilinx:basys3::0.0
TRACE::2026-06-29.14:35:56::SCWPlatform::Trying to set the existing hwdb with name axi_system_wrapper_0
TRACE::2026-06-29.14:35:56::SCWPlatform::Opened existing hwdb axi_system_wrapper_0
TRACE::2026-06-29.14:35:56::SCWPlatform::Found the Hw Db part of the input DSA
TRACE::2026-06-29.14:35:56::SCWMssOS::Checking the sw design at  D:/jh_workspace/0629_axi_spi_uart_timer_gpio/export/axi_system_wrapper/microblaze_0/standalone_microblaze_0/bsp/system.mss
TRACE::2026-06-29.14:35:56::SCWMssOS::DEBUG:  swdes dump  D:/jh_workspace/0629_axi_spi_uart_timer_gpio/export/axi_system_wrapper/microblaze_0/standalone_microblaze_0/bsp/system.mss|system||

TRACE::2026-06-29.14:35:56::SCWMssOS::Sw design exists and opened at  D:/jh_workspace/0629_axi_spi_uart_timer_gpio/export/axi_system_wrapper/microblaze_0/standalone_microblaze_0/bsp/system.mss
TRACE::2026-06-29.14:35:56::SCWMssOS::Completed writing the mss file at D:/jh_workspace/0629_axi_spi_uart_timer_gpio/export/axi_system_wrapper/microblaze_0/standalone_microblaze_0/bsp
TRACE::2026-06-29.14:35:56::SCWMssOS::Mss edits present, copying mssfile into export location D:/jh_workspace/0629_axi_spi_uart_timer_gpio/export/axi_system_wrapper/microblaze_0/standalone_microblaze_0/bsp/system.mss
TRACE::2026-06-29.14:35:56::SCWMssOS::bsp generated is upto date with the mss file. Skipping bsp generation.
TRACE::2026-06-29.14:35:56::SCWMssOS::BSP is already built. skipping the bsp build ... 
TRACE::2026-06-29.14:35:56::SCWDomain::Skipping the build for domain :  standalone_microblaze_0
TRACE::2026-06-29.14:35:56::SCWMssOS::skipping the bsp build ... 
TRACE::2026-06-29.14:35:56::SCWMssOS::Copying to export directory.
TRACE::2026-06-29.14:35:56::SCWMssOS:: Checking if to create the Supporting Applications
TRACE::2026-06-29.14:35:56::SCWMssOS:: No Linux domain exists, trying to generate FSBL 
LOG::2026-06-29.14:35:56::SCWSystem::Completed Processing the domain standalone_microblaze_0
LOG::2026-06-29.14:35:56::SCWSystem::Completed Processing the sysconfig axi_system_wrapper
LOG::2026-06-29.14:35:56::SCWPlatform::Completed generating the artifacts for system configuration axi_system_wrapper
TRACE::2026-06-29.14:35:56::SCWPlatform::Started preparing the platform 
TRACE::2026-06-29.14:35:56::SCWSystem::Writing the bif file for system config axi_system_wrapper
TRACE::2026-06-29.14:35:56::SCWSystem::dir created 
TRACE::2026-06-29.14:35:56::SCWSystem::Writing the bif 
TRACE::2026-06-29.14:35:56::SCWPlatform::Started writing the spfm file 
TRACE::2026-06-29.14:35:56::SCWPlatform::Started writing the xpfm file 
TRACE::2026-06-29.14:35:56::SCWPlatform::Completed generating the platform
TRACE::2026-06-29.14:35:56::SCWMssOS::Saving the mss changes D:/jh_workspace/0629_axi_spi_uart_timer_gpio/export/axi_system_wrapper/microblaze_0/standalone_microblaze_0/bsp/system.mss
TRACE::2026-06-29.14:35:56::SCWMssOS::Found a swdesign opened with the mssfile.
TRACE::2026-06-29.14:35:56::SCWMssOS::Completed writemss as part of save.
TRACE::2026-06-29.14:35:56::SCWMssOS::Commit changes completed.
TRACE::2026-06-29.14:35:56::SCWPlatform::Trying to open the hw design at D:/jh_workspace/0629_axi_spi_uart_timer_gpio/export/axi_system_wrapper/hw/axi_system_wrapper.xsa
TRACE::2026-06-29.14:35:56::SCWPlatform::DSA given D:/jh_workspace/0629_axi_spi_uart_timer_gpio/export/axi_system_wrapper/hw/axi_system_wrapper.xsa
TRACE::2026-06-29.14:35:56::SCWPlatform::DSA absoulate path D:/jh_workspace/0629_axi_spi_uart_timer_gpio/export/axi_system_wrapper/hw/axi_system_wrapper.xsa
TRACE::2026-06-29.14:35:56::SCWPlatform::DSA directory D:/jh_workspace/0629_axi_spi_uart_timer_gpio/export/axi_system_wrapper/hw
TRACE::2026-06-29.14:35:56::SCWPlatform:: Platform Path D:/jh_workspace/0629_axi_spi_uart_timer_gpio/export/axi_system_wrapper/hw/axi_system_wrapper.xsa
TRACE::2026-06-29.14:35:56::SCWPlatform:: Unique name xilinx:basys3::0.0
TRACE::2026-06-29.14:35:56::SCWPlatform::Trying to set the existing hwdb with name axi_system_wrapper_0
TRACE::2026-06-29.14:35:56::SCWPlatform::Opened existing hwdb axi_system_wrapper_0
TRACE::2026-06-29.14:35:56::SCWPlatform::Found the Hw Db part of the input DSA
TRACE::2026-06-29.14:35:56::SCWMssOS::Checking the sw design at  D:/jh_workspace/0629_axi_spi_uart_timer_gpio/export/axi_system_wrapper/microblaze_0/standalone_microblaze_0/bsp/system.mss
TRACE::2026-06-29.14:35:56::SCWMssOS::DEBUG:  swdes dump  D:/jh_workspace/0629_axi_spi_uart_timer_gpio/export/axi_system_wrapper/microblaze_0/standalone_microblaze_0/bsp/system.mss|system||

TRACE::2026-06-29.14:35:56::SCWMssOS::Sw design exists and opened at  D:/jh_workspace/0629_axi_spi_uart_timer_gpio/export/axi_system_wrapper/microblaze_0/standalone_microblaze_0/bsp/system.mss
TRACE::2026-06-29.14:35:56::SCWPlatform::Trying to open the hw design at D:/jh_workspace/0629_axi_spi_uart_timer_gpio/export/axi_system_wrapper/hw/axi_system_wrapper.xsa
TRACE::2026-06-29.14:35:56::SCWPlatform::DSA given D:/jh_workspace/0629_axi_spi_uart_timer_gpio/export/axi_system_wrapper/hw/axi_system_wrapper.xsa
TRACE::2026-06-29.14:35:56::SCWPlatform::DSA absoulate path D:/jh_workspace/0629_axi_spi_uart_timer_gpio/export/axi_system_wrapper/hw/axi_system_wrapper.xsa
TRACE::2026-06-29.14:35:56::SCWPlatform::DSA directory D:/jh_workspace/0629_axi_spi_uart_timer_gpio/export/axi_system_wrapper/hw
TRACE::2026-06-29.14:35:56::SCWPlatform:: Platform Path D:/jh_workspace/0629_axi_spi_uart_timer_gpio/export/axi_system_wrapper/hw/axi_system_wrapper.xsa
TRACE::2026-06-29.14:35:56::SCWPlatform:: Unique name xilinx:basys3::0.0
TRACE::2026-06-29.14:35:56::SCWPlatform::Trying to set the existing hwdb with name axi_system_wrapper_0
TRACE::2026-06-29.14:35:56::SCWPlatform::Opened existing hwdb axi_system_wrapper_0
TRACE::2026-06-29.14:35:56::SCWPlatform::Found the Hw Db part of the input DSA
TRACE::2026-06-29.14:35:56::SCWMssOS::Checking the sw design at  D:/jh_workspace/0629_axi_spi_uart_timer_gpio/export/axi_system_wrapper/microblaze_0/standalone_microblaze_0/bsp/system.mss
TRACE::2026-06-29.14:35:56::SCWMssOS::DEBUG:  swdes dump  D:/jh_workspace/0629_axi_spi_uart_timer_gpio/export/axi_system_wrapper/microblaze_0/standalone_microblaze_0/bsp/system.mss|system||

TRACE::2026-06-29.14:35:56::SCWMssOS::Sw design exists and opened at  D:/jh_workspace/0629_axi_spi_uart_timer_gpio/export/axi_system_wrapper/microblaze_0/standalone_microblaze_0/bsp/system.mss
TRACE::2026-06-29.14:35:56::SCWPlatform::Trying to open the hw design at D:/jh_workspace/0629_axi_spi_uart_timer_gpio/export/axi_system_wrapper/hw/axi_system_wrapper.xsa
TRACE::2026-06-29.14:35:56::SCWPlatform::DSA given D:/jh_workspace/0629_axi_spi_uart_timer_gpio/export/axi_system_wrapper/hw/axi_system_wrapper.xsa
TRACE::2026-06-29.14:35:56::SCWPlatform::DSA absoulate path D:/jh_workspace/0629_axi_spi_uart_timer_gpio/export/axi_system_wrapper/hw/axi_system_wrapper.xsa
TRACE::2026-06-29.14:35:56::SCWPlatform::DSA directory D:/jh_workspace/0629_axi_spi_uart_timer_gpio/export/axi_system_wrapper/hw
TRACE::2026-06-29.14:35:56::SCWPlatform:: Platform Path D:/jh_workspace/0629_axi_spi_uart_timer_gpio/export/axi_system_wrapper/hw/axi_system_wrapper.xsa
TRACE::2026-06-29.14:35:56::SCWPlatform:: Unique name xilinx:basys3::0.0
TRACE::2026-06-29.14:35:56::SCWPlatform::Trying to set the existing hwdb with name axi_system_wrapper_0
TRACE::2026-06-29.14:35:56::SCWPlatform::Opened existing hwdb axi_system_wrapper_0
TRACE::2026-06-29.14:35:56::SCWPlatform::Found the Hw Db part of the input DSA
TRACE::2026-06-29.14:35:56::SCWMssOS::Checking the sw design at  D:/jh_workspace/0629_axi_spi_uart_timer_gpio/export/axi_system_wrapper/microblaze_0/standalone_microblaze_0/bsp/system.mss
TRACE::2026-06-29.14:35:56::SCWMssOS::DEBUG:  swdes dump  D:/jh_workspace/0629_axi_spi_uart_timer_gpio/export/axi_system_wrapper/microblaze_0/standalone_microblaze_0/bsp/system.mss|system||

TRACE::2026-06-29.14:35:56::SCWMssOS::Sw design exists and opened at  D:/jh_workspace/0629_axi_spi_uart_timer_gpio/export/axi_system_wrapper/microblaze_0/standalone_microblaze_0/bsp/system.mss
TRACE::2026-06-29.14:35:56::SCWWriter::formatted JSON is {
	"platformName":	"axi_system_wrapper",
	"sprVersion":	"2.0",
	"mode":	"gui",
	"dsaType":	"Fixed",
	"platformDesc":	"axi_system_wrapper",
	"platHandOff":	"<platformDir>.xsa",
	"platIntHandOff":	"<platformDir>/hw/axi_system_wrapper.xsa",
	"deviceType":	"FPGA",
	"platIsPrebuiltAutogen":	"false",
	"platIsNoBootBsp":	"false",
	"hasFsblMakeHasChanges":	"false",
	"hasPmufwMakeHasChanges":	"false",
	"platPreBuiltFlag":	false,
	"platformSamplesDir":	"",
	"platActiveSys":	"axi_system_wrapper",
	"systems":	[{
			"systemName":	"axi_system_wrapper",
			"systemDesc":	"axi_system_wrapper",
			"sysIsBootAutoGen":	"true",
			"systemDispName":	"axi_system_wrapper",
			"sysActiveDom":	"standalone_microblaze_0",
			"sysDefaultDom":	"standalone_microblaze_0",
			"domains":	[{
					"domainName":	"standalone_microblaze_0",
					"domainDispName":	"standalone_microblaze_0",
					"domainDesc":	"standalone_microblaze_0",
					"processors":	"microblaze_0",
					"os":	"standalone",
					"sdxOs":	"standalone",
					"debugEnable":	"False",
					"domRuntimes":	["cpp"],
					"swRepo":	"",
					"mssOsVer":	"7.3",
					"mssFile":	"",
					"md5Digest":	"21a57f7a7515368fc1c8ff5369e72780",
					"compatibleApp":	"empty_application",
					"domType":	"mssDomain",
					"arch":	"32-bit",
					"appSettings":	{
						"appCompilerFlags":	"",
						"appLinkerFlags":	""
					},
					"addedLibs":	[],
					"libOptions":	{
						"libsContainingOptions":	[]
					},
					"prebuiltLibs":	{
						"prebuiltIncPath":	[],
						"prebuiltLibPath":	[]
					},
					"isolation":	{
					}
				}]
		}]
}
KEYINFO::2026-06-29.14:35:56::SCWPlatform::updated the xpfm file.
TRACE::2026-06-29.14:35:56::SCWPlatform::Trying to open the hw design at D:/jh_workspace/0629_axi_spi_uart_timer_gpio/export/axi_system_wrapper/hw/axi_system_wrapper.xsa
TRACE::2026-06-29.14:35:56::SCWPlatform::DSA given D:/jh_workspace/0629_axi_spi_uart_timer_gpio/export/axi_system_wrapper/hw/axi_system_wrapper.xsa
TRACE::2026-06-29.14:35:56::SCWPlatform::DSA absoulate path D:/jh_workspace/0629_axi_spi_uart_timer_gpio/export/axi_system_wrapper/hw/axi_system_wrapper.xsa
TRACE::2026-06-29.14:35:56::SCWPlatform::DSA directory D:/jh_workspace/0629_axi_spi_uart_timer_gpio/export/axi_system_wrapper/hw
TRACE::2026-06-29.14:35:56::SCWPlatform:: Platform Path D:/jh_workspace/0629_axi_spi_uart_timer_gpio/export/axi_system_wrapper/hw/axi_system_wrapper.xsa
TRACE::2026-06-29.14:35:56::SCWPlatform:: Unique name xilinx:basys3::0.0
TRACE::2026-06-29.14:35:56::SCWPlatform::Trying to set the existing hwdb with name axi_system_wrapper_0
TRACE::2026-06-29.14:35:56::SCWPlatform::Opened existing hwdb axi_system_wrapper_0
TRACE::2026-06-29.14:35:56::SCWPlatform::Found the Hw Db part of the input DSA
TRACE::2026-06-29.14:35:56::SCWMssOS::Checking the sw design at  D:/jh_workspace/0629_axi_spi_uart_timer_gpio/export/axi_system_wrapper/microblaze_0/standalone_microblaze_0/bsp/system.mss
TRACE::2026-06-29.14:35:56::SCWMssOS::DEBUG:  swdes dump  D:/jh_workspace/0629_axi_spi_uart_timer_gpio/export/axi_system_wrapper/microblaze_0/standalone_microblaze_0/bsp/system.mss|system||

TRACE::2026-06-29.14:35:56::SCWMssOS::Sw design exists and opened at  D:/jh_workspace/0629_axi_spi_uart_timer_gpio/export/axi_system_wrapper/microblaze_0/standalone_microblaze_0/bsp/system.mss
TRACE::2026-06-29.14:35:56::SCWMssOS::Saving the mss changes D:/jh_workspace/0629_axi_spi_uart_timer_gpio/export/axi_system_wrapper/microblaze_0/standalone_microblaze_0/bsp/system.mss
TRACE::2026-06-29.14:35:56::SCWMssOS::Found a swdesign opened with the mssfile.
TRACE::2026-06-29.14:35:56::SCWMssOS::Completed writemss as part of save.
TRACE::2026-06-29.14:35:56::SCWMssOS::Commit changes completed.
TRACE::2026-06-29.14:35:56::SCWPlatform::Trying to open the hw design at D:/jh_workspace/0629_axi_spi_uart_timer_gpio/export/axi_system_wrapper/hw/axi_system_wrapper.xsa
TRACE::2026-06-29.14:35:56::SCWPlatform::DSA given D:/jh_workspace/0629_axi_spi_uart_timer_gpio/export/axi_system_wrapper/hw/axi_system_wrapper.xsa
TRACE::2026-06-29.14:35:56::SCWPlatform::DSA absoulate path D:/jh_workspace/0629_axi_spi_uart_timer_gpio/export/axi_system_wrapper/hw/axi_system_wrapper.xsa
TRACE::2026-06-29.14:35:56::SCWPlatform::DSA directory D:/jh_workspace/0629_axi_spi_uart_timer_gpio/export/axi_system_wrapper/hw
TRACE::2026-06-29.14:35:56::SCWPlatform:: Platform Path D:/jh_workspace/0629_axi_spi_uart_timer_gpio/export/axi_system_wrapper/hw/axi_system_wrapper.xsa
TRACE::2026-06-29.14:35:56::SCWPlatform:: Unique name xilinx:basys3::0.0
TRACE::2026-06-29.14:35:56::SCWPlatform::Trying to set the existing hwdb with name axi_system_wrapper_0
TRACE::2026-06-29.14:35:56::SCWPlatform::Opened existing hwdb axi_system_wrapper_0
TRACE::2026-06-29.14:35:56::SCWPlatform::Found the Hw Db part of the input DSA
TRACE::2026-06-29.14:35:56::SCWMssOS::Checking the sw design at  D:/jh_workspace/0629_axi_spi_uart_timer_gpio/export/axi_system_wrapper/microblaze_0/standalone_microblaze_0/bsp/system.mss
TRACE::2026-06-29.14:35:56::SCWMssOS::DEBUG:  swdes dump  D:/jh_workspace/0629_axi_spi_uart_timer_gpio/export/axi_system_wrapper/microblaze_0/standalone_microblaze_0/bsp/system.mss|system||

TRACE::2026-06-29.14:35:56::SCWMssOS::Sw design exists and opened at  D:/jh_workspace/0629_axi_spi_uart_timer_gpio/export/axi_system_wrapper/microblaze_0/standalone_microblaze_0/bsp/system.mss
TRACE::2026-06-29.14:35:56::SCWPlatform::Trying to open the hw design at D:/jh_workspace/0629_axi_spi_uart_timer_gpio/export/axi_system_wrapper/hw/axi_system_wrapper.xsa
TRACE::2026-06-29.14:35:56::SCWPlatform::DSA given D:/jh_workspace/0629_axi_spi_uart_timer_gpio/export/axi_system_wrapper/hw/axi_system_wrapper.xsa
TRACE::2026-06-29.14:35:56::SCWPlatform::DSA absoulate path D:/jh_workspace/0629_axi_spi_uart_timer_gpio/export/axi_system_wrapper/hw/axi_system_wrapper.xsa
TRACE::2026-06-29.14:35:56::SCWPlatform::DSA directory D:/jh_workspace/0629_axi_spi_uart_timer_gpio/export/axi_system_wrapper/hw
TRACE::2026-06-29.14:35:56::SCWPlatform:: Platform Path D:/jh_workspace/0629_axi_spi_uart_timer_gpio/export/axi_system_wrapper/hw/axi_system_wrapper.xsa
TRACE::2026-06-29.14:35:56::SCWPlatform:: Unique name xilinx:basys3::0.0
TRACE::2026-06-29.14:35:56::SCWPlatform::Trying to set the existing hwdb with name axi_system_wrapper_0
TRACE::2026-06-29.14:35:56::SCWPlatform::Opened existing hwdb axi_system_wrapper_0
TRACE::2026-06-29.14:35:56::SCWPlatform::Found the Hw Db part of the input DSA
TRACE::2026-06-29.14:35:56::SCWMssOS::Checking the sw design at  D:/jh_workspace/0629_axi_spi_uart_timer_gpio/export/axi_system_wrapper/microblaze_0/standalone_microblaze_0/bsp/system.mss
TRACE::2026-06-29.14:35:56::SCWMssOS::DEBUG:  swdes dump  D:/jh_workspace/0629_axi_spi_uart_timer_gpio/export/axi_system_wrapper/microblaze_0/standalone_microblaze_0/bsp/system.mss|system||

TRACE::2026-06-29.14:35:56::SCWMssOS::Sw design exists and opened at  D:/jh_workspace/0629_axi_spi_uart_timer_gpio/export/axi_system_wrapper/microblaze_0/standalone_microblaze_0/bsp/system.mss
TRACE::2026-06-29.14:35:56::SCWPlatform::Trying to open the hw design at D:/jh_workspace/0629_axi_spi_uart_timer_gpio/export/axi_system_wrapper/hw/axi_system_wrapper.xsa
TRACE::2026-06-29.14:35:56::SCWPlatform::DSA given D:/jh_workspace/0629_axi_spi_uart_timer_gpio/export/axi_system_wrapper/hw/axi_system_wrapper.xsa
TRACE::2026-06-29.14:35:56::SCWPlatform::DSA absoulate path D:/jh_workspace/0629_axi_spi_uart_timer_gpio/export/axi_system_wrapper/hw/axi_system_wrapper.xsa
TRACE::2026-06-29.14:35:56::SCWPlatform::DSA directory D:/jh_workspace/0629_axi_spi_uart_timer_gpio/export/axi_system_wrapper/hw
TRACE::2026-06-29.14:35:56::SCWPlatform:: Platform Path D:/jh_workspace/0629_axi_spi_uart_timer_gpio/export/axi_system_wrapper/hw/axi_system_wrapper.xsa
TRACE::2026-06-29.14:35:56::SCWPlatform:: Unique name xilinx:basys3::0.0
TRACE::2026-06-29.14:35:56::SCWPlatform::Trying to set the existing hwdb with name axi_system_wrapper_0
TRACE::2026-06-29.14:35:56::SCWPlatform::Opened existing hwdb axi_system_wrapper_0
TRACE::2026-06-29.14:35:56::SCWPlatform::Found the Hw Db part of the input DSA
TRACE::2026-06-29.14:35:56::SCWMssOS::Checking the sw design at  D:/jh_workspace/0629_axi_spi_uart_timer_gpio/export/axi_system_wrapper/microblaze_0/standalone_microblaze_0/bsp/system.mss
TRACE::2026-06-29.14:35:56::SCWMssOS::DEBUG:  swdes dump  D:/jh_workspace/0629_axi_spi_uart_timer_gpio/export/axi_system_wrapper/microblaze_0/standalone_microblaze_0/bsp/system.mss|system||

TRACE::2026-06-29.14:35:56::SCWMssOS::Sw design exists and opened at  D:/jh_workspace/0629_axi_spi_uart_timer_gpio/export/axi_system_wrapper/microblaze_0/standalone_microblaze_0/bsp/system.mss
TRACE::2026-06-29.14:35:56::SCWWriter::formatted JSON is {
	"platformName":	"axi_system_wrapper",
	"sprVersion":	"2.0",
	"mode":	"gui",
	"dsaType":	"Fixed",
	"platformDesc":	"axi_system_wrapper",
	"platHandOff":	"<platformDir>.xsa",
	"platIntHandOff":	"<platformDir>/hw/axi_system_wrapper.xsa",
	"deviceType":	"FPGA",
	"platIsPrebuiltAutogen":	"false",
	"platIsNoBootBsp":	"false",
	"hasFsblMakeHasChanges":	"false",
	"hasPmufwMakeHasChanges":	"false",
	"platPreBuiltFlag":	false,
	"platformSamplesDir":	"",
	"platActiveSys":	"axi_system_wrapper",
	"systems":	[{
			"systemName":	"axi_system_wrapper",
			"systemDesc":	"axi_system_wrapper",
			"sysIsBootAutoGen":	"true",
			"systemDispName":	"axi_system_wrapper",
			"sysActiveDom":	"standalone_microblaze_0",
			"sysDefaultDom":	"standalone_microblaze_0",
			"domains":	[{
					"domainName":	"standalone_microblaze_0",
					"domainDispName":	"standalone_microblaze_0",
					"domainDesc":	"standalone_microblaze_0",
					"processors":	"microblaze_0",
					"os":	"standalone",
					"sdxOs":	"standalone",
					"debugEnable":	"False",
					"domRuntimes":	["cpp"],
					"swRepo":	"",
					"mssOsVer":	"7.3",
					"mssFile":	"",
					"md5Digest":	"21a57f7a7515368fc1c8ff5369e72780",
					"compatibleApp":	"empty_application",
					"domType":	"mssDomain",
					"arch":	"32-bit",
					"appSettings":	{
						"appCompilerFlags":	"",
						"appLinkerFlags":	""
					},
					"addedLibs":	[],
					"libOptions":	{
						"libsContainingOptions":	[]
					},
					"prebuiltLibs":	{
						"prebuiltIncPath":	[],
						"prebuiltLibPath":	[]
					},
					"isolation":	{
					}
				}]
		}]
}
TRACE::2026-06-29.14:35:56::SCWPlatform::Trying to open the hw design at D:/jh_workspace/0629_axi_spi_uart_timer_gpio/export/axi_system_wrapper/hw/axi_system_wrapper.xsa
TRACE::2026-06-29.14:35:56::SCWPlatform::DSA given D:/jh_workspace/0629_axi_spi_uart_timer_gpio/export/axi_system_wrapper/hw/axi_system_wrapper.xsa
TRACE::2026-06-29.14:35:56::SCWPlatform::DSA absoulate path D:/jh_workspace/0629_axi_spi_uart_timer_gpio/export/axi_system_wrapper/hw/axi_system_wrapper.xsa
TRACE::2026-06-29.14:35:56::SCWPlatform::DSA directory D:/jh_workspace/0629_axi_spi_uart_timer_gpio/export/axi_system_wrapper/hw
TRACE::2026-06-29.14:35:56::SCWPlatform:: Platform Path D:/jh_workspace/0629_axi_spi_uart_timer_gpio/export/axi_system_wrapper/hw/axi_system_wrapper.xsa
TRACE::2026-06-29.14:35:56::SCWPlatform:: Unique name xilinx:basys3::0.0
TRACE::2026-06-29.14:35:56::SCWPlatform::Trying to set the existing hwdb with name axi_system_wrapper_0
TRACE::2026-06-29.14:35:56::SCWPlatform::Opened existing hwdb axi_system_wrapper_0
TRACE::2026-06-29.14:35:56::SCWPlatform::Found the Hw Db part of the input DSA
TRACE::2026-06-29.14:35:56::SCWMssOS::Checking the sw design at  D:/jh_workspace/0629_axi_spi_uart_timer_gpio/export/axi_system_wrapper/microblaze_0/standalone_microblaze_0/bsp/system.mss
TRACE::2026-06-29.14:35:56::SCWMssOS::DEBUG:  swdes dump  D:/jh_workspace/0629_axi_spi_uart_timer_gpio/export/axi_system_wrapper/microblaze_0/standalone_microblaze_0/bsp/system.mss|system||

TRACE::2026-06-29.14:35:56::SCWMssOS::Sw design exists and opened at  D:/jh_workspace/0629_axi_spi_uart_timer_gpio/export/axi_system_wrapper/microblaze_0/standalone_microblaze_0/bsp/system.mss
TRACE::2026-06-29.14:35:56::SCWPlatform::Trying to open the hw design at D:/jh_workspace/0629_axi_spi_uart_timer_gpio/export/axi_system_wrapper/hw/axi_system_wrapper.xsa
TRACE::2026-06-29.14:35:56::SCWPlatform::DSA given D:/jh_workspace/0629_axi_spi_uart_timer_gpio/export/axi_system_wrapper/hw/axi_system_wrapper.xsa
TRACE::2026-06-29.14:35:56::SCWPlatform::DSA absoulate path D:/jh_workspace/0629_axi_spi_uart_timer_gpio/export/axi_system_wrapper/hw/axi_system_wrapper.xsa
TRACE::2026-06-29.14:35:56::SCWPlatform::DSA directory D:/jh_workspace/0629_axi_spi_uart_timer_gpio/export/axi_system_wrapper/hw
TRACE::2026-06-29.14:35:56::SCWPlatform:: Platform Path D:/jh_workspace/0629_axi_spi_uart_timer_gpio/export/axi_system_wrapper/hw/axi_system_wrapper.xsa
TRACE::2026-06-29.14:35:56::SCWPlatform:: Unique name xilinx:basys3::0.0
TRACE::2026-06-29.14:35:56::SCWPlatform::Trying to set the existing hwdb with name axi_system_wrapper_0
TRACE::2026-06-29.14:35:56::SCWPlatform::Opened existing hwdb axi_system_wrapper_0
TRACE::2026-06-29.14:35:56::SCWPlatform::Found the Hw Db part of the input DSA
TRACE::2026-06-29.14:35:56::SCWMssOS::Checking the sw design at  D:/jh_workspace/0629_axi_spi_uart_timer_gpio/export/axi_system_wrapper/microblaze_0/standalone_microblaze_0/bsp/system.mss
TRACE::2026-06-29.14:35:56::SCWMssOS::DEBUG:  swdes dump  D:/jh_workspace/0629_axi_spi_uart_timer_gpio/export/axi_system_wrapper/microblaze_0/standalone_microblaze_0/bsp/system.mss|system||

TRACE::2026-06-29.14:35:56::SCWMssOS::Sw design exists and opened at  D:/jh_workspace/0629_axi_spi_uart_timer_gpio/export/axi_system_wrapper/microblaze_0/standalone_microblaze_0/bsp/system.mss
TRACE::2026-06-29.14:35:56::SCWMssOS::Saving the mss changes D:/jh_workspace/0629_axi_spi_uart_timer_gpio/export/axi_system_wrapper/microblaze_0/standalone_microblaze_0/bsp/system.mss
TRACE::2026-06-29.14:35:56::SCWMssOS::Found a swdesign opened with the mssfile.
TRACE::2026-06-29.14:35:56::SCWMssOS::Completed writemss as part of save.
TRACE::2026-06-29.14:35:56::SCWMssOS::Commit changes completed.
TRACE::2026-06-29.14:35:56::SCWPlatform::Trying to open the hw design at D:/jh_workspace/0629_axi_spi_uart_timer_gpio/export/axi_system_wrapper/hw/axi_system_wrapper.xsa
TRACE::2026-06-29.14:35:56::SCWPlatform::DSA given D:/jh_workspace/0629_axi_spi_uart_timer_gpio/export/axi_system_wrapper/hw/axi_system_wrapper.xsa
TRACE::2026-06-29.14:35:56::SCWPlatform::DSA absoulate path D:/jh_workspace/0629_axi_spi_uart_timer_gpio/export/axi_system_wrapper/hw/axi_system_wrapper.xsa
TRACE::2026-06-29.14:35:56::SCWPlatform::DSA directory D:/jh_workspace/0629_axi_spi_uart_timer_gpio/export/axi_system_wrapper/hw
TRACE::2026-06-29.14:35:56::SCWPlatform:: Platform Path D:/jh_workspace/0629_axi_spi_uart_timer_gpio/export/axi_system_wrapper/hw/axi_system_wrapper.xsa
TRACE::2026-06-29.14:35:56::SCWPlatform:: Unique name xilinx:basys3::0.0
TRACE::2026-06-29.14:35:56::SCWPlatform::Trying to set the existing hwdb with name axi_system_wrapper_0
TRACE::2026-06-29.14:35:56::SCWPlatform::Opened existing hwdb axi_system_wrapper_0
TRACE::2026-06-29.14:35:56::SCWPlatform::Found the Hw Db part of the input DSA
TRACE::2026-06-29.14:35:56::SCWMssOS::Checking the sw design at  D:/jh_workspace/0629_axi_spi_uart_timer_gpio/export/axi_system_wrapper/microblaze_0/standalone_microblaze_0/bsp/system.mss
TRACE::2026-06-29.14:35:56::SCWMssOS::DEBUG:  swdes dump  D:/jh_workspace/0629_axi_spi_uart_timer_gpio/export/axi_system_wrapper/microblaze_0/standalone_microblaze_0/bsp/system.mss|system||

TRACE::2026-06-29.14:35:56::SCWMssOS::Sw design exists and opened at  D:/jh_workspace/0629_axi_spi_uart_timer_gpio/export/axi_system_wrapper/microblaze_0/standalone_microblaze_0/bsp/system.mss
TRACE::2026-06-29.14:35:56::SCWPlatform::Trying to open the hw design at D:/jh_workspace/0629_axi_spi_uart_timer_gpio/export/axi_system_wrapper/hw/axi_system_wrapper.xsa
TRACE::2026-06-29.14:35:56::SCWPlatform::DSA given D:/jh_workspace/0629_axi_spi_uart_timer_gpio/export/axi_system_wrapper/hw/axi_system_wrapper.xsa
TRACE::2026-06-29.14:35:56::SCWPlatform::DSA absoulate path D:/jh_workspace/0629_axi_spi_uart_timer_gpio/export/axi_system_wrapper/hw/axi_system_wrapper.xsa
TRACE::2026-06-29.14:35:56::SCWPlatform::DSA directory D:/jh_workspace/0629_axi_spi_uart_timer_gpio/export/axi_system_wrapper/hw
TRACE::2026-06-29.14:35:56::SCWPlatform:: Platform Path D:/jh_workspace/0629_axi_spi_uart_timer_gpio/export/axi_system_wrapper/hw/axi_system_wrapper.xsa
TRACE::2026-06-29.14:35:56::SCWPlatform:: Unique name xilinx:basys3::0.0
TRACE::2026-06-29.14:35:56::SCWPlatform::Trying to set the existing hwdb with name axi_system_wrapper_0
TRACE::2026-06-29.14:35:56::SCWPlatform::Opened existing hwdb axi_system_wrapper_0
TRACE::2026-06-29.14:35:56::SCWPlatform::Found the Hw Db part of the input DSA
TRACE::2026-06-29.14:35:56::SCWMssOS::Checking the sw design at  D:/jh_workspace/0629_axi_spi_uart_timer_gpio/export/axi_system_wrapper/microblaze_0/standalone_microblaze_0/bsp/system.mss
TRACE::2026-06-29.14:35:56::SCWMssOS::DEBUG:  swdes dump  D:/jh_workspace/0629_axi_spi_uart_timer_gpio/export/axi_system_wrapper/microblaze_0/standalone_microblaze_0/bsp/system.mss|system||

TRACE::2026-06-29.14:35:56::SCWMssOS::Sw design exists and opened at  D:/jh_workspace/0629_axi_spi_uart_timer_gpio/export/axi_system_wrapper/microblaze_0/standalone_microblaze_0/bsp/system.mss
TRACE::2026-06-29.14:35:56::SCWPlatform::Trying to open the hw design at D:/jh_workspace/0629_axi_spi_uart_timer_gpio/export/axi_system_wrapper/hw/axi_system_wrapper.xsa
TRACE::2026-06-29.14:35:56::SCWPlatform::DSA given D:/jh_workspace/0629_axi_spi_uart_timer_gpio/export/axi_system_wrapper/hw/axi_system_wrapper.xsa
TRACE::2026-06-29.14:35:56::SCWPlatform::DSA absoulate path D:/jh_workspace/0629_axi_spi_uart_timer_gpio/export/axi_system_wrapper/hw/axi_system_wrapper.xsa
TRACE::2026-06-29.14:35:56::SCWPlatform::DSA directory D:/jh_workspace/0629_axi_spi_uart_timer_gpio/export/axi_system_wrapper/hw
TRACE::2026-06-29.14:35:56::SCWPlatform:: Platform Path D:/jh_workspace/0629_axi_spi_uart_timer_gpio/export/axi_system_wrapper/hw/axi_system_wrapper.xsa
TRACE::2026-06-29.14:35:56::SCWPlatform:: Unique name xilinx:basys3::0.0
TRACE::2026-06-29.14:35:56::SCWPlatform::Trying to set the existing hwdb with name axi_system_wrapper_0
TRACE::2026-06-29.14:35:56::SCWPlatform::Opened existing hwdb axi_system_wrapper_0
TRACE::2026-06-29.14:35:56::SCWPlatform::Found the Hw Db part of the input DSA
TRACE::2026-06-29.14:35:56::SCWMssOS::Checking the sw design at  D:/jh_workspace/0629_axi_spi_uart_timer_gpio/export/axi_system_wrapper/microblaze_0/standalone_microblaze_0/bsp/system.mss
TRACE::2026-06-29.14:35:56::SCWMssOS::DEBUG:  swdes dump  D:/jh_workspace/0629_axi_spi_uart_timer_gpio/export/axi_system_wrapper/microblaze_0/standalone_microblaze_0/bsp/system.mss|system||

TRACE::2026-06-29.14:35:56::SCWMssOS::Sw design exists and opened at  D:/jh_workspace/0629_axi_spi_uart_timer_gpio/export/axi_system_wrapper/microblaze_0/standalone_microblaze_0/bsp/system.mss
TRACE::2026-06-29.14:35:56::SCWWriter::formatted JSON is {
	"platformName":	"axi_system_wrapper",
	"sprVersion":	"2.0",
	"mode":	"gui",
	"dsaType":	"Fixed",
	"platformDesc":	"axi_system_wrapper",
	"platHandOff":	"<platformDir>.xsa",
	"platIntHandOff":	"<platformDir>/hw/axi_system_wrapper.xsa",
	"deviceType":	"FPGA",
	"platIsPrebuiltAutogen":	"false",
	"platIsNoBootBsp":	"false",
	"hasFsblMakeHasChanges":	"false",
	"hasPmufwMakeHasChanges":	"false",
	"platPreBuiltFlag":	false,
	"platformSamplesDir":	"",
	"platActiveSys":	"axi_system_wrapper",
	"systems":	[{
			"systemName":	"axi_system_wrapper",
			"systemDesc":	"axi_system_wrapper",
			"sysIsBootAutoGen":	"true",
			"systemDispName":	"axi_system_wrapper",
			"sysActiveDom":	"standalone_microblaze_0",
			"sysDefaultDom":	"standalone_microblaze_0",
			"domains":	[{
					"domainName":	"standalone_microblaze_0",
					"domainDispName":	"standalone_microblaze_0",
					"domainDesc":	"standalone_microblaze_0",
					"processors":	"microblaze_0",
					"os":	"standalone",
					"sdxOs":	"standalone",
					"debugEnable":	"False",
					"domRuntimes":	["cpp"],
					"swRepo":	"",
					"mssOsVer":	"7.3",
					"mssFile":	"",
					"md5Digest":	"21a57f7a7515368fc1c8ff5369e72780",
					"compatibleApp":	"empty_application",
					"domType":	"mssDomain",
					"arch":	"32-bit",
					"appSettings":	{
						"appCompilerFlags":	"",
						"appLinkerFlags":	""
					},
					"addedLibs":	[],
					"libOptions":	{
						"libsContainingOptions":	[]
					},
					"prebuiltLibs":	{
						"prebuiltIncPath":	[],
						"prebuiltLibPath":	[]
					},
					"isolation":	{
					}
				}]
		}]
}
LOG::2026-06-29.14:35:56::SCWPlatform::Started generating the artifacts platform axi_system_wrapper
TRACE::2026-06-29.14:35:56::SCWPlatform::Sanity checking of platform is completed
LOG::2026-06-29.14:35:56::SCWPlatform::Started generating the artifacts for system configuration axi_system_wrapper
LOG::2026-06-29.14:35:56::SCWSystem::Started Processing the domain standalone_microblaze_0
TRACE::2026-06-29.14:35:56::SCWDomain::Generating domain artifcats
TRACE::2026-06-29.14:35:56::SCWMssOS::Generating standalone artifcats
TRACE::2026-06-29.14:35:56::SCWMssOS:: Copying the user libraries. 
TRACE::2026-06-29.14:35:56::SCWPlatform::Trying to open the hw design at D:/jh_workspace/0629_axi_spi_uart_timer_gpio/export/axi_system_wrapper/hw/axi_system_wrapper.xsa
TRACE::2026-06-29.14:35:56::SCWPlatform::DSA given D:/jh_workspace/0629_axi_spi_uart_timer_gpio/export/axi_system_wrapper/hw/axi_system_wrapper.xsa
TRACE::2026-06-29.14:35:56::SCWPlatform::DSA absoulate path D:/jh_workspace/0629_axi_spi_uart_timer_gpio/export/axi_system_wrapper/hw/axi_system_wrapper.xsa
TRACE::2026-06-29.14:35:56::SCWPlatform::DSA directory D:/jh_workspace/0629_axi_spi_uart_timer_gpio/export/axi_system_wrapper/hw
TRACE::2026-06-29.14:35:56::SCWPlatform:: Platform Path D:/jh_workspace/0629_axi_spi_uart_timer_gpio/export/axi_system_wrapper/hw/axi_system_wrapper.xsa
TRACE::2026-06-29.14:35:56::SCWPlatform:: Unique name xilinx:basys3::0.0
TRACE::2026-06-29.14:35:56::SCWPlatform::Trying to set the existing hwdb with name axi_system_wrapper_0
TRACE::2026-06-29.14:35:56::SCWPlatform::Opened existing hwdb axi_system_wrapper_0
TRACE::2026-06-29.14:35:56::SCWPlatform::Found the Hw Db part of the input DSA
TRACE::2026-06-29.14:35:56::SCWMssOS::Checking the sw design at  D:/jh_workspace/0629_axi_spi_uart_timer_gpio/export/axi_system_wrapper/microblaze_0/standalone_microblaze_0/bsp/system.mss
TRACE::2026-06-29.14:35:56::SCWMssOS::DEBUG:  swdes dump  D:/jh_workspace/0629_axi_spi_uart_timer_gpio/export/axi_system_wrapper/microblaze_0/standalone_microblaze_0/bsp/system.mss|system||

TRACE::2026-06-29.14:35:56::SCWMssOS::Sw design exists and opened at  D:/jh_workspace/0629_axi_spi_uart_timer_gpio/export/axi_system_wrapper/microblaze_0/standalone_microblaze_0/bsp/system.mss
TRACE::2026-06-29.14:35:56::SCWMssOS::Completed writing the mss file at D:/jh_workspace/0629_axi_spi_uart_timer_gpio/export/axi_system_wrapper/microblaze_0/standalone_microblaze_0/bsp
TRACE::2026-06-29.14:35:56::SCWMssOS::Mss edits present, copying mssfile into export location D:/jh_workspace/0629_axi_spi_uart_timer_gpio/export/axi_system_wrapper/microblaze_0/standalone_microblaze_0/bsp/system.mss
TRACE::2026-06-29.14:35:56::SCWMssOS::bsp generated is upto date with the mss file. Skipping bsp generation.
TRACE::2026-06-29.14:35:56::SCWMssOS::BSP is already built. skipping the bsp build ... 
TRACE::2026-06-29.14:35:56::SCWDomain::Building the domain as part of full build :  standalone_microblaze_0
TRACE::2026-06-29.14:35:56::SCWMssOS::skipping the bsp build ... 
TRACE::2026-06-29.14:35:56::SCWMssOS::Copying to export directory.
TRACE::2026-06-29.14:35:56::SCWMssOS:: Checking if to create the Supporting Applications
TRACE::2026-06-29.14:35:56::SCWMssOS:: No Linux domain exists, trying to generate FSBL 
LOG::2026-06-29.14:35:56::SCWSystem::Completed Processing the domain standalone_microblaze_0
LOG::2026-06-29.14:35:56::SCWSystem::Completed Processing the sysconfig axi_system_wrapper
LOG::2026-06-29.14:35:56::SCWPlatform::Completed generating the artifacts for system configuration axi_system_wrapper
TRACE::2026-06-29.14:35:56::SCWPlatform::Started preparing the platform 
TRACE::2026-06-29.14:35:56::SCWSystem::Writing the bif file for system config axi_system_wrapper
TRACE::2026-06-29.14:35:56::SCWSystem::dir created 
TRACE::2026-06-29.14:35:56::SCWSystem::Writing the bif 
TRACE::2026-06-29.14:35:56::SCWPlatform::Started writing the spfm file 
TRACE::2026-06-29.14:35:56::SCWPlatform::Started writing the xpfm file 
TRACE::2026-06-29.14:35:56::SCWPlatform::Completed generating the platform
TRACE::2026-06-29.14:35:56::SCWMssOS::Saving the mss changes D:/jh_workspace/0629_axi_spi_uart_timer_gpio/export/axi_system_wrapper/microblaze_0/standalone_microblaze_0/bsp/system.mss
TRACE::2026-06-29.14:35:56::SCWMssOS::Found a swdesign opened with the mssfile.
TRACE::2026-06-29.14:35:56::SCWMssOS::Completed writemss as part of save.
TRACE::2026-06-29.14:35:56::SCWMssOS::Commit changes completed.
TRACE::2026-06-29.14:35:56::SCWPlatform::Trying to open the hw design at D:/jh_workspace/0629_axi_spi_uart_timer_gpio/export/axi_system_wrapper/hw/axi_system_wrapper.xsa
TRACE::2026-06-29.14:35:56::SCWPlatform::DSA given D:/jh_workspace/0629_axi_spi_uart_timer_gpio/export/axi_system_wrapper/hw/axi_system_wrapper.xsa
TRACE::2026-06-29.14:35:56::SCWPlatform::DSA absoulate path D:/jh_workspace/0629_axi_spi_uart_timer_gpio/export/axi_system_wrapper/hw/axi_system_wrapper.xsa
TRACE::2026-06-29.14:35:56::SCWPlatform::DSA directory D:/jh_workspace/0629_axi_spi_uart_timer_gpio/export/axi_system_wrapper/hw
TRACE::2026-06-29.14:35:56::SCWPlatform:: Platform Path D:/jh_workspace/0629_axi_spi_uart_timer_gpio/export/axi_system_wrapper/hw/axi_system_wrapper.xsa
TRACE::2026-06-29.14:35:56::SCWPlatform:: Unique name xilinx:basys3::0.0
TRACE::2026-06-29.14:35:56::SCWPlatform::Trying to set the existing hwdb with name axi_system_wrapper_0
TRACE::2026-06-29.14:35:56::SCWPlatform::Opened existing hwdb axi_system_wrapper_0
TRACE::2026-06-29.14:35:56::SCWPlatform::Found the Hw Db part of the input DSA
TRACE::2026-06-29.14:35:56::SCWMssOS::Checking the sw design at  D:/jh_workspace/0629_axi_spi_uart_timer_gpio/export/axi_system_wrapper/microblaze_0/standalone_microblaze_0/bsp/system.mss
TRACE::2026-06-29.14:35:56::SCWMssOS::DEBUG:  swdes dump  D:/jh_workspace/0629_axi_spi_uart_timer_gpio/export/axi_system_wrapper/microblaze_0/standalone_microblaze_0/bsp/system.mss|system||

TRACE::2026-06-29.14:35:56::SCWMssOS::Sw design exists and opened at  D:/jh_workspace/0629_axi_spi_uart_timer_gpio/export/axi_system_wrapper/microblaze_0/standalone_microblaze_0/bsp/system.mss
TRACE::2026-06-29.14:35:56::SCWPlatform::Trying to open the hw design at D:/jh_workspace/0629_axi_spi_uart_timer_gpio/export/axi_system_wrapper/hw/axi_system_wrapper.xsa
TRACE::2026-06-29.14:35:56::SCWPlatform::DSA given D:/jh_workspace/0629_axi_spi_uart_timer_gpio/export/axi_system_wrapper/hw/axi_system_wrapper.xsa
TRACE::2026-06-29.14:35:56::SCWPlatform::DSA absoulate path D:/jh_workspace/0629_axi_spi_uart_timer_gpio/export/axi_system_wrapper/hw/axi_system_wrapper.xsa
TRACE::2026-06-29.14:35:56::SCWPlatform::DSA directory D:/jh_workspace/0629_axi_spi_uart_timer_gpio/export/axi_system_wrapper/hw
TRACE::2026-06-29.14:35:56::SCWPlatform:: Platform Path D:/jh_workspace/0629_axi_spi_uart_timer_gpio/export/axi_system_wrapper/hw/axi_system_wrapper.xsa
TRACE::2026-06-29.14:35:56::SCWPlatform:: Unique name xilinx:basys3::0.0
TRACE::2026-06-29.14:35:56::SCWPlatform::Trying to set the existing hwdb with name axi_system_wrapper_0
TRACE::2026-06-29.14:35:56::SCWPlatform::Opened existing hwdb axi_system_wrapper_0
TRACE::2026-06-29.14:35:56::SCWPlatform::Found the Hw Db part of the input DSA
TRACE::2026-06-29.14:35:56::SCWMssOS::Checking the sw design at  D:/jh_workspace/0629_axi_spi_uart_timer_gpio/export/axi_system_wrapper/microblaze_0/standalone_microblaze_0/bsp/system.mss
TRACE::2026-06-29.14:35:56::SCWMssOS::DEBUG:  swdes dump  D:/jh_workspace/0629_axi_spi_uart_timer_gpio/export/axi_system_wrapper/microblaze_0/standalone_microblaze_0/bsp/system.mss|system||

TRACE::2026-06-29.14:35:56::SCWMssOS::Sw design exists and opened at  D:/jh_workspace/0629_axi_spi_uart_timer_gpio/export/axi_system_wrapper/microblaze_0/standalone_microblaze_0/bsp/system.mss
TRACE::2026-06-29.14:35:56::SCWPlatform::Trying to open the hw design at D:/jh_workspace/0629_axi_spi_uart_timer_gpio/export/axi_system_wrapper/hw/axi_system_wrapper.xsa
TRACE::2026-06-29.14:35:56::SCWPlatform::DSA given D:/jh_workspace/0629_axi_spi_uart_timer_gpio/export/axi_system_wrapper/hw/axi_system_wrapper.xsa
TRACE::2026-06-29.14:35:56::SCWPlatform::DSA absoulate path D:/jh_workspace/0629_axi_spi_uart_timer_gpio/export/axi_system_wrapper/hw/axi_system_wrapper.xsa
TRACE::2026-06-29.14:35:56::SCWPlatform::DSA directory D:/jh_workspace/0629_axi_spi_uart_timer_gpio/export/axi_system_wrapper/hw
TRACE::2026-06-29.14:35:57::SCWPlatform:: Platform Path D:/jh_workspace/0629_axi_spi_uart_timer_gpio/export/axi_system_wrapper/hw/axi_system_wrapper.xsa
TRACE::2026-06-29.14:35:57::SCWPlatform:: Unique name xilinx:basys3::0.0
TRACE::2026-06-29.14:35:57::SCWPlatform::Trying to set the existing hwdb with name axi_system_wrapper_0
TRACE::2026-06-29.14:35:57::SCWPlatform::Opened existing hwdb axi_system_wrapper_0
TRACE::2026-06-29.14:35:57::SCWPlatform::Found the Hw Db part of the input DSA
TRACE::2026-06-29.14:35:57::SCWMssOS::Checking the sw design at  D:/jh_workspace/0629_axi_spi_uart_timer_gpio/export/axi_system_wrapper/microblaze_0/standalone_microblaze_0/bsp/system.mss
TRACE::2026-06-29.14:35:57::SCWMssOS::DEBUG:  swdes dump  D:/jh_workspace/0629_axi_spi_uart_timer_gpio/export/axi_system_wrapper/microblaze_0/standalone_microblaze_0/bsp/system.mss|system||

TRACE::2026-06-29.14:35:57::SCWMssOS::Sw design exists and opened at  D:/jh_workspace/0629_axi_spi_uart_timer_gpio/export/axi_system_wrapper/microblaze_0/standalone_microblaze_0/bsp/system.mss
TRACE::2026-06-29.14:35:57::SCWWriter::formatted JSON is {
	"platformName":	"axi_system_wrapper",
	"sprVersion":	"2.0",
	"mode":	"gui",
	"dsaType":	"Fixed",
	"platformDesc":	"axi_system_wrapper",
	"platHandOff":	"<platformDir>.xsa",
	"platIntHandOff":	"<platformDir>/hw/axi_system_wrapper.xsa",
	"deviceType":	"FPGA",
	"platIsPrebuiltAutogen":	"false",
	"platIsNoBootBsp":	"false",
	"hasFsblMakeHasChanges":	"false",
	"hasPmufwMakeHasChanges":	"false",
	"platPreBuiltFlag":	false,
	"platformSamplesDir":	"",
	"platActiveSys":	"axi_system_wrapper",
	"systems":	[{
			"systemName":	"axi_system_wrapper",
			"systemDesc":	"axi_system_wrapper",
			"sysIsBootAutoGen":	"true",
			"systemDispName":	"axi_system_wrapper",
			"sysActiveDom":	"standalone_microblaze_0",
			"sysDefaultDom":	"standalone_microblaze_0",
			"domains":	[{
					"domainName":	"standalone_microblaze_0",
					"domainDispName":	"standalone_microblaze_0",
					"domainDesc":	"standalone_microblaze_0",
					"processors":	"microblaze_0",
					"os":	"standalone",
					"sdxOs":	"standalone",
					"debugEnable":	"False",
					"domRuntimes":	["cpp"],
					"swRepo":	"",
					"mssOsVer":	"7.3",
					"mssFile":	"",
					"md5Digest":	"21a57f7a7515368fc1c8ff5369e72780",
					"compatibleApp":	"empty_application",
					"domType":	"mssDomain",
					"arch":	"32-bit",
					"appSettings":	{
						"appCompilerFlags":	"",
						"appLinkerFlags":	""
					},
					"addedLibs":	[],
					"libOptions":	{
						"libsContainingOptions":	[]
					},
					"prebuiltLibs":	{
						"prebuiltIncPath":	[],
						"prebuiltLibPath":	[]
					},
					"isolation":	{
					}
				}]
		}]
}
KEYINFO::2026-06-29.14:35:57::SCWPlatform::updated the xpfm file.
LOG::2026-06-29.14:37:58::SCWPlatform::Started generating the artifacts platform axi_system_wrapper
TRACE::2026-06-29.14:37:58::SCWPlatform::Sanity checking of platform is completed
LOG::2026-06-29.14:37:58::SCWPlatform::Started generating the artifacts for system configuration axi_system_wrapper
LOG::2026-06-29.14:37:58::SCWSystem::Checking the domain standalone_microblaze_0
LOG::2026-06-29.14:37:58::SCWSystem::Not a boot domain 
LOG::2026-06-29.14:37:58::SCWSystem::Started Processing the domain standalone_microblaze_0
TRACE::2026-06-29.14:37:58::SCWDomain::Generating domain artifcats
TRACE::2026-06-29.14:37:58::SCWMssOS::Generating standalone artifcats
TRACE::2026-06-29.14:37:58::SCWMssOS:: Copying the user libraries. 
TRACE::2026-06-29.14:37:58::SCWPlatform::Trying to open the hw design at D:/jh_workspace/0629_axi_spi_uart_timer_gpio/export/axi_system_wrapper/hw/axi_system_wrapper.xsa
TRACE::2026-06-29.14:37:58::SCWPlatform::DSA given D:/jh_workspace/0629_axi_spi_uart_timer_gpio/export/axi_system_wrapper/hw/axi_system_wrapper.xsa
TRACE::2026-06-29.14:37:58::SCWPlatform::DSA absoulate path D:/jh_workspace/0629_axi_spi_uart_timer_gpio/export/axi_system_wrapper/hw/axi_system_wrapper.xsa
TRACE::2026-06-29.14:37:58::SCWPlatform::DSA directory D:/jh_workspace/0629_axi_spi_uart_timer_gpio/export/axi_system_wrapper/hw
TRACE::2026-06-29.14:37:58::SCWPlatform:: Platform Path D:/jh_workspace/0629_axi_spi_uart_timer_gpio/export/axi_system_wrapper/hw/axi_system_wrapper.xsa
TRACE::2026-06-29.14:37:58::SCWPlatform:: Unique name xilinx:basys3::0.0
TRACE::2026-06-29.14:37:58::SCWPlatform::Trying to set the existing hwdb with name axi_system_wrapper_0
TRACE::2026-06-29.14:37:58::SCWPlatform::Opened existing hwdb axi_system_wrapper_0
TRACE::2026-06-29.14:37:58::SCWPlatform::Found the Hw Db part of the input DSA
TRACE::2026-06-29.14:37:58::SCWMssOS::Checking the sw design at  D:/jh_workspace/0629_axi_spi_uart_timer_gpio/export/axi_system_wrapper/microblaze_0/standalone_microblaze_0/bsp/system.mss
TRACE::2026-06-29.14:37:58::SCWMssOS::DEBUG:  swdes dump  D:/jh_workspace/0629_axi_spi_uart_timer_gpio/export/axi_system_wrapper/microblaze_0/standalone_microblaze_0/bsp/system.mss|system||

TRACE::2026-06-29.14:37:58::SCWMssOS::Sw design exists and opened at  D:/jh_workspace/0629_axi_spi_uart_timer_gpio/export/axi_system_wrapper/microblaze_0/standalone_microblaze_0/bsp/system.mss
TRACE::2026-06-29.14:37:58::SCWMssOS::Completed writing the mss file at D:/jh_workspace/0629_axi_spi_uart_timer_gpio/export/axi_system_wrapper/microblaze_0/standalone_microblaze_0/bsp
TRACE::2026-06-29.14:37:58::SCWMssOS::Mss edits present, copying mssfile into export location D:/jh_workspace/0629_axi_spi_uart_timer_gpio/export/axi_system_wrapper/microblaze_0/standalone_microblaze_0/bsp/system.mss
TRACE::2026-06-29.14:37:58::SCWMssOS::bsp generated is upto date with the mss file. Skipping bsp generation.
TRACE::2026-06-29.14:37:58::SCWMssOS::BSP is already built. skipping the bsp build ... 
TRACE::2026-06-29.14:37:58::SCWDomain::Building the domain as part of full build :  standalone_microblaze_0
TRACE::2026-06-29.14:37:58::SCWMssOS::doing bsp build ... 
TRACE::2026-06-29.14:37:58::SCWMssOS::System Command Ran  D: & cd  D:/jh_workspace/0629_axi_spi_uart_timer_gpio/export/axi_system_wrapper/microblaze_0/standalone_microblaze_0/bsp & make 
TRACE::2026-06-29.14:37:58::SCWMssOS::make --no-print-directory seq_libs

TRACE::2026-06-29.14:37:58::SCWMssOS::"Running Make include in microblaze_0/libsrc/bram_v4_5/src"

TRACE::2026-06-29.14:37:58::SCWMssOS::make -C microblaze_0/libsrc/bram_v4_5/src -s include  "SHELL=CMD" "COMPILER=mb-gcc" "ASSEMBLER=mb-as" "ARCHIVER=mb-ar" "COMPILE
TRACE::2026-06-29.14:37:58::SCWMssOS::R_FLAGS=  -O2 -c -mcpu=v11.0 -mlittle-endian -mxl-soft-mul" "EXTRA_COMPILER_FLAGS=-g -ffunction-sections -fdata-sections -Wall 
TRACE::2026-06-29.14:37:58::SCWMssOS::-Wextra"

TRACE::2026-06-29.14:37:58::SCWMssOS::"Running Make include in microblaze_0/libsrc/cpu_v2_12/src"

TRACE::2026-06-29.14:37:58::SCWMssOS::make -C microblaze_0/libsrc/cpu_v2_12/src -s include  "SHELL=CMD" "COMPILER=mb-gcc" "ASSEMBLER=mb-as" "ARCHIVER=mb-ar" "COMPILE
TRACE::2026-06-29.14:37:58::SCWMssOS::R_FLAGS=  -O2 -c -mcpu=v11.0 -mlittle-endian -mxl-soft-mul" "EXTRA_COMPILER_FLAGS=-g -ffunction-sections -fdata-sections -Wall 
TRACE::2026-06-29.14:37:58::SCWMssOS::-Wextra"

TRACE::2026-06-29.14:37:58::SCWMssOS::"Running Make include in microblaze_0/libsrc/gpio_v1_0/src"

TRACE::2026-06-29.14:37:58::SCWMssOS::make -C microblaze_0/libsrc/gpio_v1_0/src -s include  "SHELL=CMD" "COMPILER=mb-gcc" "ASSEMBLER=mb-as" "ARCHIVER=mb-ar" "COMPILE
TRACE::2026-06-29.14:37:58::SCWMssOS::R_FLAGS=  -O2 -c -mcpu=v11.0 -mlittle-endian -mxl-soft-mul" "EXTRA_COMPILER_FLAGS=-g -ffunction-sections -fdata-sections -Wall 
TRACE::2026-06-29.14:37:58::SCWMssOS::-Wextra"

TRACE::2026-06-29.14:37:58::SCWMssOS::"Running Make include in microblaze_0/libsrc/intc_v3_12/src"

TRACE::2026-06-29.14:37:58::SCWMssOS::make -C microblaze_0/libsrc/intc_v3_12/src -s include  "SHELL=CMD" "COMPILER=mb-gcc" "ASSEMBLER=mb-as" "ARCHIVER=mb-ar" "COMPIL
TRACE::2026-06-29.14:37:58::SCWMssOS::ER_FLAGS=  -O2 -c -mcpu=v11.0 -mlittle-endian -mxl-soft-mul" "EXTRA_COMPILER_FLAGS=-g -ffunction-sections -fdata-sections -Wall
TRACE::2026-06-29.14:37:58::SCWMssOS:: -Wextra"

TRACE::2026-06-29.14:37:58::SCWMssOS::"Running Make include in microblaze_0/libsrc/spi_axi_v1_0/src"

TRACE::2026-06-29.14:37:58::SCWMssOS::make -C microblaze_0/libsrc/spi_axi_v1_0/src -s include  "SHELL=CMD" "COMPILER=mb-gcc" "ASSEMBLER=mb-as" "ARCHIVER=mb-ar" "COMP
TRACE::2026-06-29.14:37:58::SCWMssOS::ILER_FLAGS=  -O2 -c -mcpu=v11.0 -mlittle-endian -mxl-soft-mul" "EXTRA_COMPILER_FLAGS=-g -ffunction-sections -fdata-sections -Wa
TRACE::2026-06-29.14:37:58::SCWMssOS::ll -Wextra"

TRACE::2026-06-29.14:37:58::SCWMssOS::"Running Make include in microblaze_0/libsrc/standalone_v7_3/src"

TRACE::2026-06-29.14:37:58::SCWMssOS::make -C microblaze_0/libsrc/standalone_v7_3/src -s include  "SHELL=CMD" "COMPILER=mb-gcc" "ASSEMBLER=mb-as" "ARCHIVER=mb-ar" "C
TRACE::2026-06-29.14:37:58::SCWMssOS::OMPILER_FLAGS=  -O2 -c -mcpu=v11.0 -mlittle-endian -mxl-soft-mul" "EXTRA_COMPILER_FLAGS=-g -ffunction-sections -fdata-sections 
TRACE::2026-06-29.14:37:58::SCWMssOS::-Wall -Wextra"

TRACE::2026-06-29.14:37:59::SCWMssOS::"Running Make include in microblaze_0/libsrc/timer_two_v1_0/src"

TRACE::2026-06-29.14:37:59::SCWMssOS::make -C microblaze_0/libsrc/timer_two_v1_0/src -s include  "SHELL=CMD" "COMPILER=mb-gcc" "ASSEMBLER=mb-as" "ARCHIVER=mb-ar" "CO
TRACE::2026-06-29.14:37:59::SCWMssOS::MPILER_FLAGS=  -O2 -c -mcpu=v11.0 -mlittle-endian -mxl-soft-mul" "EXTRA_COMPILER_FLAGS=-g -ffunction-sections -fdata-sections -
TRACE::2026-06-29.14:37:59::SCWMssOS::Wall -Wextra"

TRACE::2026-06-29.14:37:59::SCWMssOS::"Running Make include in microblaze_0/libsrc/uart_two_v1_0/src"

TRACE::2026-06-29.14:37:59::SCWMssOS::make -C microblaze_0/libsrc/uart_two_v1_0/src -s include  "SHELL=CMD" "COMPILER=mb-gcc" "ASSEMBLER=mb-as" "ARCHIVER=mb-ar" "COM
TRACE::2026-06-29.14:37:59::SCWMssOS::PILER_FLAGS=  -O2 -c -mcpu=v11.0 -mlittle-endian -mxl-soft-mul" "EXTRA_COMPILER_FLAGS=-g -ffunction-sections -fdata-sections -W
TRACE::2026-06-29.14:37:59::SCWMssOS::all -Wextra"

TRACE::2026-06-29.14:37:59::SCWMssOS::"Running Make libs in microblaze_0/libsrc/gpio_v1_0/src"

TRACE::2026-06-29.14:37:59::SCWMssOS::make -C microblaze_0/libsrc/gpio_v1_0/src -s libs  "SHELL=CMD" "COMPILER=mb-gcc" "ASSEMBLER=mb-as" "ARCHIVER=mb-ar" "COMPILER_F
TRACE::2026-06-29.14:37:59::SCWMssOS::LAGS=  -O2 -c -mcpu=v11.0 -mlittle-endian -mxl-soft-mul" "EXTRA_COMPILER_FLAGS=-g -ffunction-sections -fdata-sections -Wall -We
TRACE::2026-06-29.14:37:59::SCWMssOS::xtra"

TRACE::2026-06-29.14:37:59::SCWMssOS::"Compiling gpio..."

TRACE::2026-06-29.14:38:00::SCWMssOS::"Running Make libs in microblaze_0/libsrc/spi_axi_v1_0/src"

TRACE::2026-06-29.14:38:00::SCWMssOS::make -C microblaze_0/libsrc/spi_axi_v1_0/src -s libs  "SHELL=CMD" "COMPILER=mb-gcc" "ASSEMBLER=mb-as" "ARCHIVER=mb-ar" "COMPILE
TRACE::2026-06-29.14:38:00::SCWMssOS::R_FLAGS=  -O2 -c -mcpu=v11.0 -mlittle-endian -mxl-soft-mul" "EXTRA_COMPILER_FLAGS=-g -ffunction-sections -fdata-sections -Wall 
TRACE::2026-06-29.14:38:00::SCWMssOS::-Wextra"

TRACE::2026-06-29.14:38:00::SCWMssOS::"Compiling spi_axi..."

ERROR::2026-06-29.14:38:00::SCWMssOS::Failed to build  the bsp sources for domain - standalone_microblaze_0
ERROR::2026-06-29.14:38:00::SCWSystem::Error in Processing the domain standalone_microblaze_0
LOG::2026-06-29.14:41:21::SCWPlatform::Started generating the artifacts platform axi_system_wrapper
TRACE::2026-06-29.14:41:21::SCWPlatform::Sanity checking of platform is completed
LOG::2026-06-29.14:41:21::SCWPlatform::Started generating the artifacts for system configuration axi_system_wrapper
LOG::2026-06-29.14:41:21::SCWSystem::Checking the domain standalone_microblaze_0
LOG::2026-06-29.14:41:21::SCWSystem::Not a boot domain 
LOG::2026-06-29.14:41:21::SCWSystem::Started Processing the domain standalone_microblaze_0
TRACE::2026-06-29.14:41:21::SCWDomain::Generating domain artifcats
TRACE::2026-06-29.14:41:21::SCWMssOS::Generating standalone artifcats
TRACE::2026-06-29.14:41:21::SCWMssOS:: Copying the user libraries. 
TRACE::2026-06-29.14:41:21::SCWPlatform::Trying to open the hw design at D:/jh_workspace/0629_axi_spi_uart_timer_gpio/export/axi_system_wrapper/hw/axi_system_wrapper.xsa
TRACE::2026-06-29.14:41:21::SCWPlatform::DSA given D:/jh_workspace/0629_axi_spi_uart_timer_gpio/export/axi_system_wrapper/hw/axi_system_wrapper.xsa
TRACE::2026-06-29.14:41:21::SCWPlatform::DSA absoulate path D:/jh_workspace/0629_axi_spi_uart_timer_gpio/export/axi_system_wrapper/hw/axi_system_wrapper.xsa
TRACE::2026-06-29.14:41:21::SCWPlatform::DSA directory D:/jh_workspace/0629_axi_spi_uart_timer_gpio/export/axi_system_wrapper/hw
TRACE::2026-06-29.14:41:21::SCWPlatform:: Platform Path D:/jh_workspace/0629_axi_spi_uart_timer_gpio/export/axi_system_wrapper/hw/axi_system_wrapper.xsa
TRACE::2026-06-29.14:41:21::SCWPlatform:: Unique name xilinx:basys3::0.0
TRACE::2026-06-29.14:41:21::SCWPlatform::Trying to set the existing hwdb with name axi_system_wrapper_0
TRACE::2026-06-29.14:41:21::SCWPlatform::Opened existing hwdb axi_system_wrapper_0
TRACE::2026-06-29.14:41:21::SCWPlatform::Found the Hw Db part of the input DSA
TRACE::2026-06-29.14:41:21::SCWMssOS::Checking the sw design at  D:/jh_workspace/0629_axi_spi_uart_timer_gpio/export/axi_system_wrapper/microblaze_0/standalone_microblaze_0/bsp/system.mss
TRACE::2026-06-29.14:41:21::SCWMssOS::DEBUG:  swdes dump  D:/jh_workspace/0629_axi_spi_uart_timer_gpio/export/axi_system_wrapper/microblaze_0/standalone_microblaze_0/bsp/system.mss|system||

TRACE::2026-06-29.14:41:21::SCWMssOS::Sw design exists and opened at  D:/jh_workspace/0629_axi_spi_uart_timer_gpio/export/axi_system_wrapper/microblaze_0/standalone_microblaze_0/bsp/system.mss
TRACE::2026-06-29.14:41:21::SCWMssOS::Completed writing the mss file at D:/jh_workspace/0629_axi_spi_uart_timer_gpio/export/axi_system_wrapper/microblaze_0/standalone_microblaze_0/bsp
TRACE::2026-06-29.14:41:21::SCWMssOS::Mss edits present, copying mssfile into export location D:/jh_workspace/0629_axi_spi_uart_timer_gpio/export/axi_system_wrapper/microblaze_0/standalone_microblaze_0/bsp/system.mss
TRACE::2026-06-29.14:41:21::SCWMssOS::bsp generated is upto date with the mss file. Skipping bsp generation.
TRACE::2026-06-29.14:41:21::SCWMssOS::BSP is already built. skipping the bsp build ... 
TRACE::2026-06-29.14:41:21::SCWDomain::Building the domain as part of full build :  standalone_microblaze_0
TRACE::2026-06-29.14:41:21::SCWMssOS::doing bsp build ... 
TRACE::2026-06-29.14:41:21::SCWMssOS::System Command Ran  D: & cd  D:/jh_workspace/0629_axi_spi_uart_timer_gpio/export/axi_system_wrapper/microblaze_0/standalone_microblaze_0/bsp & make 
TRACE::2026-06-29.14:41:21::SCWMssOS::make --no-print-directory seq_libs

TRACE::2026-06-29.14:41:21::SCWMssOS::"Running Make include in microblaze_0/libsrc/bram_v4_5/src"

TRACE::2026-06-29.14:41:21::SCWMssOS::make -C microblaze_0/libsrc/bram_v4_5/src -s include  "SHELL=CMD" "COMPILER=mb-gcc" "ASSEMBLER=mb-as" "ARCHIVER=mb-ar" "COMPILE
TRACE::2026-06-29.14:41:21::SCWMssOS::R_FLAGS=  -O2 -c -mcpu=v11.0 -mlittle-endian -mxl-soft-mul" "EXTRA_COMPILER_FLAGS=-g -ffunction-sections -fdata-sections -Wall 
TRACE::2026-06-29.14:41:21::SCWMssOS::-Wextra"

TRACE::2026-06-29.14:41:21::SCWMssOS::"Running Make include in microblaze_0/libsrc/cpu_v2_12/src"

TRACE::2026-06-29.14:41:21::SCWMssOS::make -C microblaze_0/libsrc/cpu_v2_12/src -s include  "SHELL=CMD" "COMPILER=mb-gcc" "ASSEMBLER=mb-as" "ARCHIVER=mb-ar" "COMPILE
TRACE::2026-06-29.14:41:21::SCWMssOS::R_FLAGS=  -O2 -c -mcpu=v11.0 -mlittle-endian -mxl-soft-mul" "EXTRA_COMPILER_FLAGS=-g -ffunction-sections -fdata-sections -Wall 
TRACE::2026-06-29.14:41:21::SCWMssOS::-Wextra"

TRACE::2026-06-29.14:41:21::SCWMssOS::"Running Make include in microblaze_0/libsrc/gpio_v1_0/src"

TRACE::2026-06-29.14:41:21::SCWMssOS::make -C microblaze_0/libsrc/gpio_v1_0/src -s include  "SHELL=CMD" "COMPILER=mb-gcc" "ASSEMBLER=mb-as" "ARCHIVER=mb-ar" "COMPILE
TRACE::2026-06-29.14:41:21::SCWMssOS::R_FLAGS=  -O2 -c -mcpu=v11.0 -mlittle-endian -mxl-soft-mul" "EXTRA_COMPILER_FLAGS=-g -ffunction-sections -fdata-sections -Wall 
TRACE::2026-06-29.14:41:21::SCWMssOS::-Wextra"

TRACE::2026-06-29.14:41:21::SCWMssOS::"Running Make include in microblaze_0/libsrc/intc_v3_12/src"

TRACE::2026-06-29.14:41:21::SCWMssOS::make -C microblaze_0/libsrc/intc_v3_12/src -s include  "SHELL=CMD" "COMPILER=mb-gcc" "ASSEMBLER=mb-as" "ARCHIVER=mb-ar" "COMPIL
TRACE::2026-06-29.14:41:21::SCWMssOS::ER_FLAGS=  -O2 -c -mcpu=v11.0 -mlittle-endian -mxl-soft-mul" "EXTRA_COMPILER_FLAGS=-g -ffunction-sections -fdata-sections -Wall
TRACE::2026-06-29.14:41:21::SCWMssOS:: -Wextra"

TRACE::2026-06-29.14:41:22::SCWMssOS::"Running Make include in microblaze_0/libsrc/spi_axi_v1_0/src"

TRACE::2026-06-29.14:41:22::SCWMssOS::make -C microblaze_0/libsrc/spi_axi_v1_0/src -s include  "SHELL=CMD" "COMPILER=mb-gcc" "ASSEMBLER=mb-as" "ARCHIVER=mb-ar" "COMP
TRACE::2026-06-29.14:41:22::SCWMssOS::ILER_FLAGS=  -O2 -c -mcpu=v11.0 -mlittle-endian -mxl-soft-mul" "EXTRA_COMPILER_FLAGS=-g -ffunction-sections -fdata-sections -Wa
TRACE::2026-06-29.14:41:22::SCWMssOS::ll -Wextra"

TRACE::2026-06-29.14:41:22::SCWMssOS::"Running Make include in microblaze_0/libsrc/standalone_v7_3/src"

TRACE::2026-06-29.14:41:22::SCWMssOS::make -C microblaze_0/libsrc/standalone_v7_3/src -s include  "SHELL=CMD" "COMPILER=mb-gcc" "ASSEMBLER=mb-as" "ARCHIVER=mb-ar" "C
TRACE::2026-06-29.14:41:22::SCWMssOS::OMPILER_FLAGS=  -O2 -c -mcpu=v11.0 -mlittle-endian -mxl-soft-mul" "EXTRA_COMPILER_FLAGS=-g -ffunction-sections -fdata-sections 
TRACE::2026-06-29.14:41:22::SCWMssOS::-Wall -Wextra"

TRACE::2026-06-29.14:41:22::SCWMssOS::"Running Make include in microblaze_0/libsrc/timer_two_v1_0/src"

TRACE::2026-06-29.14:41:22::SCWMssOS::make -C microblaze_0/libsrc/timer_two_v1_0/src -s include  "SHELL=CMD" "COMPILER=mb-gcc" "ASSEMBLER=mb-as" "ARCHIVER=mb-ar" "CO
TRACE::2026-06-29.14:41:22::SCWMssOS::MPILER_FLAGS=  -O2 -c -mcpu=v11.0 -mlittle-endian -mxl-soft-mul" "EXTRA_COMPILER_FLAGS=-g -ffunction-sections -fdata-sections -
TRACE::2026-06-29.14:41:22::SCWMssOS::Wall -Wextra"

TRACE::2026-06-29.14:41:22::SCWMssOS::"Running Make include in microblaze_0/libsrc/uart_two_v1_0/src"

TRACE::2026-06-29.14:41:22::SCWMssOS::make -C microblaze_0/libsrc/uart_two_v1_0/src -s include  "SHELL=CMD" "COMPILER=mb-gcc" "ASSEMBLER=mb-as" "ARCHIVER=mb-ar" "COM
TRACE::2026-06-29.14:41:22::SCWMssOS::PILER_FLAGS=  -O2 -c -mcpu=v11.0 -mlittle-endian -mxl-soft-mul" "EXTRA_COMPILER_FLAGS=-g -ffunction-sections -fdata-sections -W
TRACE::2026-06-29.14:41:22::SCWMssOS::all -Wextra"

TRACE::2026-06-29.14:41:22::SCWMssOS::"Running Make libs in microblaze_0/libsrc/gpio_v1_0/src"

TRACE::2026-06-29.14:41:22::SCWMssOS::make -C microblaze_0/libsrc/gpio_v1_0/src -s libs  "SHELL=CMD" "COMPILER=mb-gcc" "ASSEMBLER=mb-as" "ARCHIVER=mb-ar" "COMPILER_F
TRACE::2026-06-29.14:41:22::SCWMssOS::LAGS=  -O2 -c -mcpu=v11.0 -mlittle-endian -mxl-soft-mul" "EXTRA_COMPILER_FLAGS=-g -ffunction-sections -fdata-sections -Wall -We
TRACE::2026-06-29.14:41:22::SCWMssOS::xtra"

TRACE::2026-06-29.14:41:22::SCWMssOS::"Compiling gpio..."

TRACE::2026-06-29.14:41:22::SCWMssOS::"Running Make libs in microblaze_0/libsrc/spi_axi_v1_0/src"

TRACE::2026-06-29.14:41:22::SCWMssOS::make -C microblaze_0/libsrc/spi_axi_v1_0/src -s libs  "SHELL=CMD" "COMPILER=mb-gcc" "ASSEMBLER=mb-as" "ARCHIVER=mb-ar" "COMPILE
TRACE::2026-06-29.14:41:22::SCWMssOS::R_FLAGS=  -O2 -c -mcpu=v11.0 -mlittle-endian -mxl-soft-mul" "EXTRA_COMPILER_FLAGS=-g -ffunction-sections -fdata-sections -Wall 
TRACE::2026-06-29.14:41:22::SCWMssOS::-Wextra"

TRACE::2026-06-29.14:41:22::SCWMssOS::"Compiling spi_axi..."

ERROR::2026-06-29.14:41:22::SCWMssOS::Failed to build  the bsp sources for domain - standalone_microblaze_0
ERROR::2026-06-29.14:41:22::SCWSystem::Error in Processing the domain standalone_microblaze_0
LOG::2026-06-29.14:48:10::SCWPlatform::Started generating the artifacts platform axi_system_wrapper
TRACE::2026-06-29.14:48:10::SCWPlatform::Sanity checking of platform is completed
LOG::2026-06-29.14:48:10::SCWPlatform::Started generating the artifacts for system configuration axi_system_wrapper
LOG::2026-06-29.14:48:10::SCWSystem::Checking the domain standalone_microblaze_0
LOG::2026-06-29.14:48:10::SCWSystem::Not a boot domain 
LOG::2026-06-29.14:48:10::SCWSystem::Started Processing the domain standalone_microblaze_0
TRACE::2026-06-29.14:48:10::SCWDomain::Generating domain artifcats
TRACE::2026-06-29.14:48:10::SCWMssOS::Generating standalone artifcats
TRACE::2026-06-29.14:48:10::SCWMssOS:: Copying the user libraries. 
TRACE::2026-06-29.14:48:10::SCWPlatform::Trying to open the hw design at D:/jh_workspace/0629_axi_spi_uart_timer_gpio/export/axi_system_wrapper/hw/axi_system_wrapper.xsa
TRACE::2026-06-29.14:48:10::SCWPlatform::DSA given D:/jh_workspace/0629_axi_spi_uart_timer_gpio/export/axi_system_wrapper/hw/axi_system_wrapper.xsa
TRACE::2026-06-29.14:48:10::SCWPlatform::DSA absoulate path D:/jh_workspace/0629_axi_spi_uart_timer_gpio/export/axi_system_wrapper/hw/axi_system_wrapper.xsa
TRACE::2026-06-29.14:48:10::SCWPlatform::DSA directory D:/jh_workspace/0629_axi_spi_uart_timer_gpio/export/axi_system_wrapper/hw
TRACE::2026-06-29.14:48:10::SCWPlatform:: Platform Path D:/jh_workspace/0629_axi_spi_uart_timer_gpio/export/axi_system_wrapper/hw/axi_system_wrapper.xsa
TRACE::2026-06-29.14:48:10::SCWPlatform:: Unique name xilinx:basys3::0.0
TRACE::2026-06-29.14:48:10::SCWPlatform::Trying to set the existing hwdb with name axi_system_wrapper_0
TRACE::2026-06-29.14:48:10::SCWPlatform::Opened existing hwdb axi_system_wrapper_0
TRACE::2026-06-29.14:48:10::SCWPlatform::Found the Hw Db part of the input DSA
TRACE::2026-06-29.14:48:10::SCWMssOS::Checking the sw design at  D:/jh_workspace/0629_axi_spi_uart_timer_gpio/export/axi_system_wrapper/microblaze_0/standalone_microblaze_0/bsp/system.mss
TRACE::2026-06-29.14:48:10::SCWMssOS::DEBUG:  swdes dump  D:/jh_workspace/0629_axi_spi_uart_timer_gpio/export/axi_system_wrapper/microblaze_0/standalone_microblaze_0/bsp/system.mss|system||

TRACE::2026-06-29.14:48:10::SCWMssOS::Sw design exists and opened at  D:/jh_workspace/0629_axi_spi_uart_timer_gpio/export/axi_system_wrapper/microblaze_0/standalone_microblaze_0/bsp/system.mss
TRACE::2026-06-29.14:48:10::SCWMssOS::Completed writing the mss file at D:/jh_workspace/0629_axi_spi_uart_timer_gpio/export/axi_system_wrapper/microblaze_0/standalone_microblaze_0/bsp
TRACE::2026-06-29.14:48:10::SCWMssOS::Mss edits present, copying mssfile into export location D:/jh_workspace/0629_axi_spi_uart_timer_gpio/export/axi_system_wrapper/microblaze_0/standalone_microblaze_0/bsp/system.mss
TRACE::2026-06-29.14:48:10::SCWMssOS::bsp generated is upto date with the mss file. Skipping bsp generation.
TRACE::2026-06-29.14:48:10::SCWMssOS::BSP is already built. skipping the bsp build ... 
TRACE::2026-06-29.14:48:10::SCWDomain::Building the domain as part of full build :  standalone_microblaze_0
TRACE::2026-06-29.14:48:10::SCWMssOS::doing bsp build ... 
TRACE::2026-06-29.14:48:10::SCWMssOS::System Command Ran  D: & cd  D:/jh_workspace/0629_axi_spi_uart_timer_gpio/export/axi_system_wrapper/microblaze_0/standalone_microblaze_0/bsp & make 
TRACE::2026-06-29.14:48:10::SCWMssOS::make --no-print-directory seq_libs

TRACE::2026-06-29.14:48:10::SCWMssOS::"Running Make include in microblaze_0/libsrc/bram_v4_5/src"

TRACE::2026-06-29.14:48:10::SCWMssOS::make -C microblaze_0/libsrc/bram_v4_5/src -s include  "SHELL=CMD" "COMPILER=mb-gcc" "ASSEMBLER=mb-as" "ARCHIVER=mb-ar" "COMPILE
TRACE::2026-06-29.14:48:10::SCWMssOS::R_FLAGS=  -O2 -c -mcpu=v11.0 -mlittle-endian -mxl-soft-mul" "EXTRA_COMPILER_FLAGS=-g -ffunction-sections -fdata-sections -Wall 
TRACE::2026-06-29.14:48:10::SCWMssOS::-Wextra"

TRACE::2026-06-29.14:48:10::SCWMssOS::"Running Make include in microblaze_0/libsrc/cpu_v2_12/src"

TRACE::2026-06-29.14:48:10::SCWMssOS::make -C microblaze_0/libsrc/cpu_v2_12/src -s include  "SHELL=CMD" "COMPILER=mb-gcc" "ASSEMBLER=mb-as" "ARCHIVER=mb-ar" "COMPILE
TRACE::2026-06-29.14:48:10::SCWMssOS::R_FLAGS=  -O2 -c -mcpu=v11.0 -mlittle-endian -mxl-soft-mul" "EXTRA_COMPILER_FLAGS=-g -ffunction-sections -fdata-sections -Wall 
TRACE::2026-06-29.14:48:10::SCWMssOS::-Wextra"

TRACE::2026-06-29.14:48:10::SCWMssOS::"Running Make include in microblaze_0/libsrc/gpio_v1_0/src"

TRACE::2026-06-29.14:48:10::SCWMssOS::make -C microblaze_0/libsrc/gpio_v1_0/src -s include  "SHELL=CMD" "COMPILER=mb-gcc" "ASSEMBLER=mb-as" "ARCHIVER=mb-ar" "COMPILE
TRACE::2026-06-29.14:48:10::SCWMssOS::R_FLAGS=  -O2 -c -mcpu=v11.0 -mlittle-endian -mxl-soft-mul" "EXTRA_COMPILER_FLAGS=-g -ffunction-sections -fdata-sections -Wall 
TRACE::2026-06-29.14:48:10::SCWMssOS::-Wextra"

TRACE::2026-06-29.14:48:10::SCWMssOS::"Running Make include in microblaze_0/libsrc/intc_v3_12/src"

TRACE::2026-06-29.14:48:10::SCWMssOS::make -C microblaze_0/libsrc/intc_v3_12/src -s include  "SHELL=CMD" "COMPILER=mb-gcc" "ASSEMBLER=mb-as" "ARCHIVER=mb-ar" "COMPIL
TRACE::2026-06-29.14:48:10::SCWMssOS::ER_FLAGS=  -O2 -c -mcpu=v11.0 -mlittle-endian -mxl-soft-mul" "EXTRA_COMPILER_FLAGS=-g -ffunction-sections -fdata-sections -Wall
TRACE::2026-06-29.14:48:10::SCWMssOS:: -Wextra"

TRACE::2026-06-29.14:48:10::SCWMssOS::"Running Make include in microblaze_0/libsrc/spi_axi_v1_0/src"

TRACE::2026-06-29.14:48:10::SCWMssOS::make -C microblaze_0/libsrc/spi_axi_v1_0/src -s include  "SHELL=CMD" "COMPILER=mb-gcc" "ASSEMBLER=mb-as" "ARCHIVER=mb-ar" "COMP
TRACE::2026-06-29.14:48:10::SCWMssOS::ILER_FLAGS=  -O2 -c -mcpu=v11.0 -mlittle-endian -mxl-soft-mul" "EXTRA_COMPILER_FLAGS=-g -ffunction-sections -fdata-sections -Wa
TRACE::2026-06-29.14:48:10::SCWMssOS::ll -Wextra"

TRACE::2026-06-29.14:48:10::SCWMssOS::"Running Make include in microblaze_0/libsrc/standalone_v7_3/src"

TRACE::2026-06-29.14:48:10::SCWMssOS::make -C microblaze_0/libsrc/standalone_v7_3/src -s include  "SHELL=CMD" "COMPILER=mb-gcc" "ASSEMBLER=mb-as" "ARCHIVER=mb-ar" "C
TRACE::2026-06-29.14:48:10::SCWMssOS::OMPILER_FLAGS=  -O2 -c -mcpu=v11.0 -mlittle-endian -mxl-soft-mul" "EXTRA_COMPILER_FLAGS=-g -ffunction-sections -fdata-sections 
TRACE::2026-06-29.14:48:10::SCWMssOS::-Wall -Wextra"

TRACE::2026-06-29.14:48:10::SCWMssOS::"Running Make include in microblaze_0/libsrc/timer_two_v1_0/src"

TRACE::2026-06-29.14:48:10::SCWMssOS::make -C microblaze_0/libsrc/timer_two_v1_0/src -s include  "SHELL=CMD" "COMPILER=mb-gcc" "ASSEMBLER=mb-as" "ARCHIVER=mb-ar" "CO
TRACE::2026-06-29.14:48:10::SCWMssOS::MPILER_FLAGS=  -O2 -c -mcpu=v11.0 -mlittle-endian -mxl-soft-mul" "EXTRA_COMPILER_FLAGS=-g -ffunction-sections -fdata-sections -
TRACE::2026-06-29.14:48:10::SCWMssOS::Wall -Wextra"

TRACE::2026-06-29.14:48:10::SCWMssOS::"Running Make include in microblaze_0/libsrc/uart_two_v1_0/src"

TRACE::2026-06-29.14:48:10::SCWMssOS::make -C microblaze_0/libsrc/uart_two_v1_0/src -s include  "SHELL=CMD" "COMPILER=mb-gcc" "ASSEMBLER=mb-as" "ARCHIVER=mb-ar" "COM
TRACE::2026-06-29.14:48:10::SCWMssOS::PILER_FLAGS=  -O2 -c -mcpu=v11.0 -mlittle-endian -mxl-soft-mul" "EXTRA_COMPILER_FLAGS=-g -ffunction-sections -fdata-sections -W
TRACE::2026-06-29.14:48:10::SCWMssOS::all -Wextra"

TRACE::2026-06-29.14:48:10::SCWMssOS::"Running Make libs in microblaze_0/libsrc/gpio_v1_0/src"

TRACE::2026-06-29.14:48:10::SCWMssOS::make -C microblaze_0/libsrc/gpio_v1_0/src -s libs  "SHELL=CMD" "COMPILER=mb-gcc" "ASSEMBLER=mb-as" "ARCHIVER=mb-ar" "COMPILER_F
TRACE::2026-06-29.14:48:10::SCWMssOS::LAGS=  -O2 -c -mcpu=v11.0 -mlittle-endian -mxl-soft-mul" "EXTRA_COMPILER_FLAGS=-g -ffunction-sections -fdata-sections -Wall -We
TRACE::2026-06-29.14:48:10::SCWMssOS::xtra"

TRACE::2026-06-29.14:48:10::SCWMssOS::"Compiling gpio..."

TRACE::2026-06-29.14:48:10::SCWMssOS::"Running Make libs in microblaze_0/libsrc/spi_axi_v1_0/src"

TRACE::2026-06-29.14:48:10::SCWMssOS::make -C microblaze_0/libsrc/spi_axi_v1_0/src -s libs  "SHELL=CMD" "COMPILER=mb-gcc" "ASSEMBLER=mb-as" "ARCHIVER=mb-ar" "COMPILE
TRACE::2026-06-29.14:48:10::SCWMssOS::R_FLAGS=  -O2 -c -mcpu=v11.0 -mlittle-endian -mxl-soft-mul" "EXTRA_COMPILER_FLAGS=-g -ffunction-sections -fdata-sections -Wall 
TRACE::2026-06-29.14:48:10::SCWMssOS::-Wextra"

TRACE::2026-06-29.14:48:10::SCWMssOS::"Compiling spi_axi..."

ERROR::2026-06-29.14:48:11::SCWMssOS::Failed to build  the bsp sources for domain - standalone_microblaze_0
ERROR::2026-06-29.14:48:11::SCWSystem::Error in Processing the domain standalone_microblaze_0
LOG::2026-06-29.14:49:51::SCWPlatform::Started generating the artifacts platform axi_system_wrapper
TRACE::2026-06-29.14:49:51::SCWPlatform::Sanity checking of platform is completed
LOG::2026-06-29.14:49:51::SCWPlatform::Started generating the artifacts for system configuration axi_system_wrapper
LOG::2026-06-29.14:49:51::SCWSystem::Checking the domain standalone_microblaze_0
LOG::2026-06-29.14:49:51::SCWSystem::Not a boot domain 
LOG::2026-06-29.14:49:51::SCWSystem::Started Processing the domain standalone_microblaze_0
TRACE::2026-06-29.14:49:51::SCWDomain::Generating domain artifcats
TRACE::2026-06-29.14:49:51::SCWMssOS::Generating standalone artifcats
TRACE::2026-06-29.14:49:51::SCWMssOS:: Copying the user libraries. 
TRACE::2026-06-29.14:49:51::SCWPlatform::Trying to open the hw design at D:/jh_workspace/0629_axi_spi_uart_timer_gpio/export/axi_system_wrapper/hw/axi_system_wrapper.xsa
TRACE::2026-06-29.14:49:51::SCWPlatform::DSA given D:/jh_workspace/0629_axi_spi_uart_timer_gpio/export/axi_system_wrapper/hw/axi_system_wrapper.xsa
TRACE::2026-06-29.14:49:51::SCWPlatform::DSA absoulate path D:/jh_workspace/0629_axi_spi_uart_timer_gpio/export/axi_system_wrapper/hw/axi_system_wrapper.xsa
TRACE::2026-06-29.14:49:51::SCWPlatform::DSA directory D:/jh_workspace/0629_axi_spi_uart_timer_gpio/export/axi_system_wrapper/hw
TRACE::2026-06-29.14:49:51::SCWPlatform:: Platform Path D:/jh_workspace/0629_axi_spi_uart_timer_gpio/export/axi_system_wrapper/hw/axi_system_wrapper.xsa
TRACE::2026-06-29.14:49:51::SCWPlatform:: Unique name xilinx:basys3::0.0
TRACE::2026-06-29.14:49:51::SCWPlatform::Trying to set the existing hwdb with name axi_system_wrapper_0
TRACE::2026-06-29.14:49:51::SCWPlatform::Opened existing hwdb axi_system_wrapper_0
TRACE::2026-06-29.14:49:51::SCWPlatform::Found the Hw Db part of the input DSA
TRACE::2026-06-29.14:49:51::SCWMssOS::Checking the sw design at  D:/jh_workspace/0629_axi_spi_uart_timer_gpio/export/axi_system_wrapper/microblaze_0/standalone_microblaze_0/bsp/system.mss
TRACE::2026-06-29.14:49:51::SCWMssOS::DEBUG:  swdes dump  D:/jh_workspace/0629_axi_spi_uart_timer_gpio/export/axi_system_wrapper/microblaze_0/standalone_microblaze_0/bsp/system.mss|system||

TRACE::2026-06-29.14:49:51::SCWMssOS::Sw design exists and opened at  D:/jh_workspace/0629_axi_spi_uart_timer_gpio/export/axi_system_wrapper/microblaze_0/standalone_microblaze_0/bsp/system.mss
TRACE::2026-06-29.14:49:51::SCWMssOS::Completed writing the mss file at D:/jh_workspace/0629_axi_spi_uart_timer_gpio/export/axi_system_wrapper/microblaze_0/standalone_microblaze_0/bsp
TRACE::2026-06-29.14:49:51::SCWMssOS::Mss edits present, copying mssfile into export location D:/jh_workspace/0629_axi_spi_uart_timer_gpio/export/axi_system_wrapper/microblaze_0/standalone_microblaze_0/bsp/system.mss
TRACE::2026-06-29.14:49:51::SCWMssOS::bsp generated is upto date with the mss file. Skipping bsp generation.
TRACE::2026-06-29.14:49:51::SCWMssOS::BSP is already built. skipping the bsp build ... 
TRACE::2026-06-29.14:49:51::SCWDomain::Building the domain as part of full build :  standalone_microblaze_0
TRACE::2026-06-29.14:49:51::SCWMssOS::doing bsp build ... 
TRACE::2026-06-29.14:49:51::SCWMssOS::System Command Ran  D: & cd  D:/jh_workspace/0629_axi_spi_uart_timer_gpio/export/axi_system_wrapper/microblaze_0/standalone_microblaze_0/bsp & make 
TRACE::2026-06-29.14:49:51::SCWMssOS::make --no-print-directory seq_libs

TRACE::2026-06-29.14:49:51::SCWMssOS::"Running Make include in microblaze_0/libsrc/bram_v4_5/src"

TRACE::2026-06-29.14:49:51::SCWMssOS::make -C microblaze_0/libsrc/bram_v4_5/src -s include  "SHELL=CMD" "COMPILER=mb-gcc" "ASSEMBLER=mb-as" "ARCHIVER=mb-ar" "COMPILE
TRACE::2026-06-29.14:49:51::SCWMssOS::R_FLAGS=  -O2 -c -mcpu=v11.0 -mlittle-endian -mxl-soft-mul" "EXTRA_COMPILER_FLAGS=-g -ffunction-sections -fdata-sections -Wall 
TRACE::2026-06-29.14:49:51::SCWMssOS::-Wextra"

TRACE::2026-06-29.14:49:51::SCWMssOS::"Running Make include in microblaze_0/libsrc/cpu_v2_12/src"

TRACE::2026-06-29.14:49:51::SCWMssOS::make -C microblaze_0/libsrc/cpu_v2_12/src -s include  "SHELL=CMD" "COMPILER=mb-gcc" "ASSEMBLER=mb-as" "ARCHIVER=mb-ar" "COMPILE
TRACE::2026-06-29.14:49:51::SCWMssOS::R_FLAGS=  -O2 -c -mcpu=v11.0 -mlittle-endian -mxl-soft-mul" "EXTRA_COMPILER_FLAGS=-g -ffunction-sections -fdata-sections -Wall 
TRACE::2026-06-29.14:49:51::SCWMssOS::-Wextra"

TRACE::2026-06-29.14:49:51::SCWMssOS::"Running Make include in microblaze_0/libsrc/gpio_v1_0/src"

TRACE::2026-06-29.14:49:51::SCWMssOS::make -C microblaze_0/libsrc/gpio_v1_0/src -s include  "SHELL=CMD" "COMPILER=mb-gcc" "ASSEMBLER=mb-as" "ARCHIVER=mb-ar" "COMPILE
TRACE::2026-06-29.14:49:51::SCWMssOS::R_FLAGS=  -O2 -c -mcpu=v11.0 -mlittle-endian -mxl-soft-mul" "EXTRA_COMPILER_FLAGS=-g -ffunction-sections -fdata-sections -Wall 
TRACE::2026-06-29.14:49:51::SCWMssOS::-Wextra"

TRACE::2026-06-29.14:49:52::SCWMssOS::"Running Make include in microblaze_0/libsrc/intc_v3_12/src"

TRACE::2026-06-29.14:49:52::SCWMssOS::make -C microblaze_0/libsrc/intc_v3_12/src -s include  "SHELL=CMD" "COMPILER=mb-gcc" "ASSEMBLER=mb-as" "ARCHIVER=mb-ar" "COMPIL
TRACE::2026-06-29.14:49:52::SCWMssOS::ER_FLAGS=  -O2 -c -mcpu=v11.0 -mlittle-endian -mxl-soft-mul" "EXTRA_COMPILER_FLAGS=-g -ffunction-sections -fdata-sections -Wall
TRACE::2026-06-29.14:49:52::SCWMssOS:: -Wextra"

TRACE::2026-06-29.14:49:52::SCWMssOS::"Running Make include in microblaze_0/libsrc/spi_axi_v1_0/src"

TRACE::2026-06-29.14:49:52::SCWMssOS::make -C microblaze_0/libsrc/spi_axi_v1_0/src -s include  "SHELL=CMD" "COMPILER=mb-gcc" "ASSEMBLER=mb-as" "ARCHIVER=mb-ar" "COMP
TRACE::2026-06-29.14:49:52::SCWMssOS::ILER_FLAGS=  -O2 -c -mcpu=v11.0 -mlittle-endian -mxl-soft-mul" "EXTRA_COMPILER_FLAGS=-g -ffunction-sections -fdata-sections -Wa
TRACE::2026-06-29.14:49:52::SCWMssOS::ll -Wextra"

TRACE::2026-06-29.14:49:52::SCWMssOS::"Running Make include in microblaze_0/libsrc/standalone_v7_3/src"

TRACE::2026-06-29.14:49:52::SCWMssOS::make -C microblaze_0/libsrc/standalone_v7_3/src -s include  "SHELL=CMD" "COMPILER=mb-gcc" "ASSEMBLER=mb-as" "ARCHIVER=mb-ar" "C
TRACE::2026-06-29.14:49:52::SCWMssOS::OMPILER_FLAGS=  -O2 -c -mcpu=v11.0 -mlittle-endian -mxl-soft-mul" "EXTRA_COMPILER_FLAGS=-g -ffunction-sections -fdata-sections 
TRACE::2026-06-29.14:49:52::SCWMssOS::-Wall -Wextra"

TRACE::2026-06-29.14:49:52::SCWMssOS::"Running Make include in microblaze_0/libsrc/timer_two_v1_0/src"

TRACE::2026-06-29.14:49:52::SCWMssOS::make -C microblaze_0/libsrc/timer_two_v1_0/src -s include  "SHELL=CMD" "COMPILER=mb-gcc" "ASSEMBLER=mb-as" "ARCHIVER=mb-ar" "CO
TRACE::2026-06-29.14:49:52::SCWMssOS::MPILER_FLAGS=  -O2 -c -mcpu=v11.0 -mlittle-endian -mxl-soft-mul" "EXTRA_COMPILER_FLAGS=-g -ffunction-sections -fdata-sections -
TRACE::2026-06-29.14:49:52::SCWMssOS::Wall -Wextra"

TRACE::2026-06-29.14:49:52::SCWMssOS::"Running Make include in microblaze_0/libsrc/uart_two_v1_0/src"

TRACE::2026-06-29.14:49:52::SCWMssOS::make -C microblaze_0/libsrc/uart_two_v1_0/src -s include  "SHELL=CMD" "COMPILER=mb-gcc" "ASSEMBLER=mb-as" "ARCHIVER=mb-ar" "COM
TRACE::2026-06-29.14:49:52::SCWMssOS::PILER_FLAGS=  -O2 -c -mcpu=v11.0 -mlittle-endian -mxl-soft-mul" "EXTRA_COMPILER_FLAGS=-g -ffunction-sections -fdata-sections -W
TRACE::2026-06-29.14:49:52::SCWMssOS::all -Wextra"

TRACE::2026-06-29.14:49:52::SCWMssOS::"Running Make libs in microblaze_0/libsrc/gpio_v1_0/src"

TRACE::2026-06-29.14:49:52::SCWMssOS::make -C microblaze_0/libsrc/gpio_v1_0/src -s libs  "SHELL=CMD" "COMPILER=mb-gcc" "ASSEMBLER=mb-as" "ARCHIVER=mb-ar" "COMPILER_F
TRACE::2026-06-29.14:49:52::SCWMssOS::LAGS=  -O2 -c -mcpu=v11.0 -mlittle-endian -mxl-soft-mul" "EXTRA_COMPILER_FLAGS=-g -ffunction-sections -fdata-sections -Wall -We
TRACE::2026-06-29.14:49:52::SCWMssOS::xtra"

TRACE::2026-06-29.14:49:52::SCWMssOS::"Compiling gpio..."

TRACE::2026-06-29.14:49:52::SCWMssOS::"Running Make libs in microblaze_0/libsrc/spi_axi_v1_0/src"

TRACE::2026-06-29.14:49:52::SCWMssOS::make -C microblaze_0/libsrc/spi_axi_v1_0/src -s libs  "SHELL=CMD" "COMPILER=mb-gcc" "ASSEMBLER=mb-as" "ARCHIVER=mb-ar" "COMPILE
TRACE::2026-06-29.14:49:52::SCWMssOS::R_FLAGS=  -O2 -c -mcpu=v11.0 -mlittle-endian -mxl-soft-mul" "EXTRA_COMPILER_FLAGS=-g -ffunction-sections -fdata-sections -Wall 
TRACE::2026-06-29.14:49:52::SCWMssOS::-Wextra"

TRACE::2026-06-29.14:49:52::SCWMssOS::"Compiling spi_axi..."

ERROR::2026-06-29.14:49:52::SCWMssOS::Failed to build  the bsp sources for domain - standalone_microblaze_0
ERROR::2026-06-29.14:49:52::SCWSystem::Error in Processing the domain standalone_microblaze_0
LOG::2026-06-29.14:50:12::SCWPlatform::Started generating the artifacts platform axi_system_wrapper
TRACE::2026-06-29.14:50:12::SCWPlatform::Sanity checking of platform is completed
LOG::2026-06-29.14:50:12::SCWPlatform::Started generating the artifacts for system configuration axi_system_wrapper
LOG::2026-06-29.14:50:12::SCWSystem::Checking the domain standalone_microblaze_0
LOG::2026-06-29.14:50:12::SCWSystem::Not a boot domain 
LOG::2026-06-29.14:50:12::SCWSystem::Started Processing the domain standalone_microblaze_0
TRACE::2026-06-29.14:50:12::SCWDomain::Generating domain artifcats
TRACE::2026-06-29.14:50:12::SCWMssOS::Generating standalone artifcats
TRACE::2026-06-29.14:50:12::SCWMssOS:: Copying the user libraries. 
TRACE::2026-06-29.14:50:12::SCWPlatform::Trying to open the hw design at D:/jh_workspace/0629_axi_spi_uart_timer_gpio/export/axi_system_wrapper/hw/axi_system_wrapper.xsa
TRACE::2026-06-29.14:50:12::SCWPlatform::DSA given D:/jh_workspace/0629_axi_spi_uart_timer_gpio/export/axi_system_wrapper/hw/axi_system_wrapper.xsa
TRACE::2026-06-29.14:50:12::SCWPlatform::DSA absoulate path D:/jh_workspace/0629_axi_spi_uart_timer_gpio/export/axi_system_wrapper/hw/axi_system_wrapper.xsa
TRACE::2026-06-29.14:50:12::SCWPlatform::DSA directory D:/jh_workspace/0629_axi_spi_uart_timer_gpio/export/axi_system_wrapper/hw
TRACE::2026-06-29.14:50:12::SCWPlatform:: Platform Path D:/jh_workspace/0629_axi_spi_uart_timer_gpio/export/axi_system_wrapper/hw/axi_system_wrapper.xsa
TRACE::2026-06-29.14:50:12::SCWPlatform:: Unique name xilinx:basys3::0.0
TRACE::2026-06-29.14:50:12::SCWPlatform::Trying to set the existing hwdb with name axi_system_wrapper_0
TRACE::2026-06-29.14:50:12::SCWPlatform::Opened existing hwdb axi_system_wrapper_0
TRACE::2026-06-29.14:50:12::SCWPlatform::Found the Hw Db part of the input DSA
TRACE::2026-06-29.14:50:12::SCWMssOS::Checking the sw design at  D:/jh_workspace/0629_axi_spi_uart_timer_gpio/export/axi_system_wrapper/microblaze_0/standalone_microblaze_0/bsp/system.mss
TRACE::2026-06-29.14:50:12::SCWMssOS::DEBUG:  swdes dump  D:/jh_workspace/0629_axi_spi_uart_timer_gpio/export/axi_system_wrapper/microblaze_0/standalone_microblaze_0/bsp/system.mss|system||

TRACE::2026-06-29.14:50:12::SCWMssOS::Sw design exists and opened at  D:/jh_workspace/0629_axi_spi_uart_timer_gpio/export/axi_system_wrapper/microblaze_0/standalone_microblaze_0/bsp/system.mss
TRACE::2026-06-29.14:50:12::SCWMssOS::Completed writing the mss file at D:/jh_workspace/0629_axi_spi_uart_timer_gpio/export/axi_system_wrapper/microblaze_0/standalone_microblaze_0/bsp
TRACE::2026-06-29.14:50:12::SCWMssOS::Mss edits present, copying mssfile into export location D:/jh_workspace/0629_axi_spi_uart_timer_gpio/export/axi_system_wrapper/microblaze_0/standalone_microblaze_0/bsp/system.mss
TRACE::2026-06-29.14:50:12::SCWMssOS::bsp generated is upto date with the mss file. Skipping bsp generation.
TRACE::2026-06-29.14:50:12::SCWMssOS::BSP is already built. skipping the bsp build ... 
TRACE::2026-06-29.14:50:12::SCWDomain::Building the domain as part of full build :  standalone_microblaze_0
TRACE::2026-06-29.14:50:12::SCWMssOS::doing bsp build ... 
TRACE::2026-06-29.14:50:12::SCWMssOS::System Command Ran  D: & cd  D:/jh_workspace/0629_axi_spi_uart_timer_gpio/export/axi_system_wrapper/microblaze_0/standalone_microblaze_0/bsp & make 
TRACE::2026-06-29.14:50:12::SCWMssOS::make --no-print-directory seq_libs

TRACE::2026-06-29.14:50:12::SCWMssOS::"Running Make include in microblaze_0/libsrc/bram_v4_5/src"

TRACE::2026-06-29.14:50:12::SCWMssOS::make -C microblaze_0/libsrc/bram_v4_5/src -s include  "SHELL=CMD" "COMPILER=mb-gcc" "ASSEMBLER=mb-as" "ARCHIVER=mb-ar" "COMPILE
TRACE::2026-06-29.14:50:12::SCWMssOS::R_FLAGS=  -O2 -c -mcpu=v11.0 -mlittle-endian -mxl-soft-mul" "EXTRA_COMPILER_FLAGS=-g -ffunction-sections -fdata-sections -Wall 
TRACE::2026-06-29.14:50:12::SCWMssOS::-Wextra"

TRACE::2026-06-29.14:50:12::SCWMssOS::"Running Make include in microblaze_0/libsrc/cpu_v2_12/src"

TRACE::2026-06-29.14:50:12::SCWMssOS::make -C microblaze_0/libsrc/cpu_v2_12/src -s include  "SHELL=CMD" "COMPILER=mb-gcc" "ASSEMBLER=mb-as" "ARCHIVER=mb-ar" "COMPILE
TRACE::2026-06-29.14:50:12::SCWMssOS::R_FLAGS=  -O2 -c -mcpu=v11.0 -mlittle-endian -mxl-soft-mul" "EXTRA_COMPILER_FLAGS=-g -ffunction-sections -fdata-sections -Wall 
TRACE::2026-06-29.14:50:12::SCWMssOS::-Wextra"

TRACE::2026-06-29.14:50:12::SCWMssOS::"Running Make include in microblaze_0/libsrc/gpio_v1_0/src"

TRACE::2026-06-29.14:50:12::SCWMssOS::make -C microblaze_0/libsrc/gpio_v1_0/src -s include  "SHELL=CMD" "COMPILER=mb-gcc" "ASSEMBLER=mb-as" "ARCHIVER=mb-ar" "COMPILE
TRACE::2026-06-29.14:50:12::SCWMssOS::R_FLAGS=  -O2 -c -mcpu=v11.0 -mlittle-endian -mxl-soft-mul" "EXTRA_COMPILER_FLAGS=-g -ffunction-sections -fdata-sections -Wall 
TRACE::2026-06-29.14:50:12::SCWMssOS::-Wextra"

TRACE::2026-06-29.14:50:12::SCWMssOS::"Running Make include in microblaze_0/libsrc/intc_v3_12/src"

TRACE::2026-06-29.14:50:12::SCWMssOS::make -C microblaze_0/libsrc/intc_v3_12/src -s include  "SHELL=CMD" "COMPILER=mb-gcc" "ASSEMBLER=mb-as" "ARCHIVER=mb-ar" "COMPIL
TRACE::2026-06-29.14:50:12::SCWMssOS::ER_FLAGS=  -O2 -c -mcpu=v11.0 -mlittle-endian -mxl-soft-mul" "EXTRA_COMPILER_FLAGS=-g -ffunction-sections -fdata-sections -Wall
TRACE::2026-06-29.14:50:12::SCWMssOS:: -Wextra"

TRACE::2026-06-29.14:50:12::SCWMssOS::"Running Make include in microblaze_0/libsrc/spi_axi_v1_0/src"

TRACE::2026-06-29.14:50:12::SCWMssOS::make -C microblaze_0/libsrc/spi_axi_v1_0/src -s include  "SHELL=CMD" "COMPILER=mb-gcc" "ASSEMBLER=mb-as" "ARCHIVER=mb-ar" "COMP
TRACE::2026-06-29.14:50:12::SCWMssOS::ILER_FLAGS=  -O2 -c -mcpu=v11.0 -mlittle-endian -mxl-soft-mul" "EXTRA_COMPILER_FLAGS=-g -ffunction-sections -fdata-sections -Wa
TRACE::2026-06-29.14:50:12::SCWMssOS::ll -Wextra"

TRACE::2026-06-29.14:50:12::SCWMssOS::"Running Make include in microblaze_0/libsrc/standalone_v7_3/src"

TRACE::2026-06-29.14:50:12::SCWMssOS::make -C microblaze_0/libsrc/standalone_v7_3/src -s include  "SHELL=CMD" "COMPILER=mb-gcc" "ASSEMBLER=mb-as" "ARCHIVER=mb-ar" "C
TRACE::2026-06-29.14:50:12::SCWMssOS::OMPILER_FLAGS=  -O2 -c -mcpu=v11.0 -mlittle-endian -mxl-soft-mul" "EXTRA_COMPILER_FLAGS=-g -ffunction-sections -fdata-sections 
TRACE::2026-06-29.14:50:12::SCWMssOS::-Wall -Wextra"

TRACE::2026-06-29.14:50:12::SCWMssOS::"Running Make include in microblaze_0/libsrc/timer_two_v1_0/src"

TRACE::2026-06-29.14:50:12::SCWMssOS::make -C microblaze_0/libsrc/timer_two_v1_0/src -s include  "SHELL=CMD" "COMPILER=mb-gcc" "ASSEMBLER=mb-as" "ARCHIVER=mb-ar" "CO
TRACE::2026-06-29.14:50:12::SCWMssOS::MPILER_FLAGS=  -O2 -c -mcpu=v11.0 -mlittle-endian -mxl-soft-mul" "EXTRA_COMPILER_FLAGS=-g -ffunction-sections -fdata-sections -
TRACE::2026-06-29.14:50:12::SCWMssOS::Wall -Wextra"

TRACE::2026-06-29.14:50:12::SCWMssOS::"Running Make include in microblaze_0/libsrc/uart_two_v1_0/src"

TRACE::2026-06-29.14:50:12::SCWMssOS::make -C microblaze_0/libsrc/uart_two_v1_0/src -s include  "SHELL=CMD" "COMPILER=mb-gcc" "ASSEMBLER=mb-as" "ARCHIVER=mb-ar" "COM
TRACE::2026-06-29.14:50:12::SCWMssOS::PILER_FLAGS=  -O2 -c -mcpu=v11.0 -mlittle-endian -mxl-soft-mul" "EXTRA_COMPILER_FLAGS=-g -ffunction-sections -fdata-sections -W
TRACE::2026-06-29.14:50:12::SCWMssOS::all -Wextra"

TRACE::2026-06-29.14:50:12::SCWMssOS::"Running Make libs in microblaze_0/libsrc/gpio_v1_0/src"

TRACE::2026-06-29.14:50:12::SCWMssOS::make -C microblaze_0/libsrc/gpio_v1_0/src -s libs  "SHELL=CMD" "COMPILER=mb-gcc" "ASSEMBLER=mb-as" "ARCHIVER=mb-ar" "COMPILER_F
TRACE::2026-06-29.14:50:12::SCWMssOS::LAGS=  -O2 -c -mcpu=v11.0 -mlittle-endian -mxl-soft-mul" "EXTRA_COMPILER_FLAGS=-g -ffunction-sections -fdata-sections -Wall -We
TRACE::2026-06-29.14:50:12::SCWMssOS::xtra"

TRACE::2026-06-29.14:50:12::SCWMssOS::"Compiling gpio..."

TRACE::2026-06-29.14:50:12::SCWMssOS::"Running Make libs in microblaze_0/libsrc/spi_axi_v1_0/src"

TRACE::2026-06-29.14:50:12::SCWMssOS::make -C microblaze_0/libsrc/spi_axi_v1_0/src -s libs  "SHELL=CMD" "COMPILER=mb-gcc" "ASSEMBLER=mb-as" "ARCHIVER=mb-ar" "COMPILE
TRACE::2026-06-29.14:50:12::SCWMssOS::R_FLAGS=  -O2 -c -mcpu=v11.0 -mlittle-endian -mxl-soft-mul" "EXTRA_COMPILER_FLAGS=-g -ffunction-sections -fdata-sections -Wall 
TRACE::2026-06-29.14:50:12::SCWMssOS::-Wextra"

TRACE::2026-06-29.14:50:12::SCWMssOS::"Compiling spi_axi..."

ERROR::2026-06-29.14:50:12::SCWMssOS::Failed to build  the bsp sources for domain - standalone_microblaze_0
ERROR::2026-06-29.14:50:12::SCWSystem::Error in Processing the domain standalone_microblaze_0
LOG::2026-06-29.14:50:25::SCWPlatform::Started generating the artifacts platform axi_system_wrapper
TRACE::2026-06-29.14:50:25::SCWPlatform::Sanity checking of platform is completed
LOG::2026-06-29.14:50:25::SCWPlatform::Started generating the artifacts for system configuration axi_system_wrapper
LOG::2026-06-29.14:50:25::SCWSystem::Checking the domain standalone_microblaze_0
LOG::2026-06-29.14:50:25::SCWSystem::Not a boot domain 
LOG::2026-06-29.14:50:25::SCWSystem::Started Processing the domain standalone_microblaze_0
TRACE::2026-06-29.14:50:25::SCWDomain::Generating domain artifcats
TRACE::2026-06-29.14:50:25::SCWMssOS::Generating standalone artifcats
TRACE::2026-06-29.14:50:25::SCWMssOS:: Copying the user libraries. 
TRACE::2026-06-29.14:50:25::SCWPlatform::Trying to open the hw design at D:/jh_workspace/0629_axi_spi_uart_timer_gpio/export/axi_system_wrapper/hw/axi_system_wrapper.xsa
TRACE::2026-06-29.14:50:25::SCWPlatform::DSA given D:/jh_workspace/0629_axi_spi_uart_timer_gpio/export/axi_system_wrapper/hw/axi_system_wrapper.xsa
TRACE::2026-06-29.14:50:25::SCWPlatform::DSA absoulate path D:/jh_workspace/0629_axi_spi_uart_timer_gpio/export/axi_system_wrapper/hw/axi_system_wrapper.xsa
TRACE::2026-06-29.14:50:25::SCWPlatform::DSA directory D:/jh_workspace/0629_axi_spi_uart_timer_gpio/export/axi_system_wrapper/hw
TRACE::2026-06-29.14:50:25::SCWPlatform:: Platform Path D:/jh_workspace/0629_axi_spi_uart_timer_gpio/export/axi_system_wrapper/hw/axi_system_wrapper.xsa
TRACE::2026-06-29.14:50:25::SCWPlatform:: Unique name xilinx:basys3::0.0
TRACE::2026-06-29.14:50:25::SCWPlatform::Trying to set the existing hwdb with name axi_system_wrapper_0
TRACE::2026-06-29.14:50:25::SCWPlatform::Opened existing hwdb axi_system_wrapper_0
TRACE::2026-06-29.14:50:25::SCWPlatform::Found the Hw Db part of the input DSA
TRACE::2026-06-29.14:50:25::SCWMssOS::Checking the sw design at  D:/jh_workspace/0629_axi_spi_uart_timer_gpio/export/axi_system_wrapper/microblaze_0/standalone_microblaze_0/bsp/system.mss
TRACE::2026-06-29.14:50:25::SCWMssOS::DEBUG:  swdes dump  D:/jh_workspace/0629_axi_spi_uart_timer_gpio/export/axi_system_wrapper/microblaze_0/standalone_microblaze_0/bsp/system.mss|system||

TRACE::2026-06-29.14:50:25::SCWMssOS::Sw design exists and opened at  D:/jh_workspace/0629_axi_spi_uart_timer_gpio/export/axi_system_wrapper/microblaze_0/standalone_microblaze_0/bsp/system.mss
TRACE::2026-06-29.14:50:25::SCWMssOS::Completed writing the mss file at D:/jh_workspace/0629_axi_spi_uart_timer_gpio/export/axi_system_wrapper/microblaze_0/standalone_microblaze_0/bsp
TRACE::2026-06-29.14:50:25::SCWMssOS::Mss edits present, copying mssfile into export location D:/jh_workspace/0629_axi_spi_uart_timer_gpio/export/axi_system_wrapper/microblaze_0/standalone_microblaze_0/bsp/system.mss
TRACE::2026-06-29.14:50:25::SCWMssOS::bsp generated is upto date with the mss file. Skipping bsp generation.
TRACE::2026-06-29.14:50:25::SCWMssOS::BSP is already built. skipping the bsp build ... 
TRACE::2026-06-29.14:50:25::SCWDomain::Building the domain as part of full build :  standalone_microblaze_0
TRACE::2026-06-29.14:50:25::SCWMssOS::doing bsp build ... 
TRACE::2026-06-29.14:50:25::SCWMssOS::System Command Ran  D: & cd  D:/jh_workspace/0629_axi_spi_uart_timer_gpio/export/axi_system_wrapper/microblaze_0/standalone_microblaze_0/bsp & make 
TRACE::2026-06-29.14:50:25::SCWMssOS::make --no-print-directory seq_libs

TRACE::2026-06-29.14:50:25::SCWMssOS::"Running Make include in microblaze_0/libsrc/bram_v4_5/src"

TRACE::2026-06-29.14:50:25::SCWMssOS::make -C microblaze_0/libsrc/bram_v4_5/src -s include  "SHELL=CMD" "COMPILER=mb-gcc" "ASSEMBLER=mb-as" "ARCHIVER=mb-ar" "COMPILE
TRACE::2026-06-29.14:50:25::SCWMssOS::R_FLAGS=  -O2 -c -mcpu=v11.0 -mlittle-endian -mxl-soft-mul" "EXTRA_COMPILER_FLAGS=-g -ffunction-sections -fdata-sections -Wall 
TRACE::2026-06-29.14:50:25::SCWMssOS::-Wextra"

TRACE::2026-06-29.14:50:25::SCWMssOS::"Running Make include in microblaze_0/libsrc/cpu_v2_12/src"

TRACE::2026-06-29.14:50:25::SCWMssOS::make -C microblaze_0/libsrc/cpu_v2_12/src -s include  "SHELL=CMD" "COMPILER=mb-gcc" "ASSEMBLER=mb-as" "ARCHIVER=mb-ar" "COMPILE
TRACE::2026-06-29.14:50:25::SCWMssOS::R_FLAGS=  -O2 -c -mcpu=v11.0 -mlittle-endian -mxl-soft-mul" "EXTRA_COMPILER_FLAGS=-g -ffunction-sections -fdata-sections -Wall 
TRACE::2026-06-29.14:50:25::SCWMssOS::-Wextra"

TRACE::2026-06-29.14:50:25::SCWMssOS::"Running Make include in microblaze_0/libsrc/gpio_v1_0/src"

TRACE::2026-06-29.14:50:25::SCWMssOS::make -C microblaze_0/libsrc/gpio_v1_0/src -s include  "SHELL=CMD" "COMPILER=mb-gcc" "ASSEMBLER=mb-as" "ARCHIVER=mb-ar" "COMPILE
TRACE::2026-06-29.14:50:25::SCWMssOS::R_FLAGS=  -O2 -c -mcpu=v11.0 -mlittle-endian -mxl-soft-mul" "EXTRA_COMPILER_FLAGS=-g -ffunction-sections -fdata-sections -Wall 
TRACE::2026-06-29.14:50:25::SCWMssOS::-Wextra"

TRACE::2026-06-29.14:50:25::SCWMssOS::"Running Make include in microblaze_0/libsrc/intc_v3_12/src"

TRACE::2026-06-29.14:50:25::SCWMssOS::make -C microblaze_0/libsrc/intc_v3_12/src -s include  "SHELL=CMD" "COMPILER=mb-gcc" "ASSEMBLER=mb-as" "ARCHIVER=mb-ar" "COMPIL
TRACE::2026-06-29.14:50:25::SCWMssOS::ER_FLAGS=  -O2 -c -mcpu=v11.0 -mlittle-endian -mxl-soft-mul" "EXTRA_COMPILER_FLAGS=-g -ffunction-sections -fdata-sections -Wall
TRACE::2026-06-29.14:50:25::SCWMssOS:: -Wextra"

TRACE::2026-06-29.14:50:25::SCWMssOS::"Running Make include in microblaze_0/libsrc/spi_axi_v1_0/src"

TRACE::2026-06-29.14:50:25::SCWMssOS::make -C microblaze_0/libsrc/spi_axi_v1_0/src -s include  "SHELL=CMD" "COMPILER=mb-gcc" "ASSEMBLER=mb-as" "ARCHIVER=mb-ar" "COMP
TRACE::2026-06-29.14:50:25::SCWMssOS::ILER_FLAGS=  -O2 -c -mcpu=v11.0 -mlittle-endian -mxl-soft-mul" "EXTRA_COMPILER_FLAGS=-g -ffunction-sections -fdata-sections -Wa
TRACE::2026-06-29.14:50:25::SCWMssOS::ll -Wextra"

TRACE::2026-06-29.14:50:25::SCWMssOS::"Running Make include in microblaze_0/libsrc/standalone_v7_3/src"

TRACE::2026-06-29.14:50:25::SCWMssOS::make -C microblaze_0/libsrc/standalone_v7_3/src -s include  "SHELL=CMD" "COMPILER=mb-gcc" "ASSEMBLER=mb-as" "ARCHIVER=mb-ar" "C
TRACE::2026-06-29.14:50:25::SCWMssOS::OMPILER_FLAGS=  -O2 -c -mcpu=v11.0 -mlittle-endian -mxl-soft-mul" "EXTRA_COMPILER_FLAGS=-g -ffunction-sections -fdata-sections 
TRACE::2026-06-29.14:50:25::SCWMssOS::-Wall -Wextra"

TRACE::2026-06-29.14:50:25::SCWMssOS::"Running Make include in microblaze_0/libsrc/timer_two_v1_0/src"

TRACE::2026-06-29.14:50:25::SCWMssOS::make -C microblaze_0/libsrc/timer_two_v1_0/src -s include  "SHELL=CMD" "COMPILER=mb-gcc" "ASSEMBLER=mb-as" "ARCHIVER=mb-ar" "CO
TRACE::2026-06-29.14:50:25::SCWMssOS::MPILER_FLAGS=  -O2 -c -mcpu=v11.0 -mlittle-endian -mxl-soft-mul" "EXTRA_COMPILER_FLAGS=-g -ffunction-sections -fdata-sections -
TRACE::2026-06-29.14:50:25::SCWMssOS::Wall -Wextra"

TRACE::2026-06-29.14:50:25::SCWMssOS::"Running Make include in microblaze_0/libsrc/uart_two_v1_0/src"

TRACE::2026-06-29.14:50:25::SCWMssOS::make -C microblaze_0/libsrc/uart_two_v1_0/src -s include  "SHELL=CMD" "COMPILER=mb-gcc" "ASSEMBLER=mb-as" "ARCHIVER=mb-ar" "COM
TRACE::2026-06-29.14:50:25::SCWMssOS::PILER_FLAGS=  -O2 -c -mcpu=v11.0 -mlittle-endian -mxl-soft-mul" "EXTRA_COMPILER_FLAGS=-g -ffunction-sections -fdata-sections -W
TRACE::2026-06-29.14:50:25::SCWMssOS::all -Wextra"

TRACE::2026-06-29.14:50:25::SCWMssOS::"Running Make libs in microblaze_0/libsrc/gpio_v1_0/src"

TRACE::2026-06-29.14:50:25::SCWMssOS::make -C microblaze_0/libsrc/gpio_v1_0/src -s libs  "SHELL=CMD" "COMPILER=mb-gcc" "ASSEMBLER=mb-as" "ARCHIVER=mb-ar" "COMPILER_F
TRACE::2026-06-29.14:50:25::SCWMssOS::LAGS=  -O2 -c -mcpu=v11.0 -mlittle-endian -mxl-soft-mul" "EXTRA_COMPILER_FLAGS=-g -ffunction-sections -fdata-sections -Wall -We
TRACE::2026-06-29.14:50:25::SCWMssOS::xtra"

TRACE::2026-06-29.14:50:25::SCWMssOS::"Compiling gpio..."

TRACE::2026-06-29.14:50:25::SCWMssOS::"Running Make libs in microblaze_0/libsrc/spi_axi_v1_0/src"

TRACE::2026-06-29.14:50:25::SCWMssOS::make -C microblaze_0/libsrc/spi_axi_v1_0/src -s libs  "SHELL=CMD" "COMPILER=mb-gcc" "ASSEMBLER=mb-as" "ARCHIVER=mb-ar" "COMPILE
TRACE::2026-06-29.14:50:25::SCWMssOS::R_FLAGS=  -O2 -c -mcpu=v11.0 -mlittle-endian -mxl-soft-mul" "EXTRA_COMPILER_FLAGS=-g -ffunction-sections -fdata-sections -Wall 
TRACE::2026-06-29.14:50:25::SCWMssOS::-Wextra"

TRACE::2026-06-29.14:50:25::SCWMssOS::"Compiling spi_axi..."

ERROR::2026-06-29.14:50:26::SCWMssOS::Failed to build  the bsp sources for domain - standalone_microblaze_0
ERROR::2026-06-29.14:50:26::SCWSystem::Error in Processing the domain standalone_microblaze_0
LOG::2026-06-29.14:50:39::SCWPlatform::Started generating the artifacts platform axi_system_wrapper
TRACE::2026-06-29.14:50:39::SCWPlatform::Sanity checking of platform is completed
LOG::2026-06-29.14:50:39::SCWPlatform::Started generating the artifacts for system configuration axi_system_wrapper
LOG::2026-06-29.14:50:39::SCWSystem::Checking the domain standalone_microblaze_0
LOG::2026-06-29.14:50:39::SCWSystem::Not a boot domain 
LOG::2026-06-29.14:50:39::SCWSystem::Started Processing the domain standalone_microblaze_0
TRACE::2026-06-29.14:50:39::SCWDomain::Generating domain artifcats
TRACE::2026-06-29.14:50:39::SCWMssOS::Generating standalone artifcats
TRACE::2026-06-29.14:50:39::SCWMssOS:: Copying the user libraries. 
TRACE::2026-06-29.14:50:39::SCWPlatform::Trying to open the hw design at D:/jh_workspace/0629_axi_spi_uart_timer_gpio/export/axi_system_wrapper/hw/axi_system_wrapper.xsa
TRACE::2026-06-29.14:50:39::SCWPlatform::DSA given D:/jh_workspace/0629_axi_spi_uart_timer_gpio/export/axi_system_wrapper/hw/axi_system_wrapper.xsa
TRACE::2026-06-29.14:50:39::SCWPlatform::DSA absoulate path D:/jh_workspace/0629_axi_spi_uart_timer_gpio/export/axi_system_wrapper/hw/axi_system_wrapper.xsa
TRACE::2026-06-29.14:50:39::SCWPlatform::DSA directory D:/jh_workspace/0629_axi_spi_uart_timer_gpio/export/axi_system_wrapper/hw
TRACE::2026-06-29.14:50:39::SCWPlatform:: Platform Path D:/jh_workspace/0629_axi_spi_uart_timer_gpio/export/axi_system_wrapper/hw/axi_system_wrapper.xsa
TRACE::2026-06-29.14:50:39::SCWPlatform:: Unique name xilinx:basys3::0.0
TRACE::2026-06-29.14:50:39::SCWPlatform::Trying to set the existing hwdb with name axi_system_wrapper_0
TRACE::2026-06-29.14:50:39::SCWPlatform::Opened existing hwdb axi_system_wrapper_0
TRACE::2026-06-29.14:50:39::SCWPlatform::Found the Hw Db part of the input DSA
TRACE::2026-06-29.14:50:39::SCWMssOS::Checking the sw design at  D:/jh_workspace/0629_axi_spi_uart_timer_gpio/export/axi_system_wrapper/microblaze_0/standalone_microblaze_0/bsp/system.mss
TRACE::2026-06-29.14:50:39::SCWMssOS::DEBUG:  swdes dump  D:/jh_workspace/0629_axi_spi_uart_timer_gpio/export/axi_system_wrapper/microblaze_0/standalone_microblaze_0/bsp/system.mss|system||

TRACE::2026-06-29.14:50:39::SCWMssOS::Sw design exists and opened at  D:/jh_workspace/0629_axi_spi_uart_timer_gpio/export/axi_system_wrapper/microblaze_0/standalone_microblaze_0/bsp/system.mss
TRACE::2026-06-29.14:50:39::SCWMssOS::Completed writing the mss file at D:/jh_workspace/0629_axi_spi_uart_timer_gpio/export/axi_system_wrapper/microblaze_0/standalone_microblaze_0/bsp
TRACE::2026-06-29.14:50:39::SCWMssOS::Mss edits present, copying mssfile into export location D:/jh_workspace/0629_axi_spi_uart_timer_gpio/export/axi_system_wrapper/microblaze_0/standalone_microblaze_0/bsp/system.mss
TRACE::2026-06-29.14:50:39::SCWMssOS::bsp generated is upto date with the mss file. Skipping bsp generation.
TRACE::2026-06-29.14:50:39::SCWMssOS::BSP is already built. skipping the bsp build ... 
TRACE::2026-06-29.14:50:39::SCWDomain::Building the domain as part of full build :  standalone_microblaze_0
TRACE::2026-06-29.14:50:39::SCWMssOS::doing bsp build ... 
TRACE::2026-06-29.14:50:39::SCWMssOS::System Command Ran  D: & cd  D:/jh_workspace/0629_axi_spi_uart_timer_gpio/export/axi_system_wrapper/microblaze_0/standalone_microblaze_0/bsp & make 
TRACE::2026-06-29.14:50:39::SCWMssOS::make --no-print-directory seq_libs

TRACE::2026-06-29.14:50:39::SCWMssOS::"Running Make include in microblaze_0/libsrc/bram_v4_5/src"

TRACE::2026-06-29.14:50:39::SCWMssOS::make -C microblaze_0/libsrc/bram_v4_5/src -s include  "SHELL=CMD" "COMPILER=mb-gcc" "ASSEMBLER=mb-as" "ARCHIVER=mb-ar" "COMPILE
TRACE::2026-06-29.14:50:39::SCWMssOS::R_FLAGS=  -O2 -c -mcpu=v11.0 -mlittle-endian -mxl-soft-mul" "EXTRA_COMPILER_FLAGS=-g -ffunction-sections -fdata-sections -Wall 
TRACE::2026-06-29.14:50:39::SCWMssOS::-Wextra"

TRACE::2026-06-29.14:50:39::SCWMssOS::"Running Make include in microblaze_0/libsrc/cpu_v2_12/src"

TRACE::2026-06-29.14:50:39::SCWMssOS::make -C microblaze_0/libsrc/cpu_v2_12/src -s include  "SHELL=CMD" "COMPILER=mb-gcc" "ASSEMBLER=mb-as" "ARCHIVER=mb-ar" "COMPILE
TRACE::2026-06-29.14:50:39::SCWMssOS::R_FLAGS=  -O2 -c -mcpu=v11.0 -mlittle-endian -mxl-soft-mul" "EXTRA_COMPILER_FLAGS=-g -ffunction-sections -fdata-sections -Wall 
TRACE::2026-06-29.14:50:39::SCWMssOS::-Wextra"

TRACE::2026-06-29.14:50:39::SCWMssOS::"Running Make include in microblaze_0/libsrc/gpio_v1_0/src"

TRACE::2026-06-29.14:50:39::SCWMssOS::make -C microblaze_0/libsrc/gpio_v1_0/src -s include  "SHELL=CMD" "COMPILER=mb-gcc" "ASSEMBLER=mb-as" "ARCHIVER=mb-ar" "COMPILE
TRACE::2026-06-29.14:50:39::SCWMssOS::R_FLAGS=  -O2 -c -mcpu=v11.0 -mlittle-endian -mxl-soft-mul" "EXTRA_COMPILER_FLAGS=-g -ffunction-sections -fdata-sections -Wall 
TRACE::2026-06-29.14:50:39::SCWMssOS::-Wextra"

TRACE::2026-06-29.14:50:39::SCWMssOS::"Running Make include in microblaze_0/libsrc/intc_v3_12/src"

TRACE::2026-06-29.14:50:39::SCWMssOS::make -C microblaze_0/libsrc/intc_v3_12/src -s include  "SHELL=CMD" "COMPILER=mb-gcc" "ASSEMBLER=mb-as" "ARCHIVER=mb-ar" "COMPIL
TRACE::2026-06-29.14:50:39::SCWMssOS::ER_FLAGS=  -O2 -c -mcpu=v11.0 -mlittle-endian -mxl-soft-mul" "EXTRA_COMPILER_FLAGS=-g -ffunction-sections -fdata-sections -Wall
TRACE::2026-06-29.14:50:39::SCWMssOS:: -Wextra"

TRACE::2026-06-29.14:50:39::SCWMssOS::"Running Make include in microblaze_0/libsrc/spi_axi_v1_0/src"

TRACE::2026-06-29.14:50:39::SCWMssOS::make -C microblaze_0/libsrc/spi_axi_v1_0/src -s include  "SHELL=CMD" "COMPILER=mb-gcc" "ASSEMBLER=mb-as" "ARCHIVER=mb-ar" "COMP
TRACE::2026-06-29.14:50:39::SCWMssOS::ILER_FLAGS=  -O2 -c -mcpu=v11.0 -mlittle-endian -mxl-soft-mul" "EXTRA_COMPILER_FLAGS=-g -ffunction-sections -fdata-sections -Wa
TRACE::2026-06-29.14:50:39::SCWMssOS::ll -Wextra"

TRACE::2026-06-29.14:50:40::SCWMssOS::"Running Make include in microblaze_0/libsrc/standalone_v7_3/src"

TRACE::2026-06-29.14:50:40::SCWMssOS::make -C microblaze_0/libsrc/standalone_v7_3/src -s include  "SHELL=CMD" "COMPILER=mb-gcc" "ASSEMBLER=mb-as" "ARCHIVER=mb-ar" "C
TRACE::2026-06-29.14:50:40::SCWMssOS::OMPILER_FLAGS=  -O2 -c -mcpu=v11.0 -mlittle-endian -mxl-soft-mul" "EXTRA_COMPILER_FLAGS=-g -ffunction-sections -fdata-sections 
TRACE::2026-06-29.14:50:40::SCWMssOS::-Wall -Wextra"

TRACE::2026-06-29.14:50:40::SCWMssOS::"Running Make include in microblaze_0/libsrc/timer_two_v1_0/src"

TRACE::2026-06-29.14:50:40::SCWMssOS::make -C microblaze_0/libsrc/timer_two_v1_0/src -s include  "SHELL=CMD" "COMPILER=mb-gcc" "ASSEMBLER=mb-as" "ARCHIVER=mb-ar" "CO
TRACE::2026-06-29.14:50:40::SCWMssOS::MPILER_FLAGS=  -O2 -c -mcpu=v11.0 -mlittle-endian -mxl-soft-mul" "EXTRA_COMPILER_FLAGS=-g -ffunction-sections -fdata-sections -
TRACE::2026-06-29.14:50:40::SCWMssOS::Wall -Wextra"

TRACE::2026-06-29.14:50:40::SCWMssOS::"Running Make include in microblaze_0/libsrc/uart_two_v1_0/src"

TRACE::2026-06-29.14:50:40::SCWMssOS::make -C microblaze_0/libsrc/uart_two_v1_0/src -s include  "SHELL=CMD" "COMPILER=mb-gcc" "ASSEMBLER=mb-as" "ARCHIVER=mb-ar" "COM
TRACE::2026-06-29.14:50:40::SCWMssOS::PILER_FLAGS=  -O2 -c -mcpu=v11.0 -mlittle-endian -mxl-soft-mul" "EXTRA_COMPILER_FLAGS=-g -ffunction-sections -fdata-sections -W
TRACE::2026-06-29.14:50:40::SCWMssOS::all -Wextra"

TRACE::2026-06-29.14:50:40::SCWMssOS::"Running Make libs in microblaze_0/libsrc/gpio_v1_0/src"

TRACE::2026-06-29.14:50:40::SCWMssOS::make -C microblaze_0/libsrc/gpio_v1_0/src -s libs  "SHELL=CMD" "COMPILER=mb-gcc" "ASSEMBLER=mb-as" "ARCHIVER=mb-ar" "COMPILER_F
TRACE::2026-06-29.14:50:40::SCWMssOS::LAGS=  -O2 -c -mcpu=v11.0 -mlittle-endian -mxl-soft-mul" "EXTRA_COMPILER_FLAGS=-g -ffunction-sections -fdata-sections -Wall -We
TRACE::2026-06-29.14:50:40::SCWMssOS::xtra"

TRACE::2026-06-29.14:50:40::SCWMssOS::"Compiling gpio..."

TRACE::2026-06-29.14:50:40::SCWMssOS::"Running Make libs in microblaze_0/libsrc/spi_axi_v1_0/src"

TRACE::2026-06-29.14:50:40::SCWMssOS::make -C microblaze_0/libsrc/spi_axi_v1_0/src -s libs  "SHELL=CMD" "COMPILER=mb-gcc" "ASSEMBLER=mb-as" "ARCHIVER=mb-ar" "COMPILE
TRACE::2026-06-29.14:50:40::SCWMssOS::R_FLAGS=  -O2 -c -mcpu=v11.0 -mlittle-endian -mxl-soft-mul" "EXTRA_COMPILER_FLAGS=-g -ffunction-sections -fdata-sections -Wall 
TRACE::2026-06-29.14:50:40::SCWMssOS::-Wextra"

TRACE::2026-06-29.14:50:40::SCWMssOS::"Compiling spi_axi..."

ERROR::2026-06-29.14:50:40::SCWMssOS::Failed to build  the bsp sources for domain - standalone_microblaze_0
ERROR::2026-06-29.14:50:40::SCWSystem::Error in Processing the domain standalone_microblaze_0
LOG::2026-06-29.14:50:51::SCWPlatform::Started generating the artifacts platform axi_system_wrapper
TRACE::2026-06-29.14:50:51::SCWPlatform::Sanity checking of platform is completed
LOG::2026-06-29.14:50:51::SCWPlatform::Started generating the artifacts for system configuration axi_system_wrapper
LOG::2026-06-29.14:50:51::SCWSystem::Checking the domain standalone_microblaze_0
LOG::2026-06-29.14:50:51::SCWSystem::Not a boot domain 
LOG::2026-06-29.14:50:51::SCWSystem::Started Processing the domain standalone_microblaze_0
TRACE::2026-06-29.14:50:51::SCWDomain::Generating domain artifcats
TRACE::2026-06-29.14:50:51::SCWMssOS::Generating standalone artifcats
TRACE::2026-06-29.14:50:51::SCWMssOS:: Copying the user libraries. 
TRACE::2026-06-29.14:50:51::SCWPlatform::Trying to open the hw design at D:/jh_workspace/0629_axi_spi_uart_timer_gpio/export/axi_system_wrapper/hw/axi_system_wrapper.xsa
TRACE::2026-06-29.14:50:51::SCWPlatform::DSA given D:/jh_workspace/0629_axi_spi_uart_timer_gpio/export/axi_system_wrapper/hw/axi_system_wrapper.xsa
TRACE::2026-06-29.14:50:51::SCWPlatform::DSA absoulate path D:/jh_workspace/0629_axi_spi_uart_timer_gpio/export/axi_system_wrapper/hw/axi_system_wrapper.xsa
TRACE::2026-06-29.14:50:51::SCWPlatform::DSA directory D:/jh_workspace/0629_axi_spi_uart_timer_gpio/export/axi_system_wrapper/hw
TRACE::2026-06-29.14:50:51::SCWPlatform:: Platform Path D:/jh_workspace/0629_axi_spi_uart_timer_gpio/export/axi_system_wrapper/hw/axi_system_wrapper.xsa
TRACE::2026-06-29.14:50:51::SCWPlatform:: Unique name xilinx:basys3::0.0
TRACE::2026-06-29.14:50:51::SCWPlatform::Trying to set the existing hwdb with name axi_system_wrapper_0
TRACE::2026-06-29.14:50:51::SCWPlatform::Opened existing hwdb axi_system_wrapper_0
TRACE::2026-06-29.14:50:51::SCWPlatform::Found the Hw Db part of the input DSA
TRACE::2026-06-29.14:50:51::SCWMssOS::Checking the sw design at  D:/jh_workspace/0629_axi_spi_uart_timer_gpio/export/axi_system_wrapper/microblaze_0/standalone_microblaze_0/bsp/system.mss
TRACE::2026-06-29.14:50:51::SCWMssOS::DEBUG:  swdes dump  D:/jh_workspace/0629_axi_spi_uart_timer_gpio/export/axi_system_wrapper/microblaze_0/standalone_microblaze_0/bsp/system.mss|system||

TRACE::2026-06-29.14:50:51::SCWMssOS::Sw design exists and opened at  D:/jh_workspace/0629_axi_spi_uart_timer_gpio/export/axi_system_wrapper/microblaze_0/standalone_microblaze_0/bsp/system.mss
TRACE::2026-06-29.14:50:51::SCWMssOS::Completed writing the mss file at D:/jh_workspace/0629_axi_spi_uart_timer_gpio/export/axi_system_wrapper/microblaze_0/standalone_microblaze_0/bsp
TRACE::2026-06-29.14:50:51::SCWMssOS::Mss edits present, copying mssfile into export location D:/jh_workspace/0629_axi_spi_uart_timer_gpio/export/axi_system_wrapper/microblaze_0/standalone_microblaze_0/bsp/system.mss
TRACE::2026-06-29.14:50:51::SCWMssOS::bsp generated is upto date with the mss file. Skipping bsp generation.
TRACE::2026-06-29.14:50:51::SCWMssOS::BSP is already built. skipping the bsp build ... 
TRACE::2026-06-29.14:50:51::SCWDomain::Building the domain as part of full build :  standalone_microblaze_0
TRACE::2026-06-29.14:50:51::SCWMssOS::doing bsp build ... 
TRACE::2026-06-29.14:50:51::SCWMssOS::System Command Ran  D: & cd  D:/jh_workspace/0629_axi_spi_uart_timer_gpio/export/axi_system_wrapper/microblaze_0/standalone_microblaze_0/bsp & make 
TRACE::2026-06-29.14:50:51::SCWMssOS::make --no-print-directory seq_libs

TRACE::2026-06-29.14:50:51::SCWMssOS::"Running Make include in microblaze_0/libsrc/bram_v4_5/src"

TRACE::2026-06-29.14:50:51::SCWMssOS::make -C microblaze_0/libsrc/bram_v4_5/src -s include  "SHELL=CMD" "COMPILER=mb-gcc" "ASSEMBLER=mb-as" "ARCHIVER=mb-ar" "COMPILE
TRACE::2026-06-29.14:50:51::SCWMssOS::R_FLAGS=  -O2 -c -mcpu=v11.0 -mlittle-endian -mxl-soft-mul" "EXTRA_COMPILER_FLAGS=-g -ffunction-sections -fdata-sections -Wall 
TRACE::2026-06-29.14:50:51::SCWMssOS::-Wextra"

TRACE::2026-06-29.14:50:51::SCWMssOS::"Running Make include in microblaze_0/libsrc/cpu_v2_12/src"

TRACE::2026-06-29.14:50:51::SCWMssOS::make -C microblaze_0/libsrc/cpu_v2_12/src -s include  "SHELL=CMD" "COMPILER=mb-gcc" "ASSEMBLER=mb-as" "ARCHIVER=mb-ar" "COMPILE
TRACE::2026-06-29.14:50:51::SCWMssOS::R_FLAGS=  -O2 -c -mcpu=v11.0 -mlittle-endian -mxl-soft-mul" "EXTRA_COMPILER_FLAGS=-g -ffunction-sections -fdata-sections -Wall 
TRACE::2026-06-29.14:50:51::SCWMssOS::-Wextra"

TRACE::2026-06-29.14:50:51::SCWMssOS::"Running Make include in microblaze_0/libsrc/gpio_v1_0/src"

TRACE::2026-06-29.14:50:51::SCWMssOS::make -C microblaze_0/libsrc/gpio_v1_0/src -s include  "SHELL=CMD" "COMPILER=mb-gcc" "ASSEMBLER=mb-as" "ARCHIVER=mb-ar" "COMPILE
TRACE::2026-06-29.14:50:51::SCWMssOS::R_FLAGS=  -O2 -c -mcpu=v11.0 -mlittle-endian -mxl-soft-mul" "EXTRA_COMPILER_FLAGS=-g -ffunction-sections -fdata-sections -Wall 
TRACE::2026-06-29.14:50:51::SCWMssOS::-Wextra"

TRACE::2026-06-29.14:50:51::SCWMssOS::"Running Make include in microblaze_0/libsrc/intc_v3_12/src"

TRACE::2026-06-29.14:50:51::SCWMssOS::make -C microblaze_0/libsrc/intc_v3_12/src -s include  "SHELL=CMD" "COMPILER=mb-gcc" "ASSEMBLER=mb-as" "ARCHIVER=mb-ar" "COMPIL
TRACE::2026-06-29.14:50:51::SCWMssOS::ER_FLAGS=  -O2 -c -mcpu=v11.0 -mlittle-endian -mxl-soft-mul" "EXTRA_COMPILER_FLAGS=-g -ffunction-sections -fdata-sections -Wall
TRACE::2026-06-29.14:50:51::SCWMssOS:: -Wextra"

TRACE::2026-06-29.14:50:51::SCWMssOS::"Running Make include in microblaze_0/libsrc/spi_axi_v1_0/src"

TRACE::2026-06-29.14:50:51::SCWMssOS::make -C microblaze_0/libsrc/spi_axi_v1_0/src -s include  "SHELL=CMD" "COMPILER=mb-gcc" "ASSEMBLER=mb-as" "ARCHIVER=mb-ar" "COMP
TRACE::2026-06-29.14:50:51::SCWMssOS::ILER_FLAGS=  -O2 -c -mcpu=v11.0 -mlittle-endian -mxl-soft-mul" "EXTRA_COMPILER_FLAGS=-g -ffunction-sections -fdata-sections -Wa
TRACE::2026-06-29.14:50:51::SCWMssOS::ll -Wextra"

TRACE::2026-06-29.14:50:51::SCWMssOS::"Running Make include in microblaze_0/libsrc/standalone_v7_3/src"

TRACE::2026-06-29.14:50:51::SCWMssOS::make -C microblaze_0/libsrc/standalone_v7_3/src -s include  "SHELL=CMD" "COMPILER=mb-gcc" "ASSEMBLER=mb-as" "ARCHIVER=mb-ar" "C
TRACE::2026-06-29.14:50:51::SCWMssOS::OMPILER_FLAGS=  -O2 -c -mcpu=v11.0 -mlittle-endian -mxl-soft-mul" "EXTRA_COMPILER_FLAGS=-g -ffunction-sections -fdata-sections 
TRACE::2026-06-29.14:50:51::SCWMssOS::-Wall -Wextra"

TRACE::2026-06-29.14:50:51::SCWMssOS::"Running Make include in microblaze_0/libsrc/timer_two_v1_0/src"

TRACE::2026-06-29.14:50:51::SCWMssOS::make -C microblaze_0/libsrc/timer_two_v1_0/src -s include  "SHELL=CMD" "COMPILER=mb-gcc" "ASSEMBLER=mb-as" "ARCHIVER=mb-ar" "CO
TRACE::2026-06-29.14:50:51::SCWMssOS::MPILER_FLAGS=  -O2 -c -mcpu=v11.0 -mlittle-endian -mxl-soft-mul" "EXTRA_COMPILER_FLAGS=-g -ffunction-sections -fdata-sections -
TRACE::2026-06-29.14:50:51::SCWMssOS::Wall -Wextra"

TRACE::2026-06-29.14:50:51::SCWMssOS::"Running Make include in microblaze_0/libsrc/uart_two_v1_0/src"

TRACE::2026-06-29.14:50:51::SCWMssOS::make -C microblaze_0/libsrc/uart_two_v1_0/src -s include  "SHELL=CMD" "COMPILER=mb-gcc" "ASSEMBLER=mb-as" "ARCHIVER=mb-ar" "COM
TRACE::2026-06-29.14:50:51::SCWMssOS::PILER_FLAGS=  -O2 -c -mcpu=v11.0 -mlittle-endian -mxl-soft-mul" "EXTRA_COMPILER_FLAGS=-g -ffunction-sections -fdata-sections -W
TRACE::2026-06-29.14:50:51::SCWMssOS::all -Wextra"

TRACE::2026-06-29.14:50:52::SCWMssOS::"Running Make libs in microblaze_0/libsrc/gpio_v1_0/src"

TRACE::2026-06-29.14:50:52::SCWMssOS::make -C microblaze_0/libsrc/gpio_v1_0/src -s libs  "SHELL=CMD" "COMPILER=mb-gcc" "ASSEMBLER=mb-as" "ARCHIVER=mb-ar" "COMPILER_F
TRACE::2026-06-29.14:50:52::SCWMssOS::LAGS=  -O2 -c -mcpu=v11.0 -mlittle-endian -mxl-soft-mul" "EXTRA_COMPILER_FLAGS=-g -ffunction-sections -fdata-sections -Wall -We
TRACE::2026-06-29.14:50:52::SCWMssOS::xtra"

TRACE::2026-06-29.14:50:52::SCWMssOS::"Compiling gpio..."

TRACE::2026-06-29.14:50:52::SCWMssOS::"Running Make libs in microblaze_0/libsrc/spi_axi_v1_0/src"

TRACE::2026-06-29.14:50:52::SCWMssOS::make -C microblaze_0/libsrc/spi_axi_v1_0/src -s libs  "SHELL=CMD" "COMPILER=mb-gcc" "ASSEMBLER=mb-as" "ARCHIVER=mb-ar" "COMPILE
TRACE::2026-06-29.14:50:52::SCWMssOS::R_FLAGS=  -O2 -c -mcpu=v11.0 -mlittle-endian -mxl-soft-mul" "EXTRA_COMPILER_FLAGS=-g -ffunction-sections -fdata-sections -Wall 
TRACE::2026-06-29.14:50:52::SCWMssOS::-Wextra"

TRACE::2026-06-29.14:50:52::SCWMssOS::"Compiling spi_axi..."

ERROR::2026-06-29.14:50:52::SCWMssOS::Failed to build  the bsp sources for domain - standalone_microblaze_0
ERROR::2026-06-29.14:50:52::SCWSystem::Error in Processing the domain standalone_microblaze_0
LOG::2026-06-29.14:51:06::SCWPlatform::Started generating the artifacts platform axi_system_wrapper
TRACE::2026-06-29.14:51:06::SCWPlatform::Sanity checking of platform is completed
LOG::2026-06-29.14:51:06::SCWPlatform::Started generating the artifacts for system configuration axi_system_wrapper
LOG::2026-06-29.14:51:06::SCWSystem::Checking the domain standalone_microblaze_0
LOG::2026-06-29.14:51:06::SCWSystem::Not a boot domain 
LOG::2026-06-29.14:51:06::SCWSystem::Started Processing the domain standalone_microblaze_0
TRACE::2026-06-29.14:51:06::SCWDomain::Generating domain artifcats
TRACE::2026-06-29.14:51:06::SCWMssOS::Generating standalone artifcats
TRACE::2026-06-29.14:51:06::SCWMssOS:: Copying the user libraries. 
TRACE::2026-06-29.14:51:06::SCWPlatform::Trying to open the hw design at D:/jh_workspace/0629_axi_spi_uart_timer_gpio/export/axi_system_wrapper/hw/axi_system_wrapper.xsa
TRACE::2026-06-29.14:51:06::SCWPlatform::DSA given D:/jh_workspace/0629_axi_spi_uart_timer_gpio/export/axi_system_wrapper/hw/axi_system_wrapper.xsa
TRACE::2026-06-29.14:51:06::SCWPlatform::DSA absoulate path D:/jh_workspace/0629_axi_spi_uart_timer_gpio/export/axi_system_wrapper/hw/axi_system_wrapper.xsa
TRACE::2026-06-29.14:51:06::SCWPlatform::DSA directory D:/jh_workspace/0629_axi_spi_uart_timer_gpio/export/axi_system_wrapper/hw
TRACE::2026-06-29.14:51:06::SCWPlatform:: Platform Path D:/jh_workspace/0629_axi_spi_uart_timer_gpio/export/axi_system_wrapper/hw/axi_system_wrapper.xsa
TRACE::2026-06-29.14:51:06::SCWPlatform:: Unique name xilinx:basys3::0.0
TRACE::2026-06-29.14:51:06::SCWPlatform::Trying to set the existing hwdb with name axi_system_wrapper_0
TRACE::2026-06-29.14:51:06::SCWPlatform::Opened existing hwdb axi_system_wrapper_0
TRACE::2026-06-29.14:51:06::SCWPlatform::Found the Hw Db part of the input DSA
TRACE::2026-06-29.14:51:06::SCWMssOS::Checking the sw design at  D:/jh_workspace/0629_axi_spi_uart_timer_gpio/export/axi_system_wrapper/microblaze_0/standalone_microblaze_0/bsp/system.mss
TRACE::2026-06-29.14:51:06::SCWMssOS::DEBUG:  swdes dump  D:/jh_workspace/0629_axi_spi_uart_timer_gpio/export/axi_system_wrapper/microblaze_0/standalone_microblaze_0/bsp/system.mss|system||

TRACE::2026-06-29.14:51:06::SCWMssOS::Sw design exists and opened at  D:/jh_workspace/0629_axi_spi_uart_timer_gpio/export/axi_system_wrapper/microblaze_0/standalone_microblaze_0/bsp/system.mss
TRACE::2026-06-29.14:51:06::SCWMssOS::Completed writing the mss file at D:/jh_workspace/0629_axi_spi_uart_timer_gpio/export/axi_system_wrapper/microblaze_0/standalone_microblaze_0/bsp
TRACE::2026-06-29.14:51:06::SCWMssOS::Mss edits present, copying mssfile into export location D:/jh_workspace/0629_axi_spi_uart_timer_gpio/export/axi_system_wrapper/microblaze_0/standalone_microblaze_0/bsp/system.mss
TRACE::2026-06-29.14:51:06::SCWMssOS::bsp generated is upto date with the mss file. Skipping bsp generation.
TRACE::2026-06-29.14:51:06::SCWMssOS::BSP is already built. skipping the bsp build ... 
TRACE::2026-06-29.14:51:06::SCWDomain::Building the domain as part of full build :  standalone_microblaze_0
TRACE::2026-06-29.14:51:06::SCWMssOS::doing bsp build ... 
TRACE::2026-06-29.14:51:06::SCWMssOS::System Command Ran  D: & cd  D:/jh_workspace/0629_axi_spi_uart_timer_gpio/export/axi_system_wrapper/microblaze_0/standalone_microblaze_0/bsp & make 
TRACE::2026-06-29.14:51:06::SCWMssOS::make --no-print-directory seq_libs

TRACE::2026-06-29.14:51:06::SCWMssOS::"Running Make include in microblaze_0/libsrc/bram_v4_5/src"

TRACE::2026-06-29.14:51:06::SCWMssOS::make -C microblaze_0/libsrc/bram_v4_5/src -s include  "SHELL=CMD" "COMPILER=mb-gcc" "ASSEMBLER=mb-as" "ARCHIVER=mb-ar" "COMPILE
TRACE::2026-06-29.14:51:06::SCWMssOS::R_FLAGS=  -O2 -c -mcpu=v11.0 -mlittle-endian -mxl-soft-mul" "EXTRA_COMPILER_FLAGS=-g -ffunction-sections -fdata-sections -Wall 
TRACE::2026-06-29.14:51:06::SCWMssOS::-Wextra"

TRACE::2026-06-29.14:51:06::SCWMssOS::"Running Make include in microblaze_0/libsrc/cpu_v2_12/src"

TRACE::2026-06-29.14:51:06::SCWMssOS::make -C microblaze_0/libsrc/cpu_v2_12/src -s include  "SHELL=CMD" "COMPILER=mb-gcc" "ASSEMBLER=mb-as" "ARCHIVER=mb-ar" "COMPILE
TRACE::2026-06-29.14:51:06::SCWMssOS::R_FLAGS=  -O2 -c -mcpu=v11.0 -mlittle-endian -mxl-soft-mul" "EXTRA_COMPILER_FLAGS=-g -ffunction-sections -fdata-sections -Wall 
TRACE::2026-06-29.14:51:06::SCWMssOS::-Wextra"

TRACE::2026-06-29.14:51:06::SCWMssOS::"Running Make include in microblaze_0/libsrc/gpio_v1_0/src"

TRACE::2026-06-29.14:51:06::SCWMssOS::make -C microblaze_0/libsrc/gpio_v1_0/src -s include  "SHELL=CMD" "COMPILER=mb-gcc" "ASSEMBLER=mb-as" "ARCHIVER=mb-ar" "COMPILE
TRACE::2026-06-29.14:51:06::SCWMssOS::R_FLAGS=  -O2 -c -mcpu=v11.0 -mlittle-endian -mxl-soft-mul" "EXTRA_COMPILER_FLAGS=-g -ffunction-sections -fdata-sections -Wall 
TRACE::2026-06-29.14:51:06::SCWMssOS::-Wextra"

TRACE::2026-06-29.14:51:06::SCWMssOS::"Running Make include in microblaze_0/libsrc/intc_v3_12/src"

TRACE::2026-06-29.14:51:06::SCWMssOS::make -C microblaze_0/libsrc/intc_v3_12/src -s include  "SHELL=CMD" "COMPILER=mb-gcc" "ASSEMBLER=mb-as" "ARCHIVER=mb-ar" "COMPIL
TRACE::2026-06-29.14:51:06::SCWMssOS::ER_FLAGS=  -O2 -c -mcpu=v11.0 -mlittle-endian -mxl-soft-mul" "EXTRA_COMPILER_FLAGS=-g -ffunction-sections -fdata-sections -Wall
TRACE::2026-06-29.14:51:06::SCWMssOS:: -Wextra"

TRACE::2026-06-29.14:51:06::SCWMssOS::"Running Make include in microblaze_0/libsrc/spi_axi_v1_0/src"

TRACE::2026-06-29.14:51:06::SCWMssOS::make -C microblaze_0/libsrc/spi_axi_v1_0/src -s include  "SHELL=CMD" "COMPILER=mb-gcc" "ASSEMBLER=mb-as" "ARCHIVER=mb-ar" "COMP
TRACE::2026-06-29.14:51:06::SCWMssOS::ILER_FLAGS=  -O2 -c -mcpu=v11.0 -mlittle-endian -mxl-soft-mul" "EXTRA_COMPILER_FLAGS=-g -ffunction-sections -fdata-sections -Wa
TRACE::2026-06-29.14:51:06::SCWMssOS::ll -Wextra"

TRACE::2026-06-29.14:51:06::SCWMssOS::"Running Make include in microblaze_0/libsrc/standalone_v7_3/src"

TRACE::2026-06-29.14:51:06::SCWMssOS::make -C microblaze_0/libsrc/standalone_v7_3/src -s include  "SHELL=CMD" "COMPILER=mb-gcc" "ASSEMBLER=mb-as" "ARCHIVER=mb-ar" "C
TRACE::2026-06-29.14:51:06::SCWMssOS::OMPILER_FLAGS=  -O2 -c -mcpu=v11.0 -mlittle-endian -mxl-soft-mul" "EXTRA_COMPILER_FLAGS=-g -ffunction-sections -fdata-sections 
TRACE::2026-06-29.14:51:06::SCWMssOS::-Wall -Wextra"

TRACE::2026-06-29.14:51:06::SCWMssOS::"Running Make include in microblaze_0/libsrc/timer_two_v1_0/src"

TRACE::2026-06-29.14:51:06::SCWMssOS::make -C microblaze_0/libsrc/timer_two_v1_0/src -s include  "SHELL=CMD" "COMPILER=mb-gcc" "ASSEMBLER=mb-as" "ARCHIVER=mb-ar" "CO
TRACE::2026-06-29.14:51:06::SCWMssOS::MPILER_FLAGS=  -O2 -c -mcpu=v11.0 -mlittle-endian -mxl-soft-mul" "EXTRA_COMPILER_FLAGS=-g -ffunction-sections -fdata-sections -
TRACE::2026-06-29.14:51:06::SCWMssOS::Wall -Wextra"

TRACE::2026-06-29.14:51:06::SCWMssOS::"Running Make include in microblaze_0/libsrc/uart_two_v1_0/src"

TRACE::2026-06-29.14:51:06::SCWMssOS::make -C microblaze_0/libsrc/uart_two_v1_0/src -s include  "SHELL=CMD" "COMPILER=mb-gcc" "ASSEMBLER=mb-as" "ARCHIVER=mb-ar" "COM
TRACE::2026-06-29.14:51:06::SCWMssOS::PILER_FLAGS=  -O2 -c -mcpu=v11.0 -mlittle-endian -mxl-soft-mul" "EXTRA_COMPILER_FLAGS=-g -ffunction-sections -fdata-sections -W
TRACE::2026-06-29.14:51:06::SCWMssOS::all -Wextra"

TRACE::2026-06-29.14:51:06::SCWMssOS::"Running Make libs in microblaze_0/libsrc/gpio_v1_0/src"

TRACE::2026-06-29.14:51:06::SCWMssOS::make -C microblaze_0/libsrc/gpio_v1_0/src -s libs  "SHELL=CMD" "COMPILER=mb-gcc" "ASSEMBLER=mb-as" "ARCHIVER=mb-ar" "COMPILER_F
TRACE::2026-06-29.14:51:06::SCWMssOS::LAGS=  -O2 -c -mcpu=v11.0 -mlittle-endian -mxl-soft-mul" "EXTRA_COMPILER_FLAGS=-g -ffunction-sections -fdata-sections -Wall -We
TRACE::2026-06-29.14:51:06::SCWMssOS::xtra"

TRACE::2026-06-29.14:51:06::SCWMssOS::"Compiling gpio..."

TRACE::2026-06-29.14:51:06::SCWMssOS::"Running Make libs in microblaze_0/libsrc/spi_axi_v1_0/src"

TRACE::2026-06-29.14:51:06::SCWMssOS::make -C microblaze_0/libsrc/spi_axi_v1_0/src -s libs  "SHELL=CMD" "COMPILER=mb-gcc" "ASSEMBLER=mb-as" "ARCHIVER=mb-ar" "COMPILE
TRACE::2026-06-29.14:51:06::SCWMssOS::R_FLAGS=  -O2 -c -mcpu=v11.0 -mlittle-endian -mxl-soft-mul" "EXTRA_COMPILER_FLAGS=-g -ffunction-sections -fdata-sections -Wall 
TRACE::2026-06-29.14:51:06::SCWMssOS::-Wextra"

TRACE::2026-06-29.14:51:06::SCWMssOS::"Compiling spi_axi..."

ERROR::2026-06-29.14:51:06::SCWMssOS::Failed to build  the bsp sources for domain - standalone_microblaze_0
ERROR::2026-06-29.14:51:06::SCWSystem::Error in Processing the domain standalone_microblaze_0
LOG::2026-06-29.14:52:27::SCWPlatform::Started generating the artifacts platform axi_system_wrapper
TRACE::2026-06-29.14:52:27::SCWPlatform::Sanity checking of platform is completed
LOG::2026-06-29.14:52:27::SCWPlatform::Started generating the artifacts for system configuration axi_system_wrapper
LOG::2026-06-29.14:52:27::SCWSystem::Checking the domain standalone_microblaze_0
LOG::2026-06-29.14:52:27::SCWSystem::Not a boot domain 
LOG::2026-06-29.14:52:27::SCWSystem::Started Processing the domain standalone_microblaze_0
TRACE::2026-06-29.14:52:27::SCWDomain::Generating domain artifcats
TRACE::2026-06-29.14:52:27::SCWMssOS::Generating standalone artifcats
TRACE::2026-06-29.14:52:27::SCWMssOS:: Copying the user libraries. 
TRACE::2026-06-29.14:52:27::SCWPlatform::Trying to open the hw design at D:/jh_workspace/0629_axi_spi_uart_timer_gpio/export/axi_system_wrapper/hw/axi_system_wrapper.xsa
TRACE::2026-06-29.14:52:27::SCWPlatform::DSA given D:/jh_workspace/0629_axi_spi_uart_timer_gpio/export/axi_system_wrapper/hw/axi_system_wrapper.xsa
TRACE::2026-06-29.14:52:27::SCWPlatform::DSA absoulate path D:/jh_workspace/0629_axi_spi_uart_timer_gpio/export/axi_system_wrapper/hw/axi_system_wrapper.xsa
TRACE::2026-06-29.14:52:27::SCWPlatform::DSA directory D:/jh_workspace/0629_axi_spi_uart_timer_gpio/export/axi_system_wrapper/hw
TRACE::2026-06-29.14:52:27::SCWPlatform:: Platform Path D:/jh_workspace/0629_axi_spi_uart_timer_gpio/export/axi_system_wrapper/hw/axi_system_wrapper.xsa
TRACE::2026-06-29.14:52:27::SCWPlatform:: Unique name xilinx:basys3::0.0
TRACE::2026-06-29.14:52:27::SCWPlatform::Trying to set the existing hwdb with name axi_system_wrapper_0
TRACE::2026-06-29.14:52:27::SCWPlatform::Opened existing hwdb axi_system_wrapper_0
TRACE::2026-06-29.14:52:27::SCWPlatform::Found the Hw Db part of the input DSA
TRACE::2026-06-29.14:52:27::SCWMssOS::Checking the sw design at  D:/jh_workspace/0629_axi_spi_uart_timer_gpio/export/axi_system_wrapper/microblaze_0/standalone_microblaze_0/bsp/system.mss
TRACE::2026-06-29.14:52:27::SCWMssOS::DEBUG:  swdes dump  D:/jh_workspace/0629_axi_spi_uart_timer_gpio/export/axi_system_wrapper/microblaze_0/standalone_microblaze_0/bsp/system.mss|system||

TRACE::2026-06-29.14:52:27::SCWMssOS::Sw design exists and opened at  D:/jh_workspace/0629_axi_spi_uart_timer_gpio/export/axi_system_wrapper/microblaze_0/standalone_microblaze_0/bsp/system.mss
TRACE::2026-06-29.14:52:27::SCWMssOS::Completed writing the mss file at D:/jh_workspace/0629_axi_spi_uart_timer_gpio/export/axi_system_wrapper/microblaze_0/standalone_microblaze_0/bsp
TRACE::2026-06-29.14:52:27::SCWMssOS::Mss edits present, copying mssfile into export location D:/jh_workspace/0629_axi_spi_uart_timer_gpio/export/axi_system_wrapper/microblaze_0/standalone_microblaze_0/bsp/system.mss
TRACE::2026-06-29.14:52:27::SCWMssOS::bsp generated is upto date with the mss file. Skipping bsp generation.
TRACE::2026-06-29.14:52:27::SCWMssOS::BSP is already built. skipping the bsp build ... 
TRACE::2026-06-29.14:52:27::SCWDomain::Building the domain as part of full build :  standalone_microblaze_0
TRACE::2026-06-29.14:52:27::SCWMssOS::doing bsp build ... 
TRACE::2026-06-29.14:52:27::SCWMssOS::System Command Ran  D: & cd  D:/jh_workspace/0629_axi_spi_uart_timer_gpio/export/axi_system_wrapper/microblaze_0/standalone_microblaze_0/bsp & make 
TRACE::2026-06-29.14:52:27::SCWMssOS::make --no-print-directory seq_libs

TRACE::2026-06-29.14:52:27::SCWMssOS::"Running Make include in microblaze_0/libsrc/bram_v4_5/src"

TRACE::2026-06-29.14:52:27::SCWMssOS::make -C microblaze_0/libsrc/bram_v4_5/src -s include  "SHELL=CMD" "COMPILER=mb-gcc" "ASSEMBLER=mb-as" "ARCHIVER=mb-ar" "COMPILE
TRACE::2026-06-29.14:52:27::SCWMssOS::R_FLAGS=  -O2 -c -mcpu=v11.0 -mlittle-endian -mxl-soft-mul" "EXTRA_COMPILER_FLAGS=-g -ffunction-sections -fdata-sections -Wall 
TRACE::2026-06-29.14:52:27::SCWMssOS::-Wextra"

TRACE::2026-06-29.14:52:27::SCWMssOS::"Running Make include in microblaze_0/libsrc/cpu_v2_12/src"

TRACE::2026-06-29.14:52:27::SCWMssOS::make -C microblaze_0/libsrc/cpu_v2_12/src -s include  "SHELL=CMD" "COMPILER=mb-gcc" "ASSEMBLER=mb-as" "ARCHIVER=mb-ar" "COMPILE
TRACE::2026-06-29.14:52:27::SCWMssOS::R_FLAGS=  -O2 -c -mcpu=v11.0 -mlittle-endian -mxl-soft-mul" "EXTRA_COMPILER_FLAGS=-g -ffunction-sections -fdata-sections -Wall 
TRACE::2026-06-29.14:52:27::SCWMssOS::-Wextra"

TRACE::2026-06-29.14:52:27::SCWMssOS::"Running Make include in microblaze_0/libsrc/gpio_v1_0/src"

TRACE::2026-06-29.14:52:27::SCWMssOS::make -C microblaze_0/libsrc/gpio_v1_0/src -s include  "SHELL=CMD" "COMPILER=mb-gcc" "ASSEMBLER=mb-as" "ARCHIVER=mb-ar" "COMPILE
TRACE::2026-06-29.14:52:27::SCWMssOS::R_FLAGS=  -O2 -c -mcpu=v11.0 -mlittle-endian -mxl-soft-mul" "EXTRA_COMPILER_FLAGS=-g -ffunction-sections -fdata-sections -Wall 
TRACE::2026-06-29.14:52:27::SCWMssOS::-Wextra"

TRACE::2026-06-29.14:52:27::SCWMssOS::"Running Make include in microblaze_0/libsrc/intc_v3_12/src"

TRACE::2026-06-29.14:52:27::SCWMssOS::make -C microblaze_0/libsrc/intc_v3_12/src -s include  "SHELL=CMD" "COMPILER=mb-gcc" "ASSEMBLER=mb-as" "ARCHIVER=mb-ar" "COMPIL
TRACE::2026-06-29.14:52:27::SCWMssOS::ER_FLAGS=  -O2 -c -mcpu=v11.0 -mlittle-endian -mxl-soft-mul" "EXTRA_COMPILER_FLAGS=-g -ffunction-sections -fdata-sections -Wall
TRACE::2026-06-29.14:52:27::SCWMssOS:: -Wextra"

TRACE::2026-06-29.14:52:27::SCWMssOS::"Running Make include in microblaze_0/libsrc/spi_axi_v1_0/src"

TRACE::2026-06-29.14:52:27::SCWMssOS::make -C microblaze_0/libsrc/spi_axi_v1_0/src -s include  "SHELL=CMD" "COMPILER=mb-gcc" "ASSEMBLER=mb-as" "ARCHIVER=mb-ar" "COMP
TRACE::2026-06-29.14:52:27::SCWMssOS::ILER_FLAGS=  -O2 -c -mcpu=v11.0 -mlittle-endian -mxl-soft-mul" "EXTRA_COMPILER_FLAGS=-g -ffunction-sections -fdata-sections -Wa
TRACE::2026-06-29.14:52:27::SCWMssOS::ll -Wextra"

TRACE::2026-06-29.14:52:27::SCWMssOS::"Running Make include in microblaze_0/libsrc/standalone_v7_3/src"

TRACE::2026-06-29.14:52:27::SCWMssOS::make -C microblaze_0/libsrc/standalone_v7_3/src -s include  "SHELL=CMD" "COMPILER=mb-gcc" "ASSEMBLER=mb-as" "ARCHIVER=mb-ar" "C
TRACE::2026-06-29.14:52:27::SCWMssOS::OMPILER_FLAGS=  -O2 -c -mcpu=v11.0 -mlittle-endian -mxl-soft-mul" "EXTRA_COMPILER_FLAGS=-g -ffunction-sections -fdata-sections 
TRACE::2026-06-29.14:52:27::SCWMssOS::-Wall -Wextra"

TRACE::2026-06-29.14:52:28::SCWMssOS::"Running Make include in microblaze_0/libsrc/timer_two_v1_0/src"

TRACE::2026-06-29.14:52:28::SCWMssOS::make -C microblaze_0/libsrc/timer_two_v1_0/src -s include  "SHELL=CMD" "COMPILER=mb-gcc" "ASSEMBLER=mb-as" "ARCHIVER=mb-ar" "CO
TRACE::2026-06-29.14:52:28::SCWMssOS::MPILER_FLAGS=  -O2 -c -mcpu=v11.0 -mlittle-endian -mxl-soft-mul" "EXTRA_COMPILER_FLAGS=-g -ffunction-sections -fdata-sections -
TRACE::2026-06-29.14:52:28::SCWMssOS::Wall -Wextra"

TRACE::2026-06-29.14:52:28::SCWMssOS::"Running Make include in microblaze_0/libsrc/uart_two_v1_0/src"

TRACE::2026-06-29.14:52:28::SCWMssOS::make -C microblaze_0/libsrc/uart_two_v1_0/src -s include  "SHELL=CMD" "COMPILER=mb-gcc" "ASSEMBLER=mb-as" "ARCHIVER=mb-ar" "COM
TRACE::2026-06-29.14:52:28::SCWMssOS::PILER_FLAGS=  -O2 -c -mcpu=v11.0 -mlittle-endian -mxl-soft-mul" "EXTRA_COMPILER_FLAGS=-g -ffunction-sections -fdata-sections -W
TRACE::2026-06-29.14:52:28::SCWMssOS::all -Wextra"

TRACE::2026-06-29.14:52:28::SCWMssOS::"Running Make libs in microblaze_0/libsrc/gpio_v1_0/src"

TRACE::2026-06-29.14:52:28::SCWMssOS::make -C microblaze_0/libsrc/gpio_v1_0/src -s libs  "SHELL=CMD" "COMPILER=mb-gcc" "ASSEMBLER=mb-as" "ARCHIVER=mb-ar" "COMPILER_F
TRACE::2026-06-29.14:52:28::SCWMssOS::LAGS=  -O2 -c -mcpu=v11.0 -mlittle-endian -mxl-soft-mul" "EXTRA_COMPILER_FLAGS=-g -ffunction-sections -fdata-sections -Wall -We
TRACE::2026-06-29.14:52:28::SCWMssOS::xtra"

TRACE::2026-06-29.14:52:28::SCWMssOS::"Compiling gpio..."

TRACE::2026-06-29.14:52:28::SCWMssOS::"Running Make libs in microblaze_0/libsrc/spi_axi_v1_0/src"

TRACE::2026-06-29.14:52:28::SCWMssOS::make -C microblaze_0/libsrc/spi_axi_v1_0/src -s libs  "SHELL=CMD" "COMPILER=mb-gcc" "ASSEMBLER=mb-as" "ARCHIVER=mb-ar" "COMPILE
TRACE::2026-06-29.14:52:28::SCWMssOS::R_FLAGS=  -O2 -c -mcpu=v11.0 -mlittle-endian -mxl-soft-mul" "EXTRA_COMPILER_FLAGS=-g -ffunction-sections -fdata-sections -Wall 
TRACE::2026-06-29.14:52:28::SCWMssOS::-Wextra"

TRACE::2026-06-29.14:52:28::SCWMssOS::"Compiling spi_axi..."

ERROR::2026-06-29.14:52:28::SCWMssOS::Failed to build  the bsp sources for domain - standalone_microblaze_0
ERROR::2026-06-29.14:52:28::SCWSystem::Error in Processing the domain standalone_microblaze_0
LOG::2026-06-29.14:54:27::SCWPlatform::Started generating the artifacts platform axi_system_wrapper
TRACE::2026-06-29.14:54:27::SCWPlatform::Sanity checking of platform is completed
LOG::2026-06-29.14:54:27::SCWPlatform::Started generating the artifacts for system configuration axi_system_wrapper
LOG::2026-06-29.14:54:27::SCWSystem::Checking the domain standalone_microblaze_0
LOG::2026-06-29.14:54:27::SCWSystem::Not a boot domain 
LOG::2026-06-29.14:54:27::SCWSystem::Started Processing the domain standalone_microblaze_0
TRACE::2026-06-29.14:54:27::SCWDomain::Generating domain artifcats
TRACE::2026-06-29.14:54:27::SCWMssOS::Generating standalone artifcats
TRACE::2026-06-29.14:54:27::SCWMssOS:: Copying the user libraries. 
TRACE::2026-06-29.14:54:27::SCWPlatform::Trying to open the hw design at D:/jh_workspace/0629_axi_spi_uart_timer_gpio/export/axi_system_wrapper/hw/axi_system_wrapper.xsa
TRACE::2026-06-29.14:54:27::SCWPlatform::DSA given D:/jh_workspace/0629_axi_spi_uart_timer_gpio/export/axi_system_wrapper/hw/axi_system_wrapper.xsa
TRACE::2026-06-29.14:54:27::SCWPlatform::DSA absoulate path D:/jh_workspace/0629_axi_spi_uart_timer_gpio/export/axi_system_wrapper/hw/axi_system_wrapper.xsa
TRACE::2026-06-29.14:54:27::SCWPlatform::DSA directory D:/jh_workspace/0629_axi_spi_uart_timer_gpio/export/axi_system_wrapper/hw
TRACE::2026-06-29.14:54:27::SCWPlatform:: Platform Path D:/jh_workspace/0629_axi_spi_uart_timer_gpio/export/axi_system_wrapper/hw/axi_system_wrapper.xsa
TRACE::2026-06-29.14:54:27::SCWPlatform:: Unique name xilinx:basys3::0.0
TRACE::2026-06-29.14:54:27::SCWPlatform::Trying to set the existing hwdb with name axi_system_wrapper_0
TRACE::2026-06-29.14:54:27::SCWPlatform::Opened existing hwdb axi_system_wrapper_0
TRACE::2026-06-29.14:54:27::SCWPlatform::Found the Hw Db part of the input DSA
TRACE::2026-06-29.14:54:27::SCWMssOS::Checking the sw design at  D:/jh_workspace/0629_axi_spi_uart_timer_gpio/export/axi_system_wrapper/microblaze_0/standalone_microblaze_0/bsp/system.mss
TRACE::2026-06-29.14:54:27::SCWMssOS::DEBUG:  swdes dump  D:/jh_workspace/0629_axi_spi_uart_timer_gpio/export/axi_system_wrapper/microblaze_0/standalone_microblaze_0/bsp/system.mss|system||

TRACE::2026-06-29.14:54:27::SCWMssOS::Sw design exists and opened at  D:/jh_workspace/0629_axi_spi_uart_timer_gpio/export/axi_system_wrapper/microblaze_0/standalone_microblaze_0/bsp/system.mss
TRACE::2026-06-29.14:54:27::SCWMssOS::Completed writing the mss file at D:/jh_workspace/0629_axi_spi_uart_timer_gpio/export/axi_system_wrapper/microblaze_0/standalone_microblaze_0/bsp
TRACE::2026-06-29.14:54:27::SCWMssOS::Mss edits present, copying mssfile into export location D:/jh_workspace/0629_axi_spi_uart_timer_gpio/export/axi_system_wrapper/microblaze_0/standalone_microblaze_0/bsp/system.mss
TRACE::2026-06-29.14:54:27::SCWMssOS::bsp generated is upto date with the mss file. Skipping bsp generation.
TRACE::2026-06-29.14:54:27::SCWMssOS::BSP is already built. skipping the bsp build ... 
TRACE::2026-06-29.14:54:27::SCWDomain::Building the domain as part of full build :  standalone_microblaze_0
TRACE::2026-06-29.14:54:27::SCWMssOS::doing bsp build ... 
TRACE::2026-06-29.14:54:27::SCWMssOS::System Command Ran  D: & cd  D:/jh_workspace/0629_axi_spi_uart_timer_gpio/export/axi_system_wrapper/microblaze_0/standalone_microblaze_0/bsp & make 
TRACE::2026-06-29.14:54:27::SCWMssOS::make --no-print-directory seq_libs

TRACE::2026-06-29.14:54:27::SCWMssOS::"Running Make include in microblaze_0/libsrc/bram_v4_5/src"

TRACE::2026-06-29.14:54:27::SCWMssOS::make -C microblaze_0/libsrc/bram_v4_5/src -s include  "SHELL=CMD" "COMPILER=mb-gcc" "ASSEMBLER=mb-as" "ARCHIVER=mb-ar" "COMPILE
TRACE::2026-06-29.14:54:27::SCWMssOS::R_FLAGS=  -O2 -c -mcpu=v11.0 -mlittle-endian -mxl-soft-mul" "EXTRA_COMPILER_FLAGS=-g -ffunction-sections -fdata-sections -Wall 
TRACE::2026-06-29.14:54:27::SCWMssOS::-Wextra"

TRACE::2026-06-29.14:54:27::SCWMssOS::"Running Make include in microblaze_0/libsrc/cpu_v2_12/src"

TRACE::2026-06-29.14:54:27::SCWMssOS::make -C microblaze_0/libsrc/cpu_v2_12/src -s include  "SHELL=CMD" "COMPILER=mb-gcc" "ASSEMBLER=mb-as" "ARCHIVER=mb-ar" "COMPILE
TRACE::2026-06-29.14:54:27::SCWMssOS::R_FLAGS=  -O2 -c -mcpu=v11.0 -mlittle-endian -mxl-soft-mul" "EXTRA_COMPILER_FLAGS=-g -ffunction-sections -fdata-sections -Wall 
TRACE::2026-06-29.14:54:27::SCWMssOS::-Wextra"

TRACE::2026-06-29.14:54:27::SCWMssOS::"Running Make include in microblaze_0/libsrc/gpio_v1_0/src"

TRACE::2026-06-29.14:54:27::SCWMssOS::make -C microblaze_0/libsrc/gpio_v1_0/src -s include  "SHELL=CMD" "COMPILER=mb-gcc" "ASSEMBLER=mb-as" "ARCHIVER=mb-ar" "COMPILE
TRACE::2026-06-29.14:54:27::SCWMssOS::R_FLAGS=  -O2 -c -mcpu=v11.0 -mlittle-endian -mxl-soft-mul" "EXTRA_COMPILER_FLAGS=-g -ffunction-sections -fdata-sections -Wall 
TRACE::2026-06-29.14:54:27::SCWMssOS::-Wextra"

TRACE::2026-06-29.14:54:27::SCWMssOS::"Running Make include in microblaze_0/libsrc/intc_v3_12/src"

TRACE::2026-06-29.14:54:27::SCWMssOS::make -C microblaze_0/libsrc/intc_v3_12/src -s include  "SHELL=CMD" "COMPILER=mb-gcc" "ASSEMBLER=mb-as" "ARCHIVER=mb-ar" "COMPIL
TRACE::2026-06-29.14:54:27::SCWMssOS::ER_FLAGS=  -O2 -c -mcpu=v11.0 -mlittle-endian -mxl-soft-mul" "EXTRA_COMPILER_FLAGS=-g -ffunction-sections -fdata-sections -Wall
TRACE::2026-06-29.14:54:27::SCWMssOS:: -Wextra"

TRACE::2026-06-29.14:54:27::SCWMssOS::"Running Make include in microblaze_0/libsrc/spi_axi_v1_0/src"

TRACE::2026-06-29.14:54:27::SCWMssOS::make -C microblaze_0/libsrc/spi_axi_v1_0/src -s include  "SHELL=CMD" "COMPILER=mb-gcc" "ASSEMBLER=mb-as" "ARCHIVER=mb-ar" "COMP
TRACE::2026-06-29.14:54:27::SCWMssOS::ILER_FLAGS=  -O2 -c -mcpu=v11.0 -mlittle-endian -mxl-soft-mul" "EXTRA_COMPILER_FLAGS=-g -ffunction-sections -fdata-sections -Wa
TRACE::2026-06-29.14:54:27::SCWMssOS::ll -Wextra"

TRACE::2026-06-29.14:54:27::SCWMssOS::"Running Make include in microblaze_0/libsrc/standalone_v7_3/src"

TRACE::2026-06-29.14:54:27::SCWMssOS::make -C microblaze_0/libsrc/standalone_v7_3/src -s include  "SHELL=CMD" "COMPILER=mb-gcc" "ASSEMBLER=mb-as" "ARCHIVER=mb-ar" "C
TRACE::2026-06-29.14:54:27::SCWMssOS::OMPILER_FLAGS=  -O2 -c -mcpu=v11.0 -mlittle-endian -mxl-soft-mul" "EXTRA_COMPILER_FLAGS=-g -ffunction-sections -fdata-sections 
TRACE::2026-06-29.14:54:27::SCWMssOS::-Wall -Wextra"

TRACE::2026-06-29.14:54:27::SCWMssOS::"Running Make include in microblaze_0/libsrc/timer_two_v1_0/src"

TRACE::2026-06-29.14:54:27::SCWMssOS::make -C microblaze_0/libsrc/timer_two_v1_0/src -s include  "SHELL=CMD" "COMPILER=mb-gcc" "ASSEMBLER=mb-as" "ARCHIVER=mb-ar" "CO
TRACE::2026-06-29.14:54:27::SCWMssOS::MPILER_FLAGS=  -O2 -c -mcpu=v11.0 -mlittle-endian -mxl-soft-mul" "EXTRA_COMPILER_FLAGS=-g -ffunction-sections -fdata-sections -
TRACE::2026-06-29.14:54:27::SCWMssOS::Wall -Wextra"

TRACE::2026-06-29.14:54:27::SCWMssOS::"Running Make include in microblaze_0/libsrc/uart_two_v1_0/src"

TRACE::2026-06-29.14:54:27::SCWMssOS::make -C microblaze_0/libsrc/uart_two_v1_0/src -s include  "SHELL=CMD" "COMPILER=mb-gcc" "ASSEMBLER=mb-as" "ARCHIVER=mb-ar" "COM
TRACE::2026-06-29.14:54:27::SCWMssOS::PILER_FLAGS=  -O2 -c -mcpu=v11.0 -mlittle-endian -mxl-soft-mul" "EXTRA_COMPILER_FLAGS=-g -ffunction-sections -fdata-sections -W
TRACE::2026-06-29.14:54:27::SCWMssOS::all -Wextra"

TRACE::2026-06-29.14:54:27::SCWMssOS::"Running Make libs in microblaze_0/libsrc/gpio_v1_0/src"

TRACE::2026-06-29.14:54:27::SCWMssOS::make -C microblaze_0/libsrc/gpio_v1_0/src -s libs  "SHELL=CMD" "COMPILER=mb-gcc" "ASSEMBLER=mb-as" "ARCHIVER=mb-ar" "COMPILER_F
TRACE::2026-06-29.14:54:27::SCWMssOS::LAGS=  -O2 -c -mcpu=v11.0 -mlittle-endian -mxl-soft-mul" "EXTRA_COMPILER_FLAGS=-g -ffunction-sections -fdata-sections -Wall -We
TRACE::2026-06-29.14:54:27::SCWMssOS::xtra"

TRACE::2026-06-29.14:54:27::SCWMssOS::"Compiling gpio..."

TRACE::2026-06-29.14:54:27::SCWMssOS::"Running Make libs in microblaze_0/libsrc/spi_axi_v1_0/src"

TRACE::2026-06-29.14:54:27::SCWMssOS::make -C microblaze_0/libsrc/spi_axi_v1_0/src -s libs  "SHELL=CMD" "COMPILER=mb-gcc" "ASSEMBLER=mb-as" "ARCHIVER=mb-ar" "COMPILE
TRACE::2026-06-29.14:54:27::SCWMssOS::R_FLAGS=  -O2 -c -mcpu=v11.0 -mlittle-endian -mxl-soft-mul" "EXTRA_COMPILER_FLAGS=-g -ffunction-sections -fdata-sections -Wall 
TRACE::2026-06-29.14:54:27::SCWMssOS::-Wextra"

TRACE::2026-06-29.14:54:27::SCWMssOS::"Compiling spi_axi..."

ERROR::2026-06-29.14:54:28::SCWMssOS::Failed to build  the bsp sources for domain - standalone_microblaze_0
ERROR::2026-06-29.14:54:28::SCWSystem::Error in Processing the domain standalone_microblaze_0
LOG::2026-06-29.15:10:20::SCWPlatform::Started generating the artifacts platform axi_system_wrapper
TRACE::2026-06-29.15:10:20::SCWPlatform::Sanity checking of platform is completed
LOG::2026-06-29.15:10:20::SCWPlatform::Started generating the artifacts for system configuration axi_system_wrapper
LOG::2026-06-29.15:10:20::SCWSystem::Checking the domain standalone_microblaze_0
LOG::2026-06-29.15:10:20::SCWSystem::Not a boot domain 
LOG::2026-06-29.15:10:20::SCWSystem::Started Processing the domain standalone_microblaze_0
TRACE::2026-06-29.15:10:20::SCWDomain::Generating domain artifcats
TRACE::2026-06-29.15:10:20::SCWMssOS::Generating standalone artifcats
TRACE::2026-06-29.15:10:20::SCWMssOS:: Copying the user libraries. 
TRACE::2026-06-29.15:10:20::SCWPlatform::Trying to open the hw design at D:/jh_workspace/0629_axi_spi_uart_timer_gpio/export/axi_system_wrapper/hw/axi_system_wrapper.xsa
TRACE::2026-06-29.15:10:20::SCWPlatform::DSA given D:/jh_workspace/0629_axi_spi_uart_timer_gpio/export/axi_system_wrapper/hw/axi_system_wrapper.xsa
TRACE::2026-06-29.15:10:20::SCWPlatform::DSA absoulate path D:/jh_workspace/0629_axi_spi_uart_timer_gpio/export/axi_system_wrapper/hw/axi_system_wrapper.xsa
TRACE::2026-06-29.15:10:20::SCWPlatform::DSA directory D:/jh_workspace/0629_axi_spi_uart_timer_gpio/export/axi_system_wrapper/hw
TRACE::2026-06-29.15:10:20::SCWPlatform:: Platform Path D:/jh_workspace/0629_axi_spi_uart_timer_gpio/export/axi_system_wrapper/hw/axi_system_wrapper.xsa
TRACE::2026-06-29.15:10:20::SCWPlatform:: Unique name xilinx:basys3::0.0
TRACE::2026-06-29.15:10:20::SCWPlatform::Trying to set the existing hwdb with name axi_system_wrapper_0
TRACE::2026-06-29.15:10:20::SCWPlatform::Opened existing hwdb axi_system_wrapper_0
TRACE::2026-06-29.15:10:20::SCWPlatform::Found the Hw Db part of the input DSA
TRACE::2026-06-29.15:10:20::SCWMssOS::Checking the sw design at  D:/jh_workspace/0629_axi_spi_uart_timer_gpio/export/axi_system_wrapper/microblaze_0/standalone_microblaze_0/bsp/system.mss
TRACE::2026-06-29.15:10:20::SCWMssOS::DEBUG:  swdes dump  D:/jh_workspace/0629_axi_spi_uart_timer_gpio/export/axi_system_wrapper/microblaze_0/standalone_microblaze_0/bsp/system.mss|system||

TRACE::2026-06-29.15:10:20::SCWMssOS::Sw design exists and opened at  D:/jh_workspace/0629_axi_spi_uart_timer_gpio/export/axi_system_wrapper/microblaze_0/standalone_microblaze_0/bsp/system.mss
TRACE::2026-06-29.15:10:20::SCWMssOS::Completed writing the mss file at D:/jh_workspace/0629_axi_spi_uart_timer_gpio/export/axi_system_wrapper/microblaze_0/standalone_microblaze_0/bsp
TRACE::2026-06-29.15:10:20::SCWMssOS::Mss edits present, copying mssfile into export location D:/jh_workspace/0629_axi_spi_uart_timer_gpio/export/axi_system_wrapper/microblaze_0/standalone_microblaze_0/bsp/system.mss
TRACE::2026-06-29.15:10:20::SCWMssOS::bsp generated is upto date with the mss file. Skipping bsp generation.
TRACE::2026-06-29.15:10:20::SCWMssOS::BSP is already built. skipping the bsp build ... 
TRACE::2026-06-29.15:10:20::SCWDomain::Building the domain as part of full build :  standalone_microblaze_0
TRACE::2026-06-29.15:10:20::SCWMssOS::doing bsp build ... 
TRACE::2026-06-29.15:10:20::SCWMssOS::System Command Ran  D: & cd  D:/jh_workspace/0629_axi_spi_uart_timer_gpio/export/axi_system_wrapper/microblaze_0/standalone_microblaze_0/bsp & make 
TRACE::2026-06-29.15:10:20::SCWMssOS::make --no-print-directory seq_libs

TRACE::2026-06-29.15:10:20::SCWMssOS::"Running Make include in microblaze_0/libsrc/bram_v4_5/src"

TRACE::2026-06-29.15:10:20::SCWMssOS::make -C microblaze_0/libsrc/bram_v4_5/src -s include  "SHELL=CMD" "COMPILER=mb-gcc" "ASSEMBLER=mb-as" "ARCHIVER=mb-ar" "COMPILE
TRACE::2026-06-29.15:10:20::SCWMssOS::R_FLAGS=  -O2 -c -mcpu=v11.0 -mlittle-endian -mxl-soft-mul" "EXTRA_COMPILER_FLAGS=-g -ffunction-sections -fdata-sections -Wall 
TRACE::2026-06-29.15:10:20::SCWMssOS::-Wextra"

TRACE::2026-06-29.15:10:20::SCWMssOS::"Running Make include in microblaze_0/libsrc/cpu_v2_12/src"

TRACE::2026-06-29.15:10:20::SCWMssOS::make -C microblaze_0/libsrc/cpu_v2_12/src -s include  "SHELL=CMD" "COMPILER=mb-gcc" "ASSEMBLER=mb-as" "ARCHIVER=mb-ar" "COMPILE
TRACE::2026-06-29.15:10:20::SCWMssOS::R_FLAGS=  -O2 -c -mcpu=v11.0 -mlittle-endian -mxl-soft-mul" "EXTRA_COMPILER_FLAGS=-g -ffunction-sections -fdata-sections -Wall 
TRACE::2026-06-29.15:10:20::SCWMssOS::-Wextra"

TRACE::2026-06-29.15:10:20::SCWMssOS::"Running Make include in microblaze_0/libsrc/gpio_v1_0/src"

TRACE::2026-06-29.15:10:20::SCWMssOS::make -C microblaze_0/libsrc/gpio_v1_0/src -s include  "SHELL=CMD" "COMPILER=mb-gcc" "ASSEMBLER=mb-as" "ARCHIVER=mb-ar" "COMPILE
TRACE::2026-06-29.15:10:20::SCWMssOS::R_FLAGS=  -O2 -c -mcpu=v11.0 -mlittle-endian -mxl-soft-mul" "EXTRA_COMPILER_FLAGS=-g -ffunction-sections -fdata-sections -Wall 
TRACE::2026-06-29.15:10:20::SCWMssOS::-Wextra"

TRACE::2026-06-29.15:10:20::SCWMssOS::"Running Make include in microblaze_0/libsrc/intc_v3_12/src"

TRACE::2026-06-29.15:10:20::SCWMssOS::make -C microblaze_0/libsrc/intc_v3_12/src -s include  "SHELL=CMD" "COMPILER=mb-gcc" "ASSEMBLER=mb-as" "ARCHIVER=mb-ar" "COMPIL
TRACE::2026-06-29.15:10:20::SCWMssOS::ER_FLAGS=  -O2 -c -mcpu=v11.0 -mlittle-endian -mxl-soft-mul" "EXTRA_COMPILER_FLAGS=-g -ffunction-sections -fdata-sections -Wall
TRACE::2026-06-29.15:10:20::SCWMssOS:: -Wextra"

TRACE::2026-06-29.15:10:20::SCWMssOS::"Running Make include in microblaze_0/libsrc/spi_axi_v1_0/src"

TRACE::2026-06-29.15:10:20::SCWMssOS::make -C microblaze_0/libsrc/spi_axi_v1_0/src -s include  "SHELL=CMD" "COMPILER=mb-gcc" "ASSEMBLER=mb-as" "ARCHIVER=mb-ar" "COMP
TRACE::2026-06-29.15:10:20::SCWMssOS::ILER_FLAGS=  -O2 -c -mcpu=v11.0 -mlittle-endian -mxl-soft-mul" "EXTRA_COMPILER_FLAGS=-g -ffunction-sections -fdata-sections -Wa
TRACE::2026-06-29.15:10:20::SCWMssOS::ll -Wextra"

TRACE::2026-06-29.15:10:20::SCWMssOS::"Running Make include in microblaze_0/libsrc/standalone_v7_3/src"

TRACE::2026-06-29.15:10:20::SCWMssOS::make -C microblaze_0/libsrc/standalone_v7_3/src -s include  "SHELL=CMD" "COMPILER=mb-gcc" "ASSEMBLER=mb-as" "ARCHIVER=mb-ar" "C
TRACE::2026-06-29.15:10:20::SCWMssOS::OMPILER_FLAGS=  -O2 -c -mcpu=v11.0 -mlittle-endian -mxl-soft-mul" "EXTRA_COMPILER_FLAGS=-g -ffunction-sections -fdata-sections 
TRACE::2026-06-29.15:10:20::SCWMssOS::-Wall -Wextra"

TRACE::2026-06-29.15:10:20::SCWMssOS::"Running Make include in microblaze_0/libsrc/timer_two_v1_0/src"

TRACE::2026-06-29.15:10:20::SCWMssOS::make -C microblaze_0/libsrc/timer_two_v1_0/src -s include  "SHELL=CMD" "COMPILER=mb-gcc" "ASSEMBLER=mb-as" "ARCHIVER=mb-ar" "CO
TRACE::2026-06-29.15:10:20::SCWMssOS::MPILER_FLAGS=  -O2 -c -mcpu=v11.0 -mlittle-endian -mxl-soft-mul" "EXTRA_COMPILER_FLAGS=-g -ffunction-sections -fdata-sections -
TRACE::2026-06-29.15:10:20::SCWMssOS::Wall -Wextra"

TRACE::2026-06-29.15:10:20::SCWMssOS::"Running Make include in microblaze_0/libsrc/uart_two_v1_0/src"

TRACE::2026-06-29.15:10:20::SCWMssOS::make -C microblaze_0/libsrc/uart_two_v1_0/src -s include  "SHELL=CMD" "COMPILER=mb-gcc" "ASSEMBLER=mb-as" "ARCHIVER=mb-ar" "COM
TRACE::2026-06-29.15:10:20::SCWMssOS::PILER_FLAGS=  -O2 -c -mcpu=v11.0 -mlittle-endian -mxl-soft-mul" "EXTRA_COMPILER_FLAGS=-g -ffunction-sections -fdata-sections -W
TRACE::2026-06-29.15:10:20::SCWMssOS::all -Wextra"

TRACE::2026-06-29.15:10:20::SCWMssOS::"Running Make libs in microblaze_0/libsrc/gpio_v1_0/src"

TRACE::2026-06-29.15:10:20::SCWMssOS::make -C microblaze_0/libsrc/gpio_v1_0/src -s libs  "SHELL=CMD" "COMPILER=mb-gcc" "ASSEMBLER=mb-as" "ARCHIVER=mb-ar" "COMPILER_F
TRACE::2026-06-29.15:10:20::SCWMssOS::LAGS=  -O2 -c -mcpu=v11.0 -mlittle-endian -mxl-soft-mul" "EXTRA_COMPILER_FLAGS=-g -ffunction-sections -fdata-sections -Wall -We
TRACE::2026-06-29.15:10:20::SCWMssOS::xtra"

TRACE::2026-06-29.15:10:20::SCWMssOS::"Compiling gpio..."

TRACE::2026-06-29.15:10:20::SCWMssOS::"Running Make libs in microblaze_0/libsrc/spi_axi_v1_0/src"

TRACE::2026-06-29.15:10:20::SCWMssOS::make -C microblaze_0/libsrc/spi_axi_v1_0/src -s libs  "SHELL=CMD" "COMPILER=mb-gcc" "ASSEMBLER=mb-as" "ARCHIVER=mb-ar" "COMPILE
TRACE::2026-06-29.15:10:20::SCWMssOS::R_FLAGS=  -O2 -c -mcpu=v11.0 -mlittle-endian -mxl-soft-mul" "EXTRA_COMPILER_FLAGS=-g -ffunction-sections -fdata-sections -Wall 
TRACE::2026-06-29.15:10:20::SCWMssOS::-Wextra"

TRACE::2026-06-29.15:10:20::SCWMssOS::"Compiling spi_axi..."

ERROR::2026-06-29.15:10:21::SCWMssOS::Failed to build  the bsp sources for domain - standalone_microblaze_0
ERROR::2026-06-29.15:10:21::SCWSystem::Error in Processing the domain standalone_microblaze_0
TRACE::2026-06-29.15:10:27::SCWMssOS::cleaning the bsp 
TRACE::2026-06-29.15:10:27::SCWMssOS::System Command Ran  D: & cd  D:/jh_workspace/0629_axi_spi_uart_timer_gpio/export/axi_system_wrapper/microblaze_0/standalone_microblaze_0/bsp & make clean 
TRACE::2026-06-29.15:10:27::SCWMssOS::make -C microblaze_0/libsrc/bram_v4_5/src -s clean 

TRACE::2026-06-29.15:10:27::SCWMssOS::make -C microblaze_0/libsrc/cpu_v2_12/src -s clean 

TRACE::2026-06-29.15:10:27::SCWMssOS::make -C microblaze_0/libsrc/gpio_v1_0/src -s clean 

TRACE::2026-06-29.15:10:27::SCWMssOS::make -C microblaze_0/libsrc/intc_v3_12/src -s clean 

TRACE::2026-06-29.15:10:27::SCWMssOS::make -C microblaze_0/libsrc/spi_axi_v1_0/src -s clean 

TRACE::2026-06-29.15:10:27::SCWMssOS::make -C microblaze_0/libsrc/standalone_v7_3/src -s clean 

TRACE::2026-06-29.15:10:28::SCWMssOS::make -C microblaze_0/libsrc/timer_two_v1_0/src -s clean 

ERROR::2026-06-29.15:10:28::SCWSystem::Error in Processing the domain standalone_microblaze_0
LOG::2026-06-29.15:11:50::SCWPlatform::Started generating the artifacts platform axi_system_wrapper
TRACE::2026-06-29.15:11:50::SCWPlatform::Sanity checking of platform is completed
LOG::2026-06-29.15:11:50::SCWPlatform::Started generating the artifacts for system configuration axi_system_wrapper
LOG::2026-06-29.15:11:50::SCWSystem::Checking the domain standalone_microblaze_0
LOG::2026-06-29.15:11:50::SCWSystem::Not a boot domain 
LOG::2026-06-29.15:11:50::SCWSystem::Started Processing the domain standalone_microblaze_0
TRACE::2026-06-29.15:11:50::SCWDomain::Generating domain artifcats
TRACE::2026-06-29.15:11:50::SCWMssOS::Generating standalone artifcats
TRACE::2026-06-29.15:11:50::SCWMssOS:: Copying the user libraries. 
TRACE::2026-06-29.15:11:50::SCWPlatform::Trying to open the hw design at D:/jh_workspace/0629_axi_spi_uart_timer_gpio/export/axi_system_wrapper/hw/axi_system_wrapper.xsa
TRACE::2026-06-29.15:11:50::SCWPlatform::DSA given D:/jh_workspace/0629_axi_spi_uart_timer_gpio/export/axi_system_wrapper/hw/axi_system_wrapper.xsa
TRACE::2026-06-29.15:11:50::SCWPlatform::DSA absoulate path D:/jh_workspace/0629_axi_spi_uart_timer_gpio/export/axi_system_wrapper/hw/axi_system_wrapper.xsa
TRACE::2026-06-29.15:11:50::SCWPlatform::DSA directory D:/jh_workspace/0629_axi_spi_uart_timer_gpio/export/axi_system_wrapper/hw
TRACE::2026-06-29.15:11:50::SCWPlatform:: Platform Path D:/jh_workspace/0629_axi_spi_uart_timer_gpio/export/axi_system_wrapper/hw/axi_system_wrapper.xsa
TRACE::2026-06-29.15:11:50::SCWPlatform:: Unique name xilinx:basys3::0.0
TRACE::2026-06-29.15:11:50::SCWPlatform::Trying to set the existing hwdb with name axi_system_wrapper_0
TRACE::2026-06-29.15:11:50::SCWPlatform::Opened existing hwdb axi_system_wrapper_0
TRACE::2026-06-29.15:11:50::SCWPlatform::Found the Hw Db part of the input DSA
TRACE::2026-06-29.15:11:50::SCWMssOS::Checking the sw design at  D:/jh_workspace/0629_axi_spi_uart_timer_gpio/export/axi_system_wrapper/microblaze_0/standalone_microblaze_0/bsp/system.mss
TRACE::2026-06-29.15:11:50::SCWMssOS::DEBUG:  swdes dump  D:/jh_workspace/0629_axi_spi_uart_timer_gpio/export/axi_system_wrapper/microblaze_0/standalone_microblaze_0/bsp/system.mss|system||

TRACE::2026-06-29.15:11:50::SCWMssOS::Sw design exists and opened at  D:/jh_workspace/0629_axi_spi_uart_timer_gpio/export/axi_system_wrapper/microblaze_0/standalone_microblaze_0/bsp/system.mss
TRACE::2026-06-29.15:11:50::SCWMssOS::Completed writing the mss file at D:/jh_workspace/0629_axi_spi_uart_timer_gpio/export/axi_system_wrapper/microblaze_0/standalone_microblaze_0/bsp
TRACE::2026-06-29.15:11:50::SCWMssOS::Mss edits present, copying mssfile into export location D:/jh_workspace/0629_axi_spi_uart_timer_gpio/export/axi_system_wrapper/microblaze_0/standalone_microblaze_0/bsp/system.mss
TRACE::2026-06-29.15:11:50::SCWMssOS::bsp generated is upto date with the mss file. Skipping bsp generation.
TRACE::2026-06-29.15:11:50::SCWMssOS::BSP is already built. skipping the bsp build ... 
TRACE::2026-06-29.15:11:50::SCWDomain::Building the domain as part of full build :  standalone_microblaze_0
TRACE::2026-06-29.15:11:50::SCWMssOS::doing bsp build ... 
TRACE::2026-06-29.15:11:50::SCWMssOS::System Command Ran  D: & cd  D:/jh_workspace/0629_axi_spi_uart_timer_gpio/export/axi_system_wrapper/microblaze_0/standalone_microblaze_0/bsp & make 
TRACE::2026-06-29.15:11:50::SCWMssOS::make --no-print-directory seq_libs

TRACE::2026-06-29.15:11:51::SCWMssOS::"Running Make include in microblaze_0/libsrc/bram_v4_5/src"

TRACE::2026-06-29.15:11:51::SCWMssOS::make -C microblaze_0/libsrc/bram_v4_5/src -s include  "SHELL=CMD" "COMPILER=mb-gcc" "ASSEMBLER=mb-as" "ARCHIVER=mb-ar" "COMPILE
TRACE::2026-06-29.15:11:51::SCWMssOS::R_FLAGS=  -O2 -c -mcpu=v11.0 -mlittle-endian -mxl-soft-mul" "EXTRA_COMPILER_FLAGS=-g -ffunction-sections -fdata-sections -Wall 
TRACE::2026-06-29.15:11:51::SCWMssOS::-Wextra"

TRACE::2026-06-29.15:11:51::SCWMssOS::"Running Make include in microblaze_0/libsrc/cpu_v2_12/src"

TRACE::2026-06-29.15:11:51::SCWMssOS::make -C microblaze_0/libsrc/cpu_v2_12/src -s include  "SHELL=CMD" "COMPILER=mb-gcc" "ASSEMBLER=mb-as" "ARCHIVER=mb-ar" "COMPILE
TRACE::2026-06-29.15:11:51::SCWMssOS::R_FLAGS=  -O2 -c -mcpu=v11.0 -mlittle-endian -mxl-soft-mul" "EXTRA_COMPILER_FLAGS=-g -ffunction-sections -fdata-sections -Wall 
TRACE::2026-06-29.15:11:51::SCWMssOS::-Wextra"

TRACE::2026-06-29.15:11:51::SCWMssOS::"Running Make include in microblaze_0/libsrc/gpio_v1_0/src"

TRACE::2026-06-29.15:11:51::SCWMssOS::make -C microblaze_0/libsrc/gpio_v1_0/src -s include  "SHELL=CMD" "COMPILER=mb-gcc" "ASSEMBLER=mb-as" "ARCHIVER=mb-ar" "COMPILE
TRACE::2026-06-29.15:11:51::SCWMssOS::R_FLAGS=  -O2 -c -mcpu=v11.0 -mlittle-endian -mxl-soft-mul" "EXTRA_COMPILER_FLAGS=-g -ffunction-sections -fdata-sections -Wall 
TRACE::2026-06-29.15:11:51::SCWMssOS::-Wextra"

TRACE::2026-06-29.15:11:51::SCWMssOS::"Running Make include in microblaze_0/libsrc/intc_v3_12/src"

TRACE::2026-06-29.15:11:51::SCWMssOS::make -C microblaze_0/libsrc/intc_v3_12/src -s include  "SHELL=CMD" "COMPILER=mb-gcc" "ASSEMBLER=mb-as" "ARCHIVER=mb-ar" "COMPIL
TRACE::2026-06-29.15:11:51::SCWMssOS::ER_FLAGS=  -O2 -c -mcpu=v11.0 -mlittle-endian -mxl-soft-mul" "EXTRA_COMPILER_FLAGS=-g -ffunction-sections -fdata-sections -Wall
TRACE::2026-06-29.15:11:51::SCWMssOS:: -Wextra"

TRACE::2026-06-29.15:11:51::SCWMssOS::"Running Make include in microblaze_0/libsrc/spi_axi_v1_0/src"

TRACE::2026-06-29.15:11:51::SCWMssOS::make -C microblaze_0/libsrc/spi_axi_v1_0/src -s include  "SHELL=CMD" "COMPILER=mb-gcc" "ASSEMBLER=mb-as" "ARCHIVER=mb-ar" "COMP
TRACE::2026-06-29.15:11:51::SCWMssOS::ILER_FLAGS=  -O2 -c -mcpu=v11.0 -mlittle-endian -mxl-soft-mul" "EXTRA_COMPILER_FLAGS=-g -ffunction-sections -fdata-sections -Wa
TRACE::2026-06-29.15:11:51::SCWMssOS::ll -Wextra"

TRACE::2026-06-29.15:11:51::SCWMssOS::"Running Make include in microblaze_0/libsrc/standalone_v7_3/src"

TRACE::2026-06-29.15:11:51::SCWMssOS::make -C microblaze_0/libsrc/standalone_v7_3/src -s include  "SHELL=CMD" "COMPILER=mb-gcc" "ASSEMBLER=mb-as" "ARCHIVER=mb-ar" "C
TRACE::2026-06-29.15:11:51::SCWMssOS::OMPILER_FLAGS=  -O2 -c -mcpu=v11.0 -mlittle-endian -mxl-soft-mul" "EXTRA_COMPILER_FLAGS=-g -ffunction-sections -fdata-sections 
TRACE::2026-06-29.15:11:51::SCWMssOS::-Wall -Wextra"

TRACE::2026-06-29.15:11:51::SCWMssOS::"Running Make include in microblaze_0/libsrc/timer_two_v1_0/src"

TRACE::2026-06-29.15:11:51::SCWMssOS::make -C microblaze_0/libsrc/timer_two_v1_0/src -s include  "SHELL=CMD" "COMPILER=mb-gcc" "ASSEMBLER=mb-as" "ARCHIVER=mb-ar" "CO
TRACE::2026-06-29.15:11:51::SCWMssOS::MPILER_FLAGS=  -O2 -c -mcpu=v11.0 -mlittle-endian -mxl-soft-mul" "EXTRA_COMPILER_FLAGS=-g -ffunction-sections -fdata-sections -
TRACE::2026-06-29.15:11:51::SCWMssOS::Wall -Wextra"

TRACE::2026-06-29.15:11:51::SCWMssOS::"Running Make include in microblaze_0/libsrc/uart_two_v1_0/src"

TRACE::2026-06-29.15:11:51::SCWMssOS::make -C microblaze_0/libsrc/uart_two_v1_0/src -s include  "SHELL=CMD" "COMPILER=mb-gcc" "ASSEMBLER=mb-as" "ARCHIVER=mb-ar" "COM
TRACE::2026-06-29.15:11:51::SCWMssOS::PILER_FLAGS=  -O2 -c -mcpu=v11.0 -mlittle-endian -mxl-soft-mul" "EXTRA_COMPILER_FLAGS=-g -ffunction-sections -fdata-sections -W
TRACE::2026-06-29.15:11:51::SCWMssOS::all -Wextra"

TRACE::2026-06-29.15:11:51::SCWMssOS::"Running Make libs in microblaze_0/libsrc/gpio_v1_0/src"

TRACE::2026-06-29.15:11:51::SCWMssOS::make -C microblaze_0/libsrc/gpio_v1_0/src -s libs  "SHELL=CMD" "COMPILER=mb-gcc" "ASSEMBLER=mb-as" "ARCHIVER=mb-ar" "COMPILER_F
TRACE::2026-06-29.15:11:51::SCWMssOS::LAGS=  -O2 -c -mcpu=v11.0 -mlittle-endian -mxl-soft-mul" "EXTRA_COMPILER_FLAGS=-g -ffunction-sections -fdata-sections -Wall -We
TRACE::2026-06-29.15:11:51::SCWMssOS::xtra"

TRACE::2026-06-29.15:11:51::SCWMssOS::"Compiling gpio..."

TRACE::2026-06-29.15:11:51::SCWMssOS::"Running Make libs in microblaze_0/libsrc/spi_axi_v1_0/src"

TRACE::2026-06-29.15:11:51::SCWMssOS::make -C microblaze_0/libsrc/spi_axi_v1_0/src -s libs  "SHELL=CMD" "COMPILER=mb-gcc" "ASSEMBLER=mb-as" "ARCHIVER=mb-ar" "COMPILE
TRACE::2026-06-29.15:11:51::SCWMssOS::R_FLAGS=  -O2 -c -mcpu=v11.0 -mlittle-endian -mxl-soft-mul" "EXTRA_COMPILER_FLAGS=-g -ffunction-sections -fdata-sections -Wall 
TRACE::2026-06-29.15:11:51::SCWMssOS::-Wextra"

TRACE::2026-06-29.15:11:51::SCWMssOS::"Compiling spi_axi..."

ERROR::2026-06-29.15:11:51::SCWMssOS::Failed to build  the bsp sources for domain - standalone_microblaze_0
ERROR::2026-06-29.15:11:51::SCWSystem::Error in Processing the domain standalone_microblaze_0
TRACE::2026-06-30.09:56:49::SCWMssOS::cleaning the bsp 
TRACE::2026-06-30.09:56:49::SCWMssOS::System Command Ran  D: & cd  D:/jh_workspace/0629_axi_spi_uart_timer_gpio/export/axi_system_wrapper/microblaze_0/standalone_microblaze_0/bsp & make clean 
TRACE::2026-06-30.09:56:49::SCWMssOS::make -C microblaze_0/libsrc/bram_v4_5/src -s clean 

TRACE::2026-06-30.09:56:50::SCWMssOS::make -C microblaze_0/libsrc/cpu_v2_12/src -s clean 

TRACE::2026-06-30.09:56:50::SCWMssOS::make -C microblaze_0/libsrc/gpio_v1_0/src -s clean 

TRACE::2026-06-30.09:56:50::SCWMssOS::make -C microblaze_0/libsrc/intc_v3_12/src -s clean 

TRACE::2026-06-30.09:56:50::SCWMssOS::make -C microblaze_0/libsrc/spi_axi_v1_0/src -s clean 

TRACE::2026-06-30.09:56:50::SCWMssOS::make -C microblaze_0/libsrc/standalone_v7_3/src -s clean 

TRACE::2026-06-30.09:56:50::SCWMssOS::make -C microblaze_0/libsrc/timer_two_v1_0/src -s clean 

ERROR::2026-06-30.09:56:50::SCWSystem::Error in Processing the domain standalone_microblaze_0
LOG::2026-06-30.09:56:52::SCWPlatform::Started generating the artifacts platform axi_system_wrapper
TRACE::2026-06-30.09:56:52::SCWPlatform::Sanity checking of platform is completed
LOG::2026-06-30.09:56:52::SCWPlatform::Started generating the artifacts for system configuration axi_system_wrapper
LOG::2026-06-30.09:56:52::SCWSystem::Checking the domain standalone_microblaze_0
LOG::2026-06-30.09:56:52::SCWSystem::Not a boot domain 
LOG::2026-06-30.09:56:52::SCWSystem::Started Processing the domain standalone_microblaze_0
TRACE::2026-06-30.09:56:52::SCWDomain::Generating domain artifcats
TRACE::2026-06-30.09:56:52::SCWMssOS::Generating standalone artifcats
TRACE::2026-06-30.09:56:52::SCWMssOS:: Copying the user libraries. 
TRACE::2026-06-30.09:56:52::SCWPlatform::Trying to open the hw design at D:/jh_workspace/0629_axi_spi_uart_timer_gpio/export/axi_system_wrapper/hw/axi_system_wrapper.xsa
TRACE::2026-06-30.09:56:52::SCWPlatform::DSA given D:/jh_workspace/0629_axi_spi_uart_timer_gpio/export/axi_system_wrapper/hw/axi_system_wrapper.xsa
TRACE::2026-06-30.09:56:52::SCWPlatform::DSA absoulate path D:/jh_workspace/0629_axi_spi_uart_timer_gpio/export/axi_system_wrapper/hw/axi_system_wrapper.xsa
TRACE::2026-06-30.09:56:52::SCWPlatform::DSA directory D:/jh_workspace/0629_axi_spi_uart_timer_gpio/export/axi_system_wrapper/hw
TRACE::2026-06-30.09:56:52::SCWPlatform:: Platform Path D:/jh_workspace/0629_axi_spi_uart_timer_gpio/export/axi_system_wrapper/hw/axi_system_wrapper.xsa
TRACE::2026-06-30.09:56:52::SCWPlatform:: Unique name xilinx:basys3::0.0
TRACE::2026-06-30.09:56:52::SCWPlatform::Trying to set the existing hwdb with name axi_system_wrapper_0
TRACE::2026-06-30.09:56:52::SCWPlatform::Opened existing hwdb axi_system_wrapper_0
TRACE::2026-06-30.09:56:52::SCWPlatform::Found the Hw Db part of the input DSA
TRACE::2026-06-30.09:56:52::SCWMssOS::Checking the sw design at  D:/jh_workspace/0629_axi_spi_uart_timer_gpio/export/axi_system_wrapper/microblaze_0/standalone_microblaze_0/bsp/system.mss
TRACE::2026-06-30.09:56:52::SCWMssOS::DEBUG:  swdes dump  D:/jh_workspace/0629_axi_spi_uart_timer_gpio/export/axi_system_wrapper/microblaze_0/standalone_microblaze_0/bsp/system.mss|system||

TRACE::2026-06-30.09:56:52::SCWMssOS::Sw design exists and opened at  D:/jh_workspace/0629_axi_spi_uart_timer_gpio/export/axi_system_wrapper/microblaze_0/standalone_microblaze_0/bsp/system.mss
TRACE::2026-06-30.09:56:52::SCWMssOS::Completed writing the mss file at D:/jh_workspace/0629_axi_spi_uart_timer_gpio/export/axi_system_wrapper/microblaze_0/standalone_microblaze_0/bsp
TRACE::2026-06-30.09:56:52::SCWMssOS::Mss edits present, copying mssfile into export location D:/jh_workspace/0629_axi_spi_uart_timer_gpio/export/axi_system_wrapper/microblaze_0/standalone_microblaze_0/bsp/system.mss
TRACE::2026-06-30.09:56:52::SCWMssOS::bsp generated is upto date with the mss file. Skipping bsp generation.
TRACE::2026-06-30.09:56:52::SCWMssOS::BSP is already built. skipping the bsp build ... 
TRACE::2026-06-30.09:56:52::SCWDomain::Building the domain as part of full build :  standalone_microblaze_0
TRACE::2026-06-30.09:56:52::SCWMssOS::doing bsp build ... 
TRACE::2026-06-30.09:56:52::SCWMssOS::System Command Ran  D: & cd  D:/jh_workspace/0629_axi_spi_uart_timer_gpio/export/axi_system_wrapper/microblaze_0/standalone_microblaze_0/bsp & make 
TRACE::2026-06-30.09:56:52::SCWMssOS::make --no-print-directory seq_libs

TRACE::2026-06-30.09:56:52::SCWMssOS::"Running Make include in microblaze_0/libsrc/bram_v4_5/src"

TRACE::2026-06-30.09:56:52::SCWMssOS::make -C microblaze_0/libsrc/bram_v4_5/src -s include  "SHELL=CMD" "COMPILER=mb-gcc" "ASSEMBLER=mb-as" "ARCHIVER=mb-ar" "COMPILE
TRACE::2026-06-30.09:56:52::SCWMssOS::R_FLAGS=  -O2 -c -mcpu=v11.0 -mlittle-endian -mxl-soft-mul" "EXTRA_COMPILER_FLAGS=-g -ffunction-sections -fdata-sections -Wall 
TRACE::2026-06-30.09:56:52::SCWMssOS::-Wextra"

TRACE::2026-06-30.09:56:52::SCWMssOS::"Running Make include in microblaze_0/libsrc/cpu_v2_12/src"

TRACE::2026-06-30.09:56:52::SCWMssOS::make -C microblaze_0/libsrc/cpu_v2_12/src -s include  "SHELL=CMD" "COMPILER=mb-gcc" "ASSEMBLER=mb-as" "ARCHIVER=mb-ar" "COMPILE
TRACE::2026-06-30.09:56:52::SCWMssOS::R_FLAGS=  -O2 -c -mcpu=v11.0 -mlittle-endian -mxl-soft-mul" "EXTRA_COMPILER_FLAGS=-g -ffunction-sections -fdata-sections -Wall 
TRACE::2026-06-30.09:56:52::SCWMssOS::-Wextra"

TRACE::2026-06-30.09:56:52::SCWMssOS::"Running Make include in microblaze_0/libsrc/gpio_v1_0/src"

TRACE::2026-06-30.09:56:52::SCWMssOS::make -C microblaze_0/libsrc/gpio_v1_0/src -s include  "SHELL=CMD" "COMPILER=mb-gcc" "ASSEMBLER=mb-as" "ARCHIVER=mb-ar" "COMPILE
TRACE::2026-06-30.09:56:52::SCWMssOS::R_FLAGS=  -O2 -c -mcpu=v11.0 -mlittle-endian -mxl-soft-mul" "EXTRA_COMPILER_FLAGS=-g -ffunction-sections -fdata-sections -Wall 
TRACE::2026-06-30.09:56:52::SCWMssOS::-Wextra"

TRACE::2026-06-30.09:56:52::SCWMssOS::"Running Make include in microblaze_0/libsrc/intc_v3_12/src"

TRACE::2026-06-30.09:56:52::SCWMssOS::make -C microblaze_0/libsrc/intc_v3_12/src -s include  "SHELL=CMD" "COMPILER=mb-gcc" "ASSEMBLER=mb-as" "ARCHIVER=mb-ar" "COMPIL
TRACE::2026-06-30.09:56:52::SCWMssOS::ER_FLAGS=  -O2 -c -mcpu=v11.0 -mlittle-endian -mxl-soft-mul" "EXTRA_COMPILER_FLAGS=-g -ffunction-sections -fdata-sections -Wall
TRACE::2026-06-30.09:56:52::SCWMssOS:: -Wextra"

TRACE::2026-06-30.09:56:52::SCWMssOS::"Running Make include in microblaze_0/libsrc/spi_axi_v1_0/src"

TRACE::2026-06-30.09:56:52::SCWMssOS::make -C microblaze_0/libsrc/spi_axi_v1_0/src -s include  "SHELL=CMD" "COMPILER=mb-gcc" "ASSEMBLER=mb-as" "ARCHIVER=mb-ar" "COMP
TRACE::2026-06-30.09:56:52::SCWMssOS::ILER_FLAGS=  -O2 -c -mcpu=v11.0 -mlittle-endian -mxl-soft-mul" "EXTRA_COMPILER_FLAGS=-g -ffunction-sections -fdata-sections -Wa
TRACE::2026-06-30.09:56:52::SCWMssOS::ll -Wextra"

TRACE::2026-06-30.09:56:52::SCWMssOS::"Running Make include in microblaze_0/libsrc/standalone_v7_3/src"

TRACE::2026-06-30.09:56:52::SCWMssOS::make -C microblaze_0/libsrc/standalone_v7_3/src -s include  "SHELL=CMD" "COMPILER=mb-gcc" "ASSEMBLER=mb-as" "ARCHIVER=mb-ar" "C
TRACE::2026-06-30.09:56:52::SCWMssOS::OMPILER_FLAGS=  -O2 -c -mcpu=v11.0 -mlittle-endian -mxl-soft-mul" "EXTRA_COMPILER_FLAGS=-g -ffunction-sections -fdata-sections 
TRACE::2026-06-30.09:56:52::SCWMssOS::-Wall -Wextra"

TRACE::2026-06-30.09:56:52::SCWMssOS::"Running Make include in microblaze_0/libsrc/timer_two_v1_0/src"

TRACE::2026-06-30.09:56:52::SCWMssOS::make -C microblaze_0/libsrc/timer_two_v1_0/src -s include  "SHELL=CMD" "COMPILER=mb-gcc" "ASSEMBLER=mb-as" "ARCHIVER=mb-ar" "CO
TRACE::2026-06-30.09:56:52::SCWMssOS::MPILER_FLAGS=  -O2 -c -mcpu=v11.0 -mlittle-endian -mxl-soft-mul" "EXTRA_COMPILER_FLAGS=-g -ffunction-sections -fdata-sections -
TRACE::2026-06-30.09:56:52::SCWMssOS::Wall -Wextra"

TRACE::2026-06-30.09:56:52::SCWMssOS::"Running Make include in microblaze_0/libsrc/uart_two_v1_0/src"

TRACE::2026-06-30.09:56:52::SCWMssOS::make -C microblaze_0/libsrc/uart_two_v1_0/src -s include  "SHELL=CMD" "COMPILER=mb-gcc" "ASSEMBLER=mb-as" "ARCHIVER=mb-ar" "COM
TRACE::2026-06-30.09:56:52::SCWMssOS::PILER_FLAGS=  -O2 -c -mcpu=v11.0 -mlittle-endian -mxl-soft-mul" "EXTRA_COMPILER_FLAGS=-g -ffunction-sections -fdata-sections -W
TRACE::2026-06-30.09:56:52::SCWMssOS::all -Wextra"

TRACE::2026-06-30.09:56:52::SCWMssOS::"Running Make libs in microblaze_0/libsrc/gpio_v1_0/src"

TRACE::2026-06-30.09:56:52::SCWMssOS::make -C microblaze_0/libsrc/gpio_v1_0/src -s libs  "SHELL=CMD" "COMPILER=mb-gcc" "ASSEMBLER=mb-as" "ARCHIVER=mb-ar" "COMPILER_F
TRACE::2026-06-30.09:56:52::SCWMssOS::LAGS=  -O2 -c -mcpu=v11.0 -mlittle-endian -mxl-soft-mul" "EXTRA_COMPILER_FLAGS=-g -ffunction-sections -fdata-sections -Wall -We
TRACE::2026-06-30.09:56:52::SCWMssOS::xtra"

TRACE::2026-06-30.09:56:52::SCWMssOS::"Compiling gpio..."

TRACE::2026-06-30.09:56:54::SCWMssOS::"Running Make libs in microblaze_0/libsrc/spi_axi_v1_0/src"

TRACE::2026-06-30.09:56:54::SCWMssOS::make -C microblaze_0/libsrc/spi_axi_v1_0/src -s libs  "SHELL=CMD" "COMPILER=mb-gcc" "ASSEMBLER=mb-as" "ARCHIVER=mb-ar" "COMPILE
TRACE::2026-06-30.09:56:54::SCWMssOS::R_FLAGS=  -O2 -c -mcpu=v11.0 -mlittle-endian -mxl-soft-mul" "EXTRA_COMPILER_FLAGS=-g -ffunction-sections -fdata-sections -Wall 
TRACE::2026-06-30.09:56:54::SCWMssOS::-Wextra"

TRACE::2026-06-30.09:56:54::SCWMssOS::"Compiling spi_axi..."

ERROR::2026-06-30.09:56:54::SCWMssOS::Failed to build  the bsp sources for domain - standalone_microblaze_0
ERROR::2026-06-30.09:56:54::SCWSystem::Error in Processing the domain standalone_microblaze_0
TRACE::2026-06-30.09:57:07::SCWMssOS::cleaning the bsp 
TRACE::2026-06-30.09:57:07::SCWMssOS::System Command Ran  D: & cd  D:/jh_workspace/0629_axi_spi_uart_timer_gpio/export/axi_system_wrapper/microblaze_0/standalone_microblaze_0/bsp & make clean 
TRACE::2026-06-30.09:57:07::SCWMssOS::make -C microblaze_0/libsrc/bram_v4_5/src -s clean 

TRACE::2026-06-30.09:57:07::SCWMssOS::make -C microblaze_0/libsrc/cpu_v2_12/src -s clean 

TRACE::2026-06-30.09:57:07::SCWMssOS::make -C microblaze_0/libsrc/gpio_v1_0/src -s clean 

TRACE::2026-06-30.09:57:07::SCWMssOS::make -C microblaze_0/libsrc/intc_v3_12/src -s clean 

TRACE::2026-06-30.09:57:07::SCWMssOS::make -C microblaze_0/libsrc/spi_axi_v1_0/src -s clean 

TRACE::2026-06-30.09:57:07::SCWMssOS::make -C microblaze_0/libsrc/standalone_v7_3/src -s clean 

TRACE::2026-06-30.09:57:07::SCWMssOS::make -C microblaze_0/libsrc/timer_two_v1_0/src -s clean 

ERROR::2026-06-30.09:57:07::SCWSystem::Error in Processing the domain standalone_microblaze_0
TRACE::2026-06-30.14:05:16::SCWMssOS::cleaning the bsp 
TRACE::2026-06-30.14:05:16::SCWMssOS::System Command Ran  D: & cd  D:/jh_workspace/0629_axi_spi_uart_timer_gpio/export/axi_system_wrapper/microblaze_0/standalone_microblaze_0/bsp & make clean 
TRACE::2026-06-30.14:05:17::SCWMssOS::make -C microblaze_0/libsrc/bram_v4_5/src -s clean 

TRACE::2026-06-30.14:05:17::SCWMssOS::make -C microblaze_0/libsrc/cpu_v2_12/src -s clean 

TRACE::2026-06-30.14:05:17::SCWMssOS::make -C microblaze_0/libsrc/gpio_v1_0/src -s clean 

TRACE::2026-06-30.14:05:17::SCWMssOS::make -C microblaze_0/libsrc/intc_v3_12/src -s clean 

TRACE::2026-06-30.14:05:17::SCWMssOS::make -C microblaze_0/libsrc/spi_axi_v1_0/src -s clean 

ERROR::2026-06-30.14:05:17::SCWSystem::Error in Processing the domain standalone_microblaze_0
LOG::2026-06-30.14:05:24::SCWPlatform::Started generating the artifacts platform axi_system_wrapper
TRACE::2026-06-30.14:05:24::SCWPlatform::Sanity checking of platform is completed
LOG::2026-06-30.14:05:24::SCWPlatform::Started generating the artifacts for system configuration axi_system_wrapper
LOG::2026-06-30.14:05:24::SCWSystem::Checking the domain standalone_microblaze_0
LOG::2026-06-30.14:05:24::SCWSystem::Not a boot domain 
LOG::2026-06-30.14:05:24::SCWSystem::Started Processing the domain standalone_microblaze_0
TRACE::2026-06-30.14:05:24::SCWDomain::Generating domain artifcats
TRACE::2026-06-30.14:05:24::SCWMssOS::Generating standalone artifcats
TRACE::2026-06-30.14:05:24::SCWMssOS:: Copying the user libraries. 
TRACE::2026-06-30.14:05:24::SCWPlatform::Trying to open the hw design at D:/jh_workspace/0629_axi_spi_uart_timer_gpio/export/axi_system_wrapper/hw/axi_system_wrapper.xsa
TRACE::2026-06-30.14:05:24::SCWPlatform::DSA given D:/jh_workspace/0629_axi_spi_uart_timer_gpio/export/axi_system_wrapper/hw/axi_system_wrapper.xsa
TRACE::2026-06-30.14:05:24::SCWPlatform::DSA absoulate path D:/jh_workspace/0629_axi_spi_uart_timer_gpio/export/axi_system_wrapper/hw/axi_system_wrapper.xsa
TRACE::2026-06-30.14:05:24::SCWPlatform::DSA directory D:/jh_workspace/0629_axi_spi_uart_timer_gpio/export/axi_system_wrapper/hw
TRACE::2026-06-30.14:05:24::SCWPlatform:: Platform Path D:/jh_workspace/0629_axi_spi_uart_timer_gpio/export/axi_system_wrapper/hw/axi_system_wrapper.xsa
TRACE::2026-06-30.14:05:24::SCWPlatform:: Unique name xilinx:basys3::0.0
TRACE::2026-06-30.14:05:24::SCWPlatform::Trying to set the existing hwdb with name axi_system_wrapper_0
TRACE::2026-06-30.14:05:24::SCWPlatform::Opened existing hwdb axi_system_wrapper_0
TRACE::2026-06-30.14:05:24::SCWPlatform::Found the Hw Db part of the input DSA
TRACE::2026-06-30.14:05:24::SCWMssOS::Checking the sw design at  D:/jh_workspace/0629_axi_spi_uart_timer_gpio/export/axi_system_wrapper/microblaze_0/standalone_microblaze_0/bsp/system.mss
TRACE::2026-06-30.14:05:24::SCWMssOS::DEBUG:  swdes dump  D:/jh_workspace/0629_axi_spi_uart_timer_gpio/export/axi_system_wrapper/microblaze_0/standalone_microblaze_0/bsp/system.mss|system||

TRACE::2026-06-30.14:05:24::SCWMssOS::Sw design exists and opened at  D:/jh_workspace/0629_axi_spi_uart_timer_gpio/export/axi_system_wrapper/microblaze_0/standalone_microblaze_0/bsp/system.mss
TRACE::2026-06-30.14:05:24::SCWMssOS::Completed writing the mss file at D:/jh_workspace/0629_axi_spi_uart_timer_gpio/export/axi_system_wrapper/microblaze_0/standalone_microblaze_0/bsp
TRACE::2026-06-30.14:05:24::SCWMssOS::Mss edits present, copying mssfile into export location D:/jh_workspace/0629_axi_spi_uart_timer_gpio/export/axi_system_wrapper/microblaze_0/standalone_microblaze_0/bsp/system.mss
TRACE::2026-06-30.14:05:24::SCWMssOS::bsp generated is upto date with the mss file. Skipping bsp generation.
TRACE::2026-06-30.14:05:24::SCWMssOS::BSP is already built. skipping the bsp build ... 
TRACE::2026-06-30.14:05:24::SCWDomain::Building the domain as part of full build :  standalone_microblaze_0
TRACE::2026-06-30.14:05:24::SCWMssOS::doing bsp build ... 
TRACE::2026-06-30.14:05:24::SCWMssOS::System Command Ran  D: & cd  D:/jh_workspace/0629_axi_spi_uart_timer_gpio/export/axi_system_wrapper/microblaze_0/standalone_microblaze_0/bsp & make 
TRACE::2026-06-30.14:05:24::SCWMssOS::make --no-print-directory seq_libs

TRACE::2026-06-30.14:05:24::SCWMssOS::"Running Make include in microblaze_0/libsrc/bram_v4_5/src"

TRACE::2026-06-30.14:05:24::SCWMssOS::make -C microblaze_0/libsrc/bram_v4_5/src -s include  "SHELL=CMD" "COMPILER=mb-gcc" "ASSEMBLER=mb-as" "ARCHIVER=mb-ar" "COMPILE
TRACE::2026-06-30.14:05:24::SCWMssOS::R_FLAGS=  -O2 -c -mcpu=v11.0 -mlittle-endian -mxl-soft-mul" "EXTRA_COMPILER_FLAGS=-g -ffunction-sections -fdata-sections -Wall 
TRACE::2026-06-30.14:05:24::SCWMssOS::-Wextra"

TRACE::2026-06-30.14:05:24::SCWMssOS::"Running Make include in microblaze_0/libsrc/cpu_v2_12/src"

TRACE::2026-06-30.14:05:24::SCWMssOS::make -C microblaze_0/libsrc/cpu_v2_12/src -s include  "SHELL=CMD" "COMPILER=mb-gcc" "ASSEMBLER=mb-as" "ARCHIVER=mb-ar" "COMPILE
TRACE::2026-06-30.14:05:24::SCWMssOS::R_FLAGS=  -O2 -c -mcpu=v11.0 -mlittle-endian -mxl-soft-mul" "EXTRA_COMPILER_FLAGS=-g -ffunction-sections -fdata-sections -Wall 
TRACE::2026-06-30.14:05:24::SCWMssOS::-Wextra"

TRACE::2026-06-30.14:05:25::SCWMssOS::"Running Make include in microblaze_0/libsrc/gpio_v1_0/src"

TRACE::2026-06-30.14:05:25::SCWMssOS::make -C microblaze_0/libsrc/gpio_v1_0/src -s include  "SHELL=CMD" "COMPILER=mb-gcc" "ASSEMBLER=mb-as" "ARCHIVER=mb-ar" "COMPILE
TRACE::2026-06-30.14:05:25::SCWMssOS::R_FLAGS=  -O2 -c -mcpu=v11.0 -mlittle-endian -mxl-soft-mul" "EXTRA_COMPILER_FLAGS=-g -ffunction-sections -fdata-sections -Wall 
TRACE::2026-06-30.14:05:25::SCWMssOS::-Wextra"

TRACE::2026-06-30.14:05:25::SCWMssOS::"Running Make include in microblaze_0/libsrc/intc_v3_12/src"

TRACE::2026-06-30.14:05:25::SCWMssOS::make -C microblaze_0/libsrc/intc_v3_12/src -s include  "SHELL=CMD" "COMPILER=mb-gcc" "ASSEMBLER=mb-as" "ARCHIVER=mb-ar" "COMPIL
TRACE::2026-06-30.14:05:25::SCWMssOS::ER_FLAGS=  -O2 -c -mcpu=v11.0 -mlittle-endian -mxl-soft-mul" "EXTRA_COMPILER_FLAGS=-g -ffunction-sections -fdata-sections -Wall
TRACE::2026-06-30.14:05:25::SCWMssOS:: -Wextra"

TRACE::2026-06-30.14:05:25::SCWMssOS::"Running Make include in microblaze_0/libsrc/spi_axi_v1_0/src"

TRACE::2026-06-30.14:05:25::SCWMssOS::make -C microblaze_0/libsrc/spi_axi_v1_0/src -s include  "SHELL=CMD" "COMPILER=mb-gcc" "ASSEMBLER=mb-as" "ARCHIVER=mb-ar" "COMP
TRACE::2026-06-30.14:05:25::SCWMssOS::ILER_FLAGS=  -O2 -c -mcpu=v11.0 -mlittle-endian -mxl-soft-mul" "EXTRA_COMPILER_FLAGS=-g -ffunction-sections -fdata-sections -Wa
TRACE::2026-06-30.14:05:25::SCWMssOS::ll -Wextra"

TRACE::2026-06-30.14:05:25::SCWMssOS::"Running Make include in microblaze_0/libsrc/standalone_v7_3/src"

TRACE::2026-06-30.14:05:25::SCWMssOS::make -C microblaze_0/libsrc/standalone_v7_3/src -s include  "SHELL=CMD" "COMPILER=mb-gcc" "ASSEMBLER=mb-as" "ARCHIVER=mb-ar" "C
TRACE::2026-06-30.14:05:25::SCWMssOS::OMPILER_FLAGS=  -O2 -c -mcpu=v11.0 -mlittle-endian -mxl-soft-mul" "EXTRA_COMPILER_FLAGS=-g -ffunction-sections -fdata-sections 
TRACE::2026-06-30.14:05:25::SCWMssOS::-Wall -Wextra"

TRACE::2026-06-30.14:05:25::SCWMssOS::"Running Make include in microblaze_0/libsrc/timer_two_v1_0/src"

TRACE::2026-06-30.14:05:25::SCWMssOS::make -C microblaze_0/libsrc/timer_two_v1_0/src -s include  "SHELL=CMD" "COMPILER=mb-gcc" "ASSEMBLER=mb-as" "ARCHIVER=mb-ar" "CO
TRACE::2026-06-30.14:05:25::SCWMssOS::MPILER_FLAGS=  -O2 -c -mcpu=v11.0 -mlittle-endian -mxl-soft-mul" "EXTRA_COMPILER_FLAGS=-g -ffunction-sections -fdata-sections -
TRACE::2026-06-30.14:05:25::SCWMssOS::Wall -Wextra"

TRACE::2026-06-30.14:05:25::SCWMssOS::"Running Make include in microblaze_0/libsrc/uart_two_v1_0/src"

TRACE::2026-06-30.14:05:25::SCWMssOS::make -C microblaze_0/libsrc/uart_two_v1_0/src -s include  "SHELL=CMD" "COMPILER=mb-gcc" "ASSEMBLER=mb-as" "ARCHIVER=mb-ar" "COM
TRACE::2026-06-30.14:05:25::SCWMssOS::PILER_FLAGS=  -O2 -c -mcpu=v11.0 -mlittle-endian -mxl-soft-mul" "EXTRA_COMPILER_FLAGS=-g -ffunction-sections -fdata-sections -W
TRACE::2026-06-30.14:05:25::SCWMssOS::all -Wextra"

TRACE::2026-06-30.14:05:25::SCWMssOS::"Running Make libs in microblaze_0/libsrc/gpio_v1_0/src"

TRACE::2026-06-30.14:05:25::SCWMssOS::make -C microblaze_0/libsrc/gpio_v1_0/src -s libs  "SHELL=CMD" "COMPILER=mb-gcc" "ASSEMBLER=mb-as" "ARCHIVER=mb-ar" "COMPILER_F
TRACE::2026-06-30.14:05:25::SCWMssOS::LAGS=  -O2 -c -mcpu=v11.0 -mlittle-endian -mxl-soft-mul" "EXTRA_COMPILER_FLAGS=-g -ffunction-sections -fdata-sections -Wall -We
TRACE::2026-06-30.14:05:25::SCWMssOS::xtra"

TRACE::2026-06-30.14:05:25::SCWMssOS::"Compiling gpio..."

TRACE::2026-06-30.14:05:28::SCWMssOS::"Running Make libs in microblaze_0/libsrc/spi_axi_v1_0/src"

TRACE::2026-06-30.14:05:28::SCWMssOS::make -C microblaze_0/libsrc/spi_axi_v1_0/src -s libs  "SHELL=CMD" "COMPILER=mb-gcc" "ASSEMBLER=mb-as" "ARCHIVER=mb-ar" "COMPILE
TRACE::2026-06-30.14:05:28::SCWMssOS::R_FLAGS=  -O2 -c -mcpu=v11.0 -mlittle-endian -mxl-soft-mul" "EXTRA_COMPILER_FLAGS=-g -ffunction-sections -fdata-sections -Wall 
TRACE::2026-06-30.14:05:28::SCWMssOS::-Wextra"

TRACE::2026-06-30.14:05:28::SCWMssOS::"Compiling spi_axi..."

ERROR::2026-06-30.14:05:28::SCWMssOS::Failed to build  the bsp sources for domain - standalone_microblaze_0
ERROR::2026-06-30.14:05:28::SCWSystem::Error in Processing the domain standalone_microblaze_0
LOG::2026-06-30.14:05:45::SCWPlatform::Started generating the artifacts platform axi_system_wrapper
TRACE::2026-06-30.14:05:45::SCWPlatform::Sanity checking of platform is completed
LOG::2026-06-30.14:05:45::SCWPlatform::Started generating the artifacts for system configuration axi_system_wrapper
LOG::2026-06-30.14:05:45::SCWSystem::Checking the domain standalone_microblaze_0
LOG::2026-06-30.14:05:45::SCWSystem::Not a boot domain 
LOG::2026-06-30.14:05:45::SCWSystem::Started Processing the domain standalone_microblaze_0
TRACE::2026-06-30.14:05:45::SCWDomain::Generating domain artifcats
TRACE::2026-06-30.14:05:45::SCWMssOS::Generating standalone artifcats
TRACE::2026-06-30.14:05:45::SCWMssOS:: Copying the user libraries. 
TRACE::2026-06-30.14:05:45::SCWPlatform::Trying to open the hw design at D:/jh_workspace/0629_axi_spi_uart_timer_gpio/export/axi_system_wrapper/hw/axi_system_wrapper.xsa
TRACE::2026-06-30.14:05:45::SCWPlatform::DSA given D:/jh_workspace/0629_axi_spi_uart_timer_gpio/export/axi_system_wrapper/hw/axi_system_wrapper.xsa
TRACE::2026-06-30.14:05:45::SCWPlatform::DSA absoulate path D:/jh_workspace/0629_axi_spi_uart_timer_gpio/export/axi_system_wrapper/hw/axi_system_wrapper.xsa
TRACE::2026-06-30.14:05:45::SCWPlatform::DSA directory D:/jh_workspace/0629_axi_spi_uart_timer_gpio/export/axi_system_wrapper/hw
TRACE::2026-06-30.14:05:45::SCWPlatform:: Platform Path D:/jh_workspace/0629_axi_spi_uart_timer_gpio/export/axi_system_wrapper/hw/axi_system_wrapper.xsa
TRACE::2026-06-30.14:05:45::SCWPlatform:: Unique name xilinx:basys3::0.0
TRACE::2026-06-30.14:05:45::SCWPlatform::Trying to set the existing hwdb with name axi_system_wrapper_0
TRACE::2026-06-30.14:05:45::SCWPlatform::Opened existing hwdb axi_system_wrapper_0
TRACE::2026-06-30.14:05:45::SCWPlatform::Found the Hw Db part of the input DSA
TRACE::2026-06-30.14:05:45::SCWMssOS::Checking the sw design at  D:/jh_workspace/0629_axi_spi_uart_timer_gpio/export/axi_system_wrapper/microblaze_0/standalone_microblaze_0/bsp/system.mss
TRACE::2026-06-30.14:05:45::SCWMssOS::DEBUG:  swdes dump  D:/jh_workspace/0629_axi_spi_uart_timer_gpio/export/axi_system_wrapper/microblaze_0/standalone_microblaze_0/bsp/system.mss|system||

TRACE::2026-06-30.14:05:45::SCWMssOS::Sw design exists and opened at  D:/jh_workspace/0629_axi_spi_uart_timer_gpio/export/axi_system_wrapper/microblaze_0/standalone_microblaze_0/bsp/system.mss
TRACE::2026-06-30.14:05:45::SCWMssOS::Completed writing the mss file at D:/jh_workspace/0629_axi_spi_uart_timer_gpio/export/axi_system_wrapper/microblaze_0/standalone_microblaze_0/bsp
TRACE::2026-06-30.14:05:45::SCWMssOS::Mss edits present, copying mssfile into export location D:/jh_workspace/0629_axi_spi_uart_timer_gpio/export/axi_system_wrapper/microblaze_0/standalone_microblaze_0/bsp/system.mss
TRACE::2026-06-30.14:05:45::SCWMssOS::bsp generated is upto date with the mss file. Skipping bsp generation.
TRACE::2026-06-30.14:05:45::SCWMssOS::BSP is already built. skipping the bsp build ... 
TRACE::2026-06-30.14:05:45::SCWDomain::Building the domain as part of full build :  standalone_microblaze_0
TRACE::2026-06-30.14:05:45::SCWMssOS::doing bsp build ... 
TRACE::2026-06-30.14:05:45::SCWMssOS::System Command Ran  D: & cd  D:/jh_workspace/0629_axi_spi_uart_timer_gpio/export/axi_system_wrapper/microblaze_0/standalone_microblaze_0/bsp & make 
TRACE::2026-06-30.14:05:45::SCWMssOS::make --no-print-directory seq_libs

TRACE::2026-06-30.14:05:45::SCWMssOS::"Running Make include in microblaze_0/libsrc/bram_v4_5/src"

TRACE::2026-06-30.14:05:45::SCWMssOS::make -C microblaze_0/libsrc/bram_v4_5/src -s include  "SHELL=CMD" "COMPILER=mb-gcc" "ASSEMBLER=mb-as" "ARCHIVER=mb-ar" "COMPILE
TRACE::2026-06-30.14:05:45::SCWMssOS::R_FLAGS=  -O2 -c -mcpu=v11.0 -mlittle-endian -mxl-soft-mul" "EXTRA_COMPILER_FLAGS=-g -ffunction-sections -fdata-sections -Wall 
TRACE::2026-06-30.14:05:45::SCWMssOS::-Wextra"

TRACE::2026-06-30.14:05:45::SCWMssOS::"Running Make include in microblaze_0/libsrc/cpu_v2_12/src"

TRACE::2026-06-30.14:05:45::SCWMssOS::make -C microblaze_0/libsrc/cpu_v2_12/src -s include  "SHELL=CMD" "COMPILER=mb-gcc" "ASSEMBLER=mb-as" "ARCHIVER=mb-ar" "COMPILE
TRACE::2026-06-30.14:05:45::SCWMssOS::R_FLAGS=  -O2 -c -mcpu=v11.0 -mlittle-endian -mxl-soft-mul" "EXTRA_COMPILER_FLAGS=-g -ffunction-sections -fdata-sections -Wall 
TRACE::2026-06-30.14:05:45::SCWMssOS::-Wextra"

TRACE::2026-06-30.14:05:45::SCWMssOS::"Running Make include in microblaze_0/libsrc/gpio_v1_0/src"

TRACE::2026-06-30.14:05:45::SCWMssOS::make -C microblaze_0/libsrc/gpio_v1_0/src -s include  "SHELL=CMD" "COMPILER=mb-gcc" "ASSEMBLER=mb-as" "ARCHIVER=mb-ar" "COMPILE
TRACE::2026-06-30.14:05:45::SCWMssOS::R_FLAGS=  -O2 -c -mcpu=v11.0 -mlittle-endian -mxl-soft-mul" "EXTRA_COMPILER_FLAGS=-g -ffunction-sections -fdata-sections -Wall 
TRACE::2026-06-30.14:05:45::SCWMssOS::-Wextra"

TRACE::2026-06-30.14:05:46::SCWMssOS::"Running Make include in microblaze_0/libsrc/intc_v3_12/src"

TRACE::2026-06-30.14:05:46::SCWMssOS::make -C microblaze_0/libsrc/intc_v3_12/src -s include  "SHELL=CMD" "COMPILER=mb-gcc" "ASSEMBLER=mb-as" "ARCHIVER=mb-ar" "COMPIL
TRACE::2026-06-30.14:05:46::SCWMssOS::ER_FLAGS=  -O2 -c -mcpu=v11.0 -mlittle-endian -mxl-soft-mul" "EXTRA_COMPILER_FLAGS=-g -ffunction-sections -fdata-sections -Wall
TRACE::2026-06-30.14:05:46::SCWMssOS:: -Wextra"

TRACE::2026-06-30.14:05:46::SCWMssOS::"Running Make include in microblaze_0/libsrc/spi_axi_v1_0/src"

TRACE::2026-06-30.14:05:46::SCWMssOS::make -C microblaze_0/libsrc/spi_axi_v1_0/src -s include  "SHELL=CMD" "COMPILER=mb-gcc" "ASSEMBLER=mb-as" "ARCHIVER=mb-ar" "COMP
TRACE::2026-06-30.14:05:46::SCWMssOS::ILER_FLAGS=  -O2 -c -mcpu=v11.0 -mlittle-endian -mxl-soft-mul" "EXTRA_COMPILER_FLAGS=-g -ffunction-sections -fdata-sections -Wa
TRACE::2026-06-30.14:05:46::SCWMssOS::ll -Wextra"

TRACE::2026-06-30.14:05:46::SCWMssOS::"Running Make include in microblaze_0/libsrc/standalone_v7_3/src"

TRACE::2026-06-30.14:05:46::SCWMssOS::make -C microblaze_0/libsrc/standalone_v7_3/src -s include  "SHELL=CMD" "COMPILER=mb-gcc" "ASSEMBLER=mb-as" "ARCHIVER=mb-ar" "C
TRACE::2026-06-30.14:05:46::SCWMssOS::OMPILER_FLAGS=  -O2 -c -mcpu=v11.0 -mlittle-endian -mxl-soft-mul" "EXTRA_COMPILER_FLAGS=-g -ffunction-sections -fdata-sections 
TRACE::2026-06-30.14:05:46::SCWMssOS::-Wall -Wextra"

TRACE::2026-06-30.14:05:46::SCWMssOS::"Running Make include in microblaze_0/libsrc/timer_two_v1_0/src"

TRACE::2026-06-30.14:05:46::SCWMssOS::make -C microblaze_0/libsrc/timer_two_v1_0/src -s include  "SHELL=CMD" "COMPILER=mb-gcc" "ASSEMBLER=mb-as" "ARCHIVER=mb-ar" "CO
TRACE::2026-06-30.14:05:46::SCWMssOS::MPILER_FLAGS=  -O2 -c -mcpu=v11.0 -mlittle-endian -mxl-soft-mul" "EXTRA_COMPILER_FLAGS=-g -ffunction-sections -fdata-sections -
TRACE::2026-06-30.14:05:46::SCWMssOS::Wall -Wextra"

TRACE::2026-06-30.14:05:46::SCWMssOS::"Running Make include in microblaze_0/libsrc/uart_two_v1_0/src"

TRACE::2026-06-30.14:05:46::SCWMssOS::make -C microblaze_0/libsrc/uart_two_v1_0/src -s include  "SHELL=CMD" "COMPILER=mb-gcc" "ASSEMBLER=mb-as" "ARCHIVER=mb-ar" "COM
TRACE::2026-06-30.14:05:46::SCWMssOS::PILER_FLAGS=  -O2 -c -mcpu=v11.0 -mlittle-endian -mxl-soft-mul" "EXTRA_COMPILER_FLAGS=-g -ffunction-sections -fdata-sections -W
TRACE::2026-06-30.14:05:46::SCWMssOS::all -Wextra"

TRACE::2026-06-30.14:05:46::SCWMssOS::"Running Make libs in microblaze_0/libsrc/gpio_v1_0/src"

TRACE::2026-06-30.14:05:46::SCWMssOS::make -C microblaze_0/libsrc/gpio_v1_0/src -s libs  "SHELL=CMD" "COMPILER=mb-gcc" "ASSEMBLER=mb-as" "ARCHIVER=mb-ar" "COMPILER_F
TRACE::2026-06-30.14:05:46::SCWMssOS::LAGS=  -O2 -c -mcpu=v11.0 -mlittle-endian -mxl-soft-mul" "EXTRA_COMPILER_FLAGS=-g -ffunction-sections -fdata-sections -Wall -We
TRACE::2026-06-30.14:05:46::SCWMssOS::xtra"

TRACE::2026-06-30.14:05:46::SCWMssOS::"Compiling gpio..."

TRACE::2026-06-30.14:05:46::SCWMssOS::"Running Make libs in microblaze_0/libsrc/spi_axi_v1_0/src"

TRACE::2026-06-30.14:05:46::SCWMssOS::make -C microblaze_0/libsrc/spi_axi_v1_0/src -s libs  "SHELL=CMD" "COMPILER=mb-gcc" "ASSEMBLER=mb-as" "ARCHIVER=mb-ar" "COMPILE
TRACE::2026-06-30.14:05:46::SCWMssOS::R_FLAGS=  -O2 -c -mcpu=v11.0 -mlittle-endian -mxl-soft-mul" "EXTRA_COMPILER_FLAGS=-g -ffunction-sections -fdata-sections -Wall 
TRACE::2026-06-30.14:05:46::SCWMssOS::-Wextra"

TRACE::2026-06-30.14:05:46::SCWMssOS::"Compiling spi_axi..."

ERROR::2026-06-30.14:05:46::SCWMssOS::Failed to build  the bsp sources for domain - standalone_microblaze_0
ERROR::2026-06-30.14:05:46::SCWSystem::Error in Processing the domain standalone_microblaze_0
LOG::2026-06-30.14:05:53::SCWPlatform::Started generating the artifacts platform axi_system_wrapper
TRACE::2026-06-30.14:05:53::SCWPlatform::Sanity checking of platform is completed
LOG::2026-06-30.14:05:53::SCWPlatform::Started generating the artifacts for system configuration axi_system_wrapper
LOG::2026-06-30.14:05:53::SCWSystem::Checking the domain standalone_microblaze_0
LOG::2026-06-30.14:05:53::SCWSystem::Not a boot domain 
LOG::2026-06-30.14:05:53::SCWSystem::Started Processing the domain standalone_microblaze_0
TRACE::2026-06-30.14:05:53::SCWDomain::Generating domain artifcats
TRACE::2026-06-30.14:05:53::SCWMssOS::Generating standalone artifcats
TRACE::2026-06-30.14:05:53::SCWMssOS:: Copying the user libraries. 
TRACE::2026-06-30.14:05:53::SCWPlatform::Trying to open the hw design at D:/jh_workspace/0629_axi_spi_uart_timer_gpio/export/axi_system_wrapper/hw/axi_system_wrapper.xsa
TRACE::2026-06-30.14:05:53::SCWPlatform::DSA given D:/jh_workspace/0629_axi_spi_uart_timer_gpio/export/axi_system_wrapper/hw/axi_system_wrapper.xsa
TRACE::2026-06-30.14:05:53::SCWPlatform::DSA absoulate path D:/jh_workspace/0629_axi_spi_uart_timer_gpio/export/axi_system_wrapper/hw/axi_system_wrapper.xsa
TRACE::2026-06-30.14:05:53::SCWPlatform::DSA directory D:/jh_workspace/0629_axi_spi_uart_timer_gpio/export/axi_system_wrapper/hw
TRACE::2026-06-30.14:05:53::SCWPlatform:: Platform Path D:/jh_workspace/0629_axi_spi_uart_timer_gpio/export/axi_system_wrapper/hw/axi_system_wrapper.xsa
TRACE::2026-06-30.14:05:53::SCWPlatform:: Unique name xilinx:basys3::0.0
TRACE::2026-06-30.14:05:53::SCWPlatform::Trying to set the existing hwdb with name axi_system_wrapper_0
TRACE::2026-06-30.14:05:53::SCWPlatform::Opened existing hwdb axi_system_wrapper_0
TRACE::2026-06-30.14:05:53::SCWPlatform::Found the Hw Db part of the input DSA
TRACE::2026-06-30.14:05:53::SCWMssOS::Checking the sw design at  D:/jh_workspace/0629_axi_spi_uart_timer_gpio/export/axi_system_wrapper/microblaze_0/standalone_microblaze_0/bsp/system.mss
TRACE::2026-06-30.14:05:53::SCWMssOS::DEBUG:  swdes dump  D:/jh_workspace/0629_axi_spi_uart_timer_gpio/export/axi_system_wrapper/microblaze_0/standalone_microblaze_0/bsp/system.mss|system||

TRACE::2026-06-30.14:05:53::SCWMssOS::Sw design exists and opened at  D:/jh_workspace/0629_axi_spi_uart_timer_gpio/export/axi_system_wrapper/microblaze_0/standalone_microblaze_0/bsp/system.mss
TRACE::2026-06-30.14:05:53::SCWMssOS::Completed writing the mss file at D:/jh_workspace/0629_axi_spi_uart_timer_gpio/export/axi_system_wrapper/microblaze_0/standalone_microblaze_0/bsp
TRACE::2026-06-30.14:05:53::SCWMssOS::Mss edits present, copying mssfile into export location D:/jh_workspace/0629_axi_spi_uart_timer_gpio/export/axi_system_wrapper/microblaze_0/standalone_microblaze_0/bsp/system.mss
TRACE::2026-06-30.14:05:53::SCWMssOS::bsp generated is upto date with the mss file. Skipping bsp generation.
TRACE::2026-06-30.14:05:53::SCWMssOS::BSP is already built. skipping the bsp build ... 
TRACE::2026-06-30.14:05:53::SCWDomain::Building the domain as part of full build :  standalone_microblaze_0
TRACE::2026-06-30.14:05:53::SCWMssOS::doing bsp build ... 
TRACE::2026-06-30.14:05:53::SCWMssOS::System Command Ran  D: & cd  D:/jh_workspace/0629_axi_spi_uart_timer_gpio/export/axi_system_wrapper/microblaze_0/standalone_microblaze_0/bsp & make 
TRACE::2026-06-30.14:05:53::SCWMssOS::make --no-print-directory seq_libs

TRACE::2026-06-30.14:05:53::SCWMssOS::"Running Make include in microblaze_0/libsrc/bram_v4_5/src"

TRACE::2026-06-30.14:05:53::SCWMssOS::make -C microblaze_0/libsrc/bram_v4_5/src -s include  "SHELL=CMD" "COMPILER=mb-gcc" "ASSEMBLER=mb-as" "ARCHIVER=mb-ar" "COMPILE
TRACE::2026-06-30.14:05:53::SCWMssOS::R_FLAGS=  -O2 -c -mcpu=v11.0 -mlittle-endian -mxl-soft-mul" "EXTRA_COMPILER_FLAGS=-g -ffunction-sections -fdata-sections -Wall 
TRACE::2026-06-30.14:05:53::SCWMssOS::-Wextra"

TRACE::2026-06-30.14:05:53::SCWMssOS::"Running Make include in microblaze_0/libsrc/cpu_v2_12/src"

TRACE::2026-06-30.14:05:53::SCWMssOS::make -C microblaze_0/libsrc/cpu_v2_12/src -s include  "SHELL=CMD" "COMPILER=mb-gcc" "ASSEMBLER=mb-as" "ARCHIVER=mb-ar" "COMPILE
TRACE::2026-06-30.14:05:53::SCWMssOS::R_FLAGS=  -O2 -c -mcpu=v11.0 -mlittle-endian -mxl-soft-mul" "EXTRA_COMPILER_FLAGS=-g -ffunction-sections -fdata-sections -Wall 
TRACE::2026-06-30.14:05:53::SCWMssOS::-Wextra"

TRACE::2026-06-30.14:05:53::SCWMssOS::"Running Make include in microblaze_0/libsrc/gpio_v1_0/src"

TRACE::2026-06-30.14:05:53::SCWMssOS::make -C microblaze_0/libsrc/gpio_v1_0/src -s include  "SHELL=CMD" "COMPILER=mb-gcc" "ASSEMBLER=mb-as" "ARCHIVER=mb-ar" "COMPILE
TRACE::2026-06-30.14:05:53::SCWMssOS::R_FLAGS=  -O2 -c -mcpu=v11.0 -mlittle-endian -mxl-soft-mul" "EXTRA_COMPILER_FLAGS=-g -ffunction-sections -fdata-sections -Wall 
TRACE::2026-06-30.14:05:53::SCWMssOS::-Wextra"

TRACE::2026-06-30.14:05:53::SCWMssOS::"Running Make include in microblaze_0/libsrc/intc_v3_12/src"

TRACE::2026-06-30.14:05:53::SCWMssOS::make -C microblaze_0/libsrc/intc_v3_12/src -s include  "SHELL=CMD" "COMPILER=mb-gcc" "ASSEMBLER=mb-as" "ARCHIVER=mb-ar" "COMPIL
TRACE::2026-06-30.14:05:53::SCWMssOS::ER_FLAGS=  -O2 -c -mcpu=v11.0 -mlittle-endian -mxl-soft-mul" "EXTRA_COMPILER_FLAGS=-g -ffunction-sections -fdata-sections -Wall
TRACE::2026-06-30.14:05:53::SCWMssOS:: -Wextra"

TRACE::2026-06-30.14:05:53::SCWMssOS::"Running Make include in microblaze_0/libsrc/spi_axi_v1_0/src"

TRACE::2026-06-30.14:05:53::SCWMssOS::make -C microblaze_0/libsrc/spi_axi_v1_0/src -s include  "SHELL=CMD" "COMPILER=mb-gcc" "ASSEMBLER=mb-as" "ARCHIVER=mb-ar" "COMP
TRACE::2026-06-30.14:05:53::SCWMssOS::ILER_FLAGS=  -O2 -c -mcpu=v11.0 -mlittle-endian -mxl-soft-mul" "EXTRA_COMPILER_FLAGS=-g -ffunction-sections -fdata-sections -Wa
TRACE::2026-06-30.14:05:53::SCWMssOS::ll -Wextra"

TRACE::2026-06-30.14:05:53::SCWMssOS::"Running Make include in microblaze_0/libsrc/standalone_v7_3/src"

TRACE::2026-06-30.14:05:53::SCWMssOS::make -C microblaze_0/libsrc/standalone_v7_3/src -s include  "SHELL=CMD" "COMPILER=mb-gcc" "ASSEMBLER=mb-as" "ARCHIVER=mb-ar" "C
TRACE::2026-06-30.14:05:53::SCWMssOS::OMPILER_FLAGS=  -O2 -c -mcpu=v11.0 -mlittle-endian -mxl-soft-mul" "EXTRA_COMPILER_FLAGS=-g -ffunction-sections -fdata-sections 
TRACE::2026-06-30.14:05:53::SCWMssOS::-Wall -Wextra"

TRACE::2026-06-30.14:05:53::SCWMssOS::"Running Make include in microblaze_0/libsrc/timer_two_v1_0/src"

TRACE::2026-06-30.14:05:53::SCWMssOS::make -C microblaze_0/libsrc/timer_two_v1_0/src -s include  "SHELL=CMD" "COMPILER=mb-gcc" "ASSEMBLER=mb-as" "ARCHIVER=mb-ar" "CO
TRACE::2026-06-30.14:05:53::SCWMssOS::MPILER_FLAGS=  -O2 -c -mcpu=v11.0 -mlittle-endian -mxl-soft-mul" "EXTRA_COMPILER_FLAGS=-g -ffunction-sections -fdata-sections -
TRACE::2026-06-30.14:05:53::SCWMssOS::Wall -Wextra"

TRACE::2026-06-30.14:05:53::SCWMssOS::"Running Make include in microblaze_0/libsrc/uart_two_v1_0/src"

TRACE::2026-06-30.14:05:53::SCWMssOS::make -C microblaze_0/libsrc/uart_two_v1_0/src -s include  "SHELL=CMD" "COMPILER=mb-gcc" "ASSEMBLER=mb-as" "ARCHIVER=mb-ar" "COM
TRACE::2026-06-30.14:05:53::SCWMssOS::PILER_FLAGS=  -O2 -c -mcpu=v11.0 -mlittle-endian -mxl-soft-mul" "EXTRA_COMPILER_FLAGS=-g -ffunction-sections -fdata-sections -W
TRACE::2026-06-30.14:05:53::SCWMssOS::all -Wextra"

TRACE::2026-06-30.14:05:53::SCWMssOS::"Running Make libs in microblaze_0/libsrc/gpio_v1_0/src"

TRACE::2026-06-30.14:05:53::SCWMssOS::make -C microblaze_0/libsrc/gpio_v1_0/src -s libs  "SHELL=CMD" "COMPILER=mb-gcc" "ASSEMBLER=mb-as" "ARCHIVER=mb-ar" "COMPILER_F
TRACE::2026-06-30.14:05:53::SCWMssOS::LAGS=  -O2 -c -mcpu=v11.0 -mlittle-endian -mxl-soft-mul" "EXTRA_COMPILER_FLAGS=-g -ffunction-sections -fdata-sections -Wall -We
TRACE::2026-06-30.14:05:53::SCWMssOS::xtra"

TRACE::2026-06-30.14:05:53::SCWMssOS::"Compiling gpio..."

TRACE::2026-06-30.14:05:53::SCWMssOS::"Running Make libs in microblaze_0/libsrc/spi_axi_v1_0/src"

TRACE::2026-06-30.14:05:53::SCWMssOS::make -C microblaze_0/libsrc/spi_axi_v1_0/src -s libs  "SHELL=CMD" "COMPILER=mb-gcc" "ASSEMBLER=mb-as" "ARCHIVER=mb-ar" "COMPILE
TRACE::2026-06-30.14:05:53::SCWMssOS::R_FLAGS=  -O2 -c -mcpu=v11.0 -mlittle-endian -mxl-soft-mul" "EXTRA_COMPILER_FLAGS=-g -ffunction-sections -fdata-sections -Wall 
TRACE::2026-06-30.14:05:53::SCWMssOS::-Wextra"

TRACE::2026-06-30.14:05:53::SCWMssOS::"Compiling spi_axi..."

ERROR::2026-06-30.14:05:54::SCWMssOS::Failed to build  the bsp sources for domain - standalone_microblaze_0
ERROR::2026-06-30.14:05:54::SCWSystem::Error in Processing the domain standalone_microblaze_0
