
*** Running vivado
    with args -log axi_system_wrapper.vds -m64 -product Vivado -mode batch -messageDb vivado.pb -notrace -source axi_system_wrapper.tcl



****** Vivado v2020.2 (64-bit)
  **** SW Build 3064766 on Wed Nov 18 09:12:45 MST 2020
  **** IP Build 3064653 on Wed Nov 18 14:17:31 MST 2020
    ** Copyright 1986-2020 Xilinx, Inc. All Rights Reserved.

source axi_system_wrapper.tcl -notrace
INFO: [IP_Flow 19-234] Refreshing IP repositories
INFO: [IP_Flow 19-1700] Loaded user IP repository 'd:/jh_workspace/ip_repo/timer_two_1.0'.
INFO: [IP_Flow 19-1700] Loaded user IP repository 'd:/jh_workspace/ip_repo/gpio_1.0'.
INFO: [IP_Flow 19-1700] Loaded user IP repository 'd:/jh_workspace/ip_repo/spi_axi_1.0'.
INFO: [IP_Flow 19-1700] Loaded user IP repository 'd:/jh_workspace/ip_repo/uart_two_1.0'.
INFO: [IP_Flow 19-2313] Loaded Vivado IP repository 'C:/Xilinx/Vivado/2020.2/data/ip'.
WARNING: [IP_Flow 19-4995] The host OS only allows 260 characters in a normal path. The IP cache path is more than 80 characters. If you experience issues with IP caching, please consider changing the IP cache to a location with a shorter path. Alternately consider using the OS subst command to map part of the path to a drive letter. 
Current IP cache path is d:/jh_workspace/0629_axi_spi_uart_timer_gpio/0629_axi_spi_uart_timer_gpio.cache/ip 
Command: synth_design -top axi_system_wrapper -part xc7a35tcpg236-1
Starting synth_design
Attempting to get a license for feature 'Synthesis' and/or device 'xc7a35t'
INFO: [Common 17-349] Got license for feature 'Synthesis' and/or device 'xc7a35t'
INFO: [Device 21-403] Loading part xc7a35tcpg236-1
INFO: [Synth 8-7079] Multithreading enabled for synth_design using a maximum of 2 processes.
INFO: [Synth 8-7078] Launching helper process for spawning children vivado processes
INFO: [Synth 8-7075] Helper process launched with PID 103496
---------------------------------------------------------------------------------
Starting RTL Elaboration : Time (s): cpu = 00:00:05 ; elapsed = 00:00:07 . Memory (MB): peak = 1107.250 ; gain = 0.000
---------------------------------------------------------------------------------
INFO: [Synth 8-6157] synthesizing module 'axi_system_wrapper' [d:/jh_workspace/0629_axi_spi_uart_timer_gpio/0629_axi_spi_uart_timer_gpio.gen/sources_1/bd/axi_system/hdl/axi_system_wrapper.v:12]
INFO: [Synth 8-6157] synthesizing module 'axi_system' [d:/jh_workspace/0629_axi_spi_uart_timer_gpio/0629_axi_spi_uart_timer_gpio.gen/sources_1/bd/axi_system/synth/axi_system.v:13]
INFO: [Synth 8-638] synthesizing module 'axi_system_axi_intc_0_0' [d:/jh_workspace/0629_axi_spi_uart_timer_gpio/0629_axi_spi_uart_timer_gpio.gen/sources_1/bd/axi_system/ip/axi_system_axi_intc_0_0/synth/axi_system_axi_intc_0_0.vhd:85]
	Parameter C_FAMILY bound to: artix7 - type: string 
	Parameter C_INSTANCE bound to: axi_system_axi_intc_0_0 - type: string 
	Parameter C_S_AXI_ADDR_WIDTH bound to: 9 - type: integer 
	Parameter C_S_AXI_DATA_WIDTH bound to: 32 - type: integer 
	Parameter C_NUM_INTR_INPUTS bound to: 3 - type: integer 
	Parameter C_NUM_SW_INTR bound to: 0 - type: integer 
	Parameter C_KIND_OF_INTR bound to: 32'b11111111111111111111111111111000 
	Parameter C_KIND_OF_EDGE bound to: 32'b11111111111111111111111111111111 
	Parameter C_KIND_OF_LVL bound to: 32'b11111111111111111111111111111111 
	Parameter C_ASYNC_INTR bound to: 32'b11111111111111111111111111111000 
	Parameter C_NUM_SYNC_FF bound to: 2 - type: integer 
	Parameter C_ADDR_WIDTH bound to: 32 - type: integer 
	Parameter C_IVAR_RESET_VALUE bound to: 64'b0000000000000000000000000000000000000000000000000000000000010000 
	Parameter C_ENABLE_ASYNC bound to: 0 - type: integer 
	Parameter C_HAS_IPR bound to: 1 - type: integer 
	Parameter C_HAS_SIE bound to: 1 - type: integer 
	Parameter C_HAS_CIE bound to: 1 - type: integer 
	Parameter C_HAS_IVR bound to: 1 - type: integer 
	Parameter C_HAS_ILR bound to: 0 - type: integer 
	Parameter C_IRQ_IS_LEVEL bound to: 1 - type: integer 
	Parameter C_IRQ_ACTIVE bound to: 1'b1 
	Parameter C_DISABLE_SYNCHRONIZERS bound to: 0 - type: integer 
	Parameter C_MB_CLK_NOT_CONNECTED bound to: 1 - type: integer 
	Parameter C_HAS_FAST bound to: 0 - type: integer 
	Parameter C_EN_CASCADE_MODE bound to: 0 - type: integer 
	Parameter C_CASCADE_MASTER bound to: 0 - type: integer 
INFO: [Synth 8-3491] module 'axi_intc' declared at 'd:/jh_workspace/0629_axi_spi_uart_timer_gpio/0629_axi_spi_uart_timer_gpio.gen/sources_1/bd/axi_system/ipshared/47b8/hdl/axi_intc_v4_1_vh_rfs.vhd:3452' bound to instance 'U0' of component 'axi_intc' [d:/jh_workspace/0629_axi_spi_uart_timer_gpio/0629_axi_spi_uart_timer_gpio.gen/sources_1/bd/axi_system/ip/axi_system_axi_intc_0_0/synth/axi_system_axi_intc_0_0.vhd:185]
INFO: [Synth 8-638] synthesizing module 'axi_intc' [d:/jh_workspace/0629_axi_spi_uart_timer_gpio/0629_axi_spi_uart_timer_gpio.gen/sources_1/bd/axi_system/ipshared/47b8/hdl/axi_intc_v4_1_vh_rfs.vhd:3553]
	Parameter C_FAMILY bound to: artix7 - type: string 
	Parameter C_INSTANCE bound to: axi_system_axi_intc_0_0 - type: string 
	Parameter C_S_AXI_ADDR_WIDTH bound to: 9 - type: integer 
	Parameter C_S_AXI_DATA_WIDTH bound to: 32 - type: integer 
	Parameter C_NUM_INTR_INPUTS bound to: 3 - type: integer 
	Parameter C_NUM_SW_INTR bound to: 0 - type: integer 
	Parameter C_KIND_OF_INTR bound to: -8 - type: integer 
	Parameter C_KIND_OF_EDGE bound to: -1 - type: integer 
	Parameter C_KIND_OF_LVL bound to: -1 - type: integer 
	Parameter C_ASYNC_INTR bound to: -8 - type: integer 
	Parameter C_NUM_SYNC_FF bound to: 2 - type: integer 
	Parameter C_IVAR_RESET_VALUE bound to: 64'b0000000000000000000000000000000000000000000000000000000000010000 
	Parameter C_ADDR_WIDTH bound to: 32 - type: integer 
	Parameter C_HAS_IPR bound to: 1 - type: integer 
	Parameter C_HAS_SIE bound to: 1 - type: integer 
	Parameter C_HAS_CIE bound to: 1 - type: integer 
	Parameter C_HAS_IVR bound to: 1 - type: integer 
	Parameter C_HAS_ILR bound to: 0 - type: integer 
	Parameter C_IRQ_IS_LEVEL bound to: 1 - type: integer 
	Parameter C_IRQ_ACTIVE bound to: 1'b1 
	Parameter C_DISABLE_SYNCHRONIZERS bound to: 0 - type: integer 
	Parameter C_MB_CLK_NOT_CONNECTED bound to: 1 - type: integer 
	Parameter C_HAS_FAST bound to: 0 - type: integer 
	Parameter C_ENABLE_ASYNC bound to: 0 - type: integer 
	Parameter C_EN_CASCADE_MODE bound to: 0 - type: integer 
	Parameter C_CASCADE_MASTER bound to: 0 - type: integer 
INFO: [Synth 8-638] synthesizing module 'intc_core' [d:/jh_workspace/0629_axi_spi_uart_timer_gpio/0629_axi_spi_uart_timer_gpio.gen/sources_1/bd/axi_system/ipshared/47b8/hdl/axi_intc_v4_1_vh_rfs.vhd:794]
	Parameter C_FAMILY bound to: artix7 - type: string 
	Parameter C_DWIDTH bound to: 32 - type: integer 
	Parameter C_NUM_INTR_INPUTS bound to: 3 - type: integer 
	Parameter C_NUM_SW_INTR bound to: 0 - type: integer 
	Parameter C_KIND_OF_INTR bound to: -8 - type: integer 
	Parameter C_KIND_OF_EDGE bound to: -1 - type: integer 
	Parameter C_KIND_OF_LVL bound to: -1 - type: integer 
	Parameter C_ASYNC_INTR bound to: -8 - type: integer 
	Parameter C_NUM_SYNC_FF bound to: 2 - type: integer 
	Parameter C_HAS_IPR bound to: 1 - type: integer 
	Parameter C_HAS_SIE bound to: 1 - type: integer 
	Parameter C_HAS_CIE bound to: 1 - type: integer 
	Parameter C_HAS_IVR bound to: 1 - type: integer 
	Parameter C_HAS_ILR bound to: 0 - type: integer 
	Parameter C_IRQ_IS_LEVEL bound to: 1 - type: integer 
	Parameter C_IRQ_ACTIVE bound to: 1'b1 
	Parameter C_DISABLE_SYNCHRONIZERS bound to: 0 - type: integer 
	Parameter C_MB_CLK_NOT_CONNECTED bound to: 1 - type: integer 
	Parameter C_HAS_FAST bound to: 0 - type: integer 
	Parameter C_IVAR_RESET_VALUE bound to: 64'b0000000000000000000000000000000000000000000000000000000000010000 
	Parameter C_IVAR_WE_WIDTH bound to: 1 - type: integer 
	Parameter C_ADDR_WIDTH bound to: 32 - type: integer 
	Parameter C_EN_CASCADE_MODE bound to: 0 - type: integer 
	Parameter C_CASCADE_MASTER bound to: 0 - type: integer 
INFO: [Synth 8-256] done synthesizing module 'intc_core' (1#1) [d:/jh_workspace/0629_axi_spi_uart_timer_gpio/0629_axi_spi_uart_timer_gpio.gen/sources_1/bd/axi_system/ipshared/47b8/hdl/axi_intc_v4_1_vh_rfs.vhd:794]
INFO: [Synth 8-638] synthesizing module 'axi_lite_ipif' [d:/jh_workspace/0629_axi_spi_uart_timer_gpio/0629_axi_spi_uart_timer_gpio.gen/sources_1/bd/axi_system/ipshared/66ea/hdl/axi_lite_ipif_v3_0_vh_rfs.vhd:2948]
	Parameter C_S_AXI_DATA_WIDTH bound to: 32 - type: integer 
	Parameter C_S_AXI_ADDR_WIDTH bound to: 9 - type: integer 
	Parameter C_S_AXI_MIN_SIZE bound to: 32'b00000000000000000000000111111111 
	Parameter C_USE_WSTRB bound to: 1 - type: integer 
	Parameter C_DPHASE_TIMEOUT bound to: 8 - type: integer 
	Parameter C_ARD_ADDR_RANGE_ARRAY bound to: 384'b000000000000000000000000000000000000000000000000000000000000000000000000000000000000000000000000000000000000000000000000001111110000000000000000000000000000000000000000000000000000000100000000000000000000000000000000000000000000000000000000000000010111111100000000000000000000000000000000000000000000000000000010000000000000000000000000000000000000000000000000000000000000001011111111 
	Parameter C_ARD_NUM_CE_ARRAY bound to: 96'b000000000000000000000000000100000000000000000000000000000000000100000000000000000000000000000010 
	Parameter C_FAMILY bound to: artix7 - type: string 
INFO: [Synth 8-638] synthesizing module 'slave_attachment' [d:/jh_workspace/0629_axi_spi_uart_timer_gpio/0629_axi_spi_uart_timer_gpio.gen/sources_1/bd/axi_system/ipshared/66ea/hdl/axi_lite_ipif_v3_0_vh_rfs.vhd:2341]
	Parameter C_ARD_ADDR_RANGE_ARRAY bound to: 384'b000000000000000000000000000000000000000000000000000000000000000000000000000000000000000000000000000000000000000000000000001111110000000000000000000000000000000000000000000000000000000100000000000000000000000000000000000000000000000000000000000000010111111100000000000000000000000000000000000000000000000000000010000000000000000000000000000000000000000000000000000000000000001011111111 
	Parameter C_ARD_NUM_CE_ARRAY bound to: 96'b000000000000000000000000000100000000000000000000000000000000000100000000000000000000000000000010 
	Parameter C_IPIF_ABUS_WIDTH bound to: 9 - type: integer 
	Parameter C_IPIF_DBUS_WIDTH bound to: 32 - type: integer 
	Parameter C_S_AXI_MIN_SIZE bound to: 511 - type: integer 
	Parameter C_USE_WSTRB bound to: 1 - type: integer 
	Parameter C_DPHASE_TIMEOUT bound to: 8 - type: integer 
	Parameter C_FAMILY bound to: artix7 - type: string 
INFO: [Synth 8-638] synthesizing module 'address_decoder' [d:/jh_workspace/0629_axi_spi_uart_timer_gpio/0629_axi_spi_uart_timer_gpio.gen/sources_1/bd/axi_system/ipshared/66ea/hdl/axi_lite_ipif_v3_0_vh_rfs.vhd:1775]
	Parameter C_BUS_AWIDTH bound to: 9 - type: integer 
	Parameter C_S_AXI_MIN_SIZE bound to: 511 - type: integer 
	Parameter C_ARD_ADDR_RANGE_ARRAY bound to: 384'b000000000000000000000000000000000000000000000000000000000000000000000000000000000000000000000000000000000000000000000000001111110000000000000000000000000000000000000000000000000000000100000000000000000000000000000000000000000000000000000000000000010111111100000000000000000000000000000000000000000000000000000010000000000000000000000000000000000000000000000000000000000000001011111111 
	Parameter C_ARD_NUM_CE_ARRAY bound to: 96'b000000000000000000000000000100000000000000000000000000000000000100000000000000000000000000000010 
	Parameter C_FAMILY bound to: nofamily - type: string 
INFO: [Synth 8-638] synthesizing module 'pselect_f' [d:/jh_workspace/0629_axi_spi_uart_timer_gpio/0629_axi_spi_uart_timer_gpio.gen/sources_1/bd/axi_system/ipshared/66ea/hdl/axi_lite_ipif_v3_0_vh_rfs.vhd:1534]
	Parameter C_AB bound to: 3 - type: integer 
	Parameter C_AW bound to: 9 - type: integer 
	Parameter C_BAR bound to: 9'b000000000 
	Parameter C_FAMILY bound to: nofamily - type: string 
INFO: [Synth 8-256] done synthesizing module 'pselect_f' (2#1) [d:/jh_workspace/0629_axi_spi_uart_timer_gpio/0629_axi_spi_uart_timer_gpio.gen/sources_1/bd/axi_system/ipshared/66ea/hdl/axi_lite_ipif_v3_0_vh_rfs.vhd:1534]
INFO: [Synth 8-638] synthesizing module 'pselect_f__parameterized0' [d:/jh_workspace/0629_axi_spi_uart_timer_gpio/0629_axi_spi_uart_timer_gpio.gen/sources_1/bd/axi_system/ipshared/66ea/hdl/axi_lite_ipif_v3_0_vh_rfs.vhd:1534]
	Parameter C_AB bound to: 4 - type: integer 
	Parameter C_AW bound to: 4 - type: integer 
	Parameter C_BAR bound to: 4'b0000 
	Parameter C_FAMILY bound to: nofamily - type: string 
INFO: [Synth 8-256] done synthesizing module 'pselect_f__parameterized0' (2#1) [d:/jh_workspace/0629_axi_spi_uart_timer_gpio/0629_axi_spi_uart_timer_gpio.gen/sources_1/bd/axi_system/ipshared/66ea/hdl/axi_lite_ipif_v3_0_vh_rfs.vhd:1534]
INFO: [Synth 8-638] synthesizing module 'pselect_f__parameterized1' [d:/jh_workspace/0629_axi_spi_uart_timer_gpio/0629_axi_spi_uart_timer_gpio.gen/sources_1/bd/axi_system/ipshared/66ea/hdl/axi_lite_ipif_v3_0_vh_rfs.vhd:1534]
	Parameter C_AB bound to: 4 - type: integer 
	Parameter C_AW bound to: 4 - type: integer 
	Parameter C_BAR bound to: 4'b0001 
	Parameter C_FAMILY bound to: nofamily - type: string 
INFO: [Synth 8-256] done synthesizing module 'pselect_f__parameterized1' (2#1) [d:/jh_workspace/0629_axi_spi_uart_timer_gpio/0629_axi_spi_uart_timer_gpio.gen/sources_1/bd/axi_system/ipshared/66ea/hdl/axi_lite_ipif_v3_0_vh_rfs.vhd:1534]
INFO: [Synth 8-638] synthesizing module 'pselect_f__parameterized2' [d:/jh_workspace/0629_axi_spi_uart_timer_gpio/0629_axi_spi_uart_timer_gpio.gen/sources_1/bd/axi_system/ipshared/66ea/hdl/axi_lite_ipif_v3_0_vh_rfs.vhd:1534]
	Parameter C_AB bound to: 4 - type: integer 
	Parameter C_AW bound to: 4 - type: integer 
	Parameter C_BAR bound to: 4'b0010 
	Parameter C_FAMILY bound to: nofamily - type: string 
INFO: [Synth 8-256] done synthesizing module 'pselect_f__parameterized2' (2#1) [d:/jh_workspace/0629_axi_spi_uart_timer_gpio/0629_axi_spi_uart_timer_gpio.gen/sources_1/bd/axi_system/ipshared/66ea/hdl/axi_lite_ipif_v3_0_vh_rfs.vhd:1534]
INFO: [Synth 8-638] synthesizing module 'pselect_f__parameterized3' [d:/jh_workspace/0629_axi_spi_uart_timer_gpio/0629_axi_spi_uart_timer_gpio.gen/sources_1/bd/axi_system/ipshared/66ea/hdl/axi_lite_ipif_v3_0_vh_rfs.vhd:1534]
	Parameter C_AB bound to: 4 - type: integer 
	Parameter C_AW bound to: 4 - type: integer 
	Parameter C_BAR bound to: 4'b0011 
	Parameter C_FAMILY bound to: nofamily - type: string 
INFO: [Synth 8-256] done synthesizing module 'pselect_f__parameterized3' (2#1) [d:/jh_workspace/0629_axi_spi_uart_timer_gpio/0629_axi_spi_uart_timer_gpio.gen/sources_1/bd/axi_system/ipshared/66ea/hdl/axi_lite_ipif_v3_0_vh_rfs.vhd:1534]
INFO: [Synth 8-638] synthesizing module 'pselect_f__parameterized4' [d:/jh_workspace/0629_axi_spi_uart_timer_gpio/0629_axi_spi_uart_timer_gpio.gen/sources_1/bd/axi_system/ipshared/66ea/hdl/axi_lite_ipif_v3_0_vh_rfs.vhd:1534]
	Parameter C_AB bound to: 4 - type: integer 
	Parameter C_AW bound to: 4 - type: integer 
	Parameter C_BAR bound to: 4'b0100 
	Parameter C_FAMILY bound to: nofamily - type: string 
INFO: [Synth 8-256] done synthesizing module 'pselect_f__parameterized4' (2#1) [d:/jh_workspace/0629_axi_spi_uart_timer_gpio/0629_axi_spi_uart_timer_gpio.gen/sources_1/bd/axi_system/ipshared/66ea/hdl/axi_lite_ipif_v3_0_vh_rfs.vhd:1534]
INFO: [Synth 8-638] synthesizing module 'pselect_f__parameterized5' [d:/jh_workspace/0629_axi_spi_uart_timer_gpio/0629_axi_spi_uart_timer_gpio.gen/sources_1/bd/axi_system/ipshared/66ea/hdl/axi_lite_ipif_v3_0_vh_rfs.vhd:1534]
	Parameter C_AB bound to: 4 - type: integer 
	Parameter C_AW bound to: 4 - type: integer 
	Parameter C_BAR bound to: 4'b0101 
	Parameter C_FAMILY bound to: nofamily - type: string 
INFO: [Synth 8-256] done synthesizing module 'pselect_f__parameterized5' (2#1) [d:/jh_workspace/0629_axi_spi_uart_timer_gpio/0629_axi_spi_uart_timer_gpio.gen/sources_1/bd/axi_system/ipshared/66ea/hdl/axi_lite_ipif_v3_0_vh_rfs.vhd:1534]
INFO: [Synth 8-638] synthesizing module 'pselect_f__parameterized6' [d:/jh_workspace/0629_axi_spi_uart_timer_gpio/0629_axi_spi_uart_timer_gpio.gen/sources_1/bd/axi_system/ipshared/66ea/hdl/axi_lite_ipif_v3_0_vh_rfs.vhd:1534]
	Parameter C_AB bound to: 4 - type: integer 
	Parameter C_AW bound to: 4 - type: integer 
	Parameter C_BAR bound to: 4'b0110 
	Parameter C_FAMILY bound to: nofamily - type: string 
INFO: [Synth 8-256] done synthesizing module 'pselect_f__parameterized6' (2#1) [d:/jh_workspace/0629_axi_spi_uart_timer_gpio/0629_axi_spi_uart_timer_gpio.gen/sources_1/bd/axi_system/ipshared/66ea/hdl/axi_lite_ipif_v3_0_vh_rfs.vhd:1534]
INFO: [Synth 8-638] synthesizing module 'pselect_f__parameterized7' [d:/jh_workspace/0629_axi_spi_uart_timer_gpio/0629_axi_spi_uart_timer_gpio.gen/sources_1/bd/axi_system/ipshared/66ea/hdl/axi_lite_ipif_v3_0_vh_rfs.vhd:1534]
	Parameter C_AB bound to: 4 - type: integer 
	Parameter C_AW bound to: 4 - type: integer 
	Parameter C_BAR bound to: 4'b0111 
	Parameter C_FAMILY bound to: nofamily - type: string 
INFO: [Synth 8-256] done synthesizing module 'pselect_f__parameterized7' (2#1) [d:/jh_workspace/0629_axi_spi_uart_timer_gpio/0629_axi_spi_uart_timer_gpio.gen/sources_1/bd/axi_system/ipshared/66ea/hdl/axi_lite_ipif_v3_0_vh_rfs.vhd:1534]
INFO: [Synth 8-638] synthesizing module 'pselect_f__parameterized8' [d:/jh_workspace/0629_axi_spi_uart_timer_gpio/0629_axi_spi_uart_timer_gpio.gen/sources_1/bd/axi_system/ipshared/66ea/hdl/axi_lite_ipif_v3_0_vh_rfs.vhd:1534]
	Parameter C_AB bound to: 4 - type: integer 
	Parameter C_AW bound to: 4 - type: integer 
	Parameter C_BAR bound to: 4'b1000 
	Parameter C_FAMILY bound to: nofamily - type: string 
INFO: [Synth 8-256] done synthesizing module 'pselect_f__parameterized8' (2#1) [d:/jh_workspace/0629_axi_spi_uart_timer_gpio/0629_axi_spi_uart_timer_gpio.gen/sources_1/bd/axi_system/ipshared/66ea/hdl/axi_lite_ipif_v3_0_vh_rfs.vhd:1534]
INFO: [Synth 8-638] synthesizing module 'pselect_f__parameterized9' [d:/jh_workspace/0629_axi_spi_uart_timer_gpio/0629_axi_spi_uart_timer_gpio.gen/sources_1/bd/axi_system/ipshared/66ea/hdl/axi_lite_ipif_v3_0_vh_rfs.vhd:1534]
	Parameter C_AB bound to: 4 - type: integer 
	Parameter C_AW bound to: 4 - type: integer 
	Parameter C_BAR bound to: 4'b1001 
	Parameter C_FAMILY bound to: nofamily - type: string 
INFO: [Synth 8-256] done synthesizing module 'pselect_f__parameterized9' (2#1) [d:/jh_workspace/0629_axi_spi_uart_timer_gpio/0629_axi_spi_uart_timer_gpio.gen/sources_1/bd/axi_system/ipshared/66ea/hdl/axi_lite_ipif_v3_0_vh_rfs.vhd:1534]
INFO: [Synth 8-638] synthesizing module 'pselect_f__parameterized10' [d:/jh_workspace/0629_axi_spi_uart_timer_gpio/0629_axi_spi_uart_timer_gpio.gen/sources_1/bd/axi_system/ipshared/66ea/hdl/axi_lite_ipif_v3_0_vh_rfs.vhd:1534]
	Parameter C_AB bound to: 4 - type: integer 
	Parameter C_AW bound to: 4 - type: integer 
	Parameter C_BAR bound to: 4'b1010 
	Parameter C_FAMILY bound to: nofamily - type: string 
INFO: [Synth 8-256] done synthesizing module 'pselect_f__parameterized10' (2#1) [d:/jh_workspace/0629_axi_spi_uart_timer_gpio/0629_axi_spi_uart_timer_gpio.gen/sources_1/bd/axi_system/ipshared/66ea/hdl/axi_lite_ipif_v3_0_vh_rfs.vhd:1534]
INFO: [Synth 8-638] synthesizing module 'pselect_f__parameterized11' [d:/jh_workspace/0629_axi_spi_uart_timer_gpio/0629_axi_spi_uart_timer_gpio.gen/sources_1/bd/axi_system/ipshared/66ea/hdl/axi_lite_ipif_v3_0_vh_rfs.vhd:1534]
	Parameter C_AB bound to: 4 - type: integer 
	Parameter C_AW bound to: 4 - type: integer 
	Parameter C_BAR bound to: 4'b1011 
	Parameter C_FAMILY bound to: nofamily - type: string 
INFO: [Synth 8-256] done synthesizing module 'pselect_f__parameterized11' (2#1) [d:/jh_workspace/0629_axi_spi_uart_timer_gpio/0629_axi_spi_uart_timer_gpio.gen/sources_1/bd/axi_system/ipshared/66ea/hdl/axi_lite_ipif_v3_0_vh_rfs.vhd:1534]
INFO: [Synth 8-638] synthesizing module 'pselect_f__parameterized12' [d:/jh_workspace/0629_axi_spi_uart_timer_gpio/0629_axi_spi_uart_timer_gpio.gen/sources_1/bd/axi_system/ipshared/66ea/hdl/axi_lite_ipif_v3_0_vh_rfs.vhd:1534]
	Parameter C_AB bound to: 4 - type: integer 
	Parameter C_AW bound to: 4 - type: integer 
	Parameter C_BAR bound to: 4'b1100 
	Parameter C_FAMILY bound to: nofamily - type: string 
INFO: [Synth 8-256] done synthesizing module 'pselect_f__parameterized12' (2#1) [d:/jh_workspace/0629_axi_spi_uart_timer_gpio/0629_axi_spi_uart_timer_gpio.gen/sources_1/bd/axi_system/ipshared/66ea/hdl/axi_lite_ipif_v3_0_vh_rfs.vhd:1534]
INFO: [Synth 8-638] synthesizing module 'pselect_f__parameterized13' [d:/jh_workspace/0629_axi_spi_uart_timer_gpio/0629_axi_spi_uart_timer_gpio.gen/sources_1/bd/axi_system/ipshared/66ea/hdl/axi_lite_ipif_v3_0_vh_rfs.vhd:1534]
	Parameter C_AB bound to: 4 - type: integer 
	Parameter C_AW bound to: 4 - type: integer 
	Parameter C_BAR bound to: 4'b1101 
	Parameter C_FAMILY bound to: nofamily - type: string 
INFO: [Synth 8-256] done synthesizing module 'pselect_f__parameterized13' (2#1) [d:/jh_workspace/0629_axi_spi_uart_timer_gpio/0629_axi_spi_uart_timer_gpio.gen/sources_1/bd/axi_system/ipshared/66ea/hdl/axi_lite_ipif_v3_0_vh_rfs.vhd:1534]
INFO: [Synth 8-638] synthesizing module 'pselect_f__parameterized14' [d:/jh_workspace/0629_axi_spi_uart_timer_gpio/0629_axi_spi_uart_timer_gpio.gen/sources_1/bd/axi_system/ipshared/66ea/hdl/axi_lite_ipif_v3_0_vh_rfs.vhd:1534]
	Parameter C_AB bound to: 4 - type: integer 
	Parameter C_AW bound to: 4 - type: integer 
	Parameter C_BAR bound to: 4'b1110 
	Parameter C_FAMILY bound to: nofamily - type: string 
INFO: [Synth 8-256] done synthesizing module 'pselect_f__parameterized14' (2#1) [d:/jh_workspace/0629_axi_spi_uart_timer_gpio/0629_axi_spi_uart_timer_gpio.gen/sources_1/bd/axi_system/ipshared/66ea/hdl/axi_lite_ipif_v3_0_vh_rfs.vhd:1534]
INFO: [Synth 8-638] synthesizing module 'pselect_f__parameterized15' [d:/jh_workspace/0629_axi_spi_uart_timer_gpio/0629_axi_spi_uart_timer_gpio.gen/sources_1/bd/axi_system/ipshared/66ea/hdl/axi_lite_ipif_v3_0_vh_rfs.vhd:1534]
	Parameter C_AB bound to: 4 - type: integer 
	Parameter C_AW bound to: 4 - type: integer 
	Parameter C_BAR bound to: 4'b1111 
	Parameter C_FAMILY bound to: nofamily - type: string 
INFO: [Synth 8-256] done synthesizing module 'pselect_f__parameterized15' (2#1) [d:/jh_workspace/0629_axi_spi_uart_timer_gpio/0629_axi_spi_uart_timer_gpio.gen/sources_1/bd/axi_system/ipshared/66ea/hdl/axi_lite_ipif_v3_0_vh_rfs.vhd:1534]
INFO: [Synth 8-638] synthesizing module 'pselect_f__parameterized16' [d:/jh_workspace/0629_axi_spi_uart_timer_gpio/0629_axi_spi_uart_timer_gpio.gen/sources_1/bd/axi_system/ipshared/66ea/hdl/axi_lite_ipif_v3_0_vh_rfs.vhd:1534]
	Parameter C_AB bound to: 2 - type: integer 
	Parameter C_AW bound to: 9 - type: integer 
	Parameter C_BAR bound to: 9'b100000000 
	Parameter C_FAMILY bound to: nofamily - type: string 
INFO: [Synth 8-256] done synthesizing module 'pselect_f__parameterized16' (2#1) [d:/jh_workspace/0629_axi_spi_uart_timer_gpio/0629_axi_spi_uart_timer_gpio.gen/sources_1/bd/axi_system/ipshared/66ea/hdl/axi_lite_ipif_v3_0_vh_rfs.vhd:1534]
INFO: [Synth 8-638] synthesizing module 'pselect_f__parameterized17' [d:/jh_workspace/0629_axi_spi_uart_timer_gpio/0629_axi_spi_uart_timer_gpio.gen/sources_1/bd/axi_system/ipshared/66ea/hdl/axi_lite_ipif_v3_0_vh_rfs.vhd:1534]
	Parameter C_AB bound to: 1 - type: integer 
	Parameter C_AW bound to: 9 - type: integer 
	Parameter C_BAR bound to: 9'b000000000 
	Parameter C_FAMILY bound to: nofamily - type: string 
INFO: [Synth 8-256] done synthesizing module 'pselect_f__parameterized17' (2#1) [d:/jh_workspace/0629_axi_spi_uart_timer_gpio/0629_axi_spi_uart_timer_gpio.gen/sources_1/bd/axi_system/ipshared/66ea/hdl/axi_lite_ipif_v3_0_vh_rfs.vhd:1534]
INFO: [Synth 8-638] synthesizing module 'pselect_f__parameterized18' [d:/jh_workspace/0629_axi_spi_uart_timer_gpio/0629_axi_spi_uart_timer_gpio.gen/sources_1/bd/axi_system/ipshared/66ea/hdl/axi_lite_ipif_v3_0_vh_rfs.vhd:1534]
	Parameter C_AB bound to: 1 - type: integer 
	Parameter C_AW bound to: 1 - type: integer 
	Parameter C_BAR bound to: 1'b0 
	Parameter C_FAMILY bound to: nofamily - type: string 
INFO: [Synth 8-256] done synthesizing module 'pselect_f__parameterized18' (2#1) [d:/jh_workspace/0629_axi_spi_uart_timer_gpio/0629_axi_spi_uart_timer_gpio.gen/sources_1/bd/axi_system/ipshared/66ea/hdl/axi_lite_ipif_v3_0_vh_rfs.vhd:1534]
INFO: [Synth 8-638] synthesizing module 'pselect_f__parameterized19' [d:/jh_workspace/0629_axi_spi_uart_timer_gpio/0629_axi_spi_uart_timer_gpio.gen/sources_1/bd/axi_system/ipshared/66ea/hdl/axi_lite_ipif_v3_0_vh_rfs.vhd:1534]
	Parameter C_AB bound to: 1 - type: integer 
	Parameter C_AW bound to: 1 - type: integer 
	Parameter C_BAR bound to: 1'b1 
	Parameter C_FAMILY bound to: nofamily - type: string 
INFO: [Synth 8-256] done synthesizing module 'pselect_f__parameterized19' (2#1) [d:/jh_workspace/0629_axi_spi_uart_timer_gpio/0629_axi_spi_uart_timer_gpio.gen/sources_1/bd/axi_system/ipshared/66ea/hdl/axi_lite_ipif_v3_0_vh_rfs.vhd:1534]
INFO: [Synth 8-256] done synthesizing module 'address_decoder' (3#1) [d:/jh_workspace/0629_axi_spi_uart_timer_gpio/0629_axi_spi_uart_timer_gpio.gen/sources_1/bd/axi_system/ipshared/66ea/hdl/axi_lite_ipif_v3_0_vh_rfs.vhd:1775]
INFO: [Synth 8-226] default block is never used [d:/jh_workspace/0629_axi_spi_uart_timer_gpio/0629_axi_spi_uart_timer_gpio.gen/sources_1/bd/axi_system/ipshared/66ea/hdl/axi_lite_ipif_v3_0_vh_rfs.vhd:2550]
INFO: [Synth 8-256] done synthesizing module 'slave_attachment' (4#1) [d:/jh_workspace/0629_axi_spi_uart_timer_gpio/0629_axi_spi_uart_timer_gpio.gen/sources_1/bd/axi_system/ipshared/66ea/hdl/axi_lite_ipif_v3_0_vh_rfs.vhd:2341]
INFO: [Synth 8-256] done synthesizing module 'axi_lite_ipif' (5#1) [d:/jh_workspace/0629_axi_spi_uart_timer_gpio/0629_axi_spi_uart_timer_gpio.gen/sources_1/bd/axi_system/ipshared/66ea/hdl/axi_lite_ipif_v3_0_vh_rfs.vhd:2948]
INFO: [Synth 8-256] done synthesizing module 'axi_intc' (6#1) [d:/jh_workspace/0629_axi_spi_uart_timer_gpio/0629_axi_spi_uart_timer_gpio.gen/sources_1/bd/axi_system/ipshared/47b8/hdl/axi_intc_v4_1_vh_rfs.vhd:3553]
INFO: [Synth 8-256] done synthesizing module 'axi_system_axi_intc_0_0' (7#1) [d:/jh_workspace/0629_axi_spi_uart_timer_gpio/0629_axi_spi_uart_timer_gpio.gen/sources_1/bd/axi_system/ip/axi_system_axi_intc_0_0/synth/axi_system_axi_intc_0_0.vhd:85]
INFO: [Synth 8-6157] synthesizing module 'axi_system_clk_wiz_1_0' [d:/jh_workspace/0629_axi_spi_uart_timer_gpio/0629_axi_spi_uart_timer_gpio.gen/sources_1/bd/axi_system/ip/axi_system_clk_wiz_1_0/axi_system_clk_wiz_1_0.v:70]
INFO: [Synth 8-6157] synthesizing module 'axi_system_clk_wiz_1_0_clk_wiz' [d:/jh_workspace/0629_axi_spi_uart_timer_gpio/0629_axi_spi_uart_timer_gpio.gen/sources_1/bd/axi_system/ip/axi_system_clk_wiz_1_0/axi_system_clk_wiz_1_0_clk_wiz.v:68]
INFO: [Synth 8-6157] synthesizing module 'IBUF' [C:/Xilinx/Vivado/2020.2/scripts/rt/data/unisim_comp.v:32983]
	Parameter CAPACITANCE bound to: DONT_CARE - type: string 
	Parameter IBUF_DELAY_VALUE bound to: 0 - type: string 
	Parameter IBUF_LOW_PWR bound to: TRUE - type: string 
	Parameter IFD_DELAY_VALUE bound to: AUTO - type: string 
	Parameter IOSTANDARD bound to: DEFAULT - type: string 
INFO: [Synth 8-6155] done synthesizing module 'IBUF' (8#1) [C:/Xilinx/Vivado/2020.2/scripts/rt/data/unisim_comp.v:32983]
INFO: [Synth 8-6157] synthesizing module 'MMCME2_ADV' [C:/Xilinx/Vivado/2020.2/scripts/rt/data/unisim_comp.v:39998]
	Parameter BANDWIDTH bound to: OPTIMIZED - type: string 
	Parameter CLKFBOUT_MULT_F bound to: 10.000000 - type: double 
	Parameter CLKFBOUT_PHASE bound to: 0.000000 - type: double 
	Parameter CLKFBOUT_USE_FINE_PS bound to: FALSE - type: string 
	Parameter CLKIN1_PERIOD bound to: 10.000000 - type: double 
	Parameter CLKIN2_PERIOD bound to: 0.000000 - type: double 
	Parameter CLKOUT0_DIVIDE_F bound to: 10.000000 - type: double 
	Parameter CLKOUT0_DUTY_CYCLE bound to: 0.500000 - type: double 
	Parameter CLKOUT0_PHASE bound to: 0.000000 - type: double 
	Parameter CLKOUT0_USE_FINE_PS bound to: FALSE - type: string 
	Parameter CLKOUT1_DIVIDE bound to: 1 - type: integer 
	Parameter CLKOUT1_DUTY_CYCLE bound to: 0.500000 - type: double 
	Parameter CLKOUT1_PHASE bound to: 0.000000 - type: double 
	Parameter CLKOUT1_USE_FINE_PS bound to: FALSE - type: string 
	Parameter CLKOUT2_DIVIDE bound to: 1 - type: integer 
	Parameter CLKOUT2_DUTY_CYCLE bound to: 0.500000 - type: double 
	Parameter CLKOUT2_PHASE bound to: 0.000000 - type: double 
	Parameter CLKOUT2_USE_FINE_PS bound to: FALSE - type: string 
	Parameter CLKOUT3_DIVIDE bound to: 1 - type: integer 
	Parameter CLKOUT3_DUTY_CYCLE bound to: 0.500000 - type: double 
	Parameter CLKOUT3_PHASE bound to: 0.000000 - type: double 
	Parameter CLKOUT3_USE_FINE_PS bound to: FALSE - type: string 
	Parameter CLKOUT4_CASCADE bound to: FALSE - type: string 
	Parameter CLKOUT4_DIVIDE bound to: 1 - type: integer 
	Parameter CLKOUT4_DUTY_CYCLE bound to: 0.500000 - type: double 
	Parameter CLKOUT4_PHASE bound to: 0.000000 - type: double 
	Parameter CLKOUT4_USE_FINE_PS bound to: FALSE - type: string 
	Parameter CLKOUT5_DIVIDE bound to: 1 - type: integer 
	Parameter CLKOUT5_DUTY_CYCLE bound to: 0.500000 - type: double 
	Parameter CLKOUT5_PHASE bound to: 0.000000 - type: double 
	Parameter CLKOUT5_USE_FINE_PS bound to: FALSE - type: string 
	Parameter CLKOUT6_DIVIDE bound to: 1 - type: integer 
	Parameter CLKOUT6_DUTY_CYCLE bound to: 0.500000 - type: double 
	Parameter CLKOUT6_PHASE bound to: 0.000000 - type: double 
	Parameter CLKOUT6_USE_FINE_PS bound to: FALSE - type: string 
	Parameter COMPENSATION bound to: ZHOLD - type: string 
	Parameter DIVCLK_DIVIDE bound to: 1 - type: integer 
	Parameter IS_CLKINSEL_INVERTED bound to: 1'b0 
	Parameter IS_PSEN_INVERTED bound to: 1'b0 
	Parameter IS_PSINCDEC_INVERTED bound to: 1'b0 
	Parameter IS_PWRDWN_INVERTED bound to: 1'b0 
	Parameter IS_RST_INVERTED bound to: 1'b0 
	Parameter REF_JITTER1 bound to: 0.010000 - type: double 
	Parameter REF_JITTER2 bound to: 0.010000 - type: double 
	Parameter SS_EN bound to: FALSE - type: string 
	Parameter SS_MODE bound to: CENTER_HIGH - type: string 
	Parameter SS_MOD_PERIOD bound to: 10000 - type: integer 
	Parameter STARTUP_WAIT bound to: FALSE - type: string 
INFO: [Synth 8-6155] done synthesizing module 'MMCME2_ADV' (9#1) [C:/Xilinx/Vivado/2020.2/scripts/rt/data/unisim_comp.v:39998]
INFO: [Synth 8-6157] synthesizing module 'BUFG' [C:/Xilinx/Vivado/2020.2/scripts/rt/data/unisim_comp.v:1083]
INFO: [Synth 8-6155] done synthesizing module 'BUFG' (10#1) [C:/Xilinx/Vivado/2020.2/scripts/rt/data/unisim_comp.v:1083]
INFO: [Synth 8-6155] done synthesizing module 'axi_system_clk_wiz_1_0_clk_wiz' (11#1) [d:/jh_workspace/0629_axi_spi_uart_timer_gpio/0629_axi_spi_uart_timer_gpio.gen/sources_1/bd/axi_system/ip/axi_system_clk_wiz_1_0/axi_system_clk_wiz_1_0_clk_wiz.v:68]
INFO: [Synth 8-6155] done synthesizing module 'axi_system_clk_wiz_1_0' (12#1) [d:/jh_workspace/0629_axi_spi_uart_timer_gpio/0629_axi_spi_uart_timer_gpio.gen/sources_1/bd/axi_system/ip/axi_system_clk_wiz_1_0/axi_system_clk_wiz_1_0.v:70]
INFO: [Synth 8-6157] synthesizing module 'axi_system_gpio_0_0' [d:/jh_workspace/0629_axi_spi_uart_timer_gpio/0629_axi_spi_uart_timer_gpio.gen/sources_1/bd/axi_system/ip/axi_system_gpio_0_0/synth/axi_system_gpio_0_0.v:57]
INFO: [Synth 8-6157] synthesizing module 'gpio_v1_0' [d:/jh_workspace/0629_axi_spi_uart_timer_gpio/0629_axi_spi_uart_timer_gpio.gen/sources_1/bd/axi_system/ipshared/c344/hdl/gpio_v1_0.v:4]
	Parameter C_S00_AXI_DATA_WIDTH bound to: 32 - type: integer 
	Parameter C_S00_AXI_ADDR_WIDTH bound to: 4 - type: integer 
INFO: [Synth 8-6157] synthesizing module 'gpio_v1_0_S00_AXI' [d:/jh_workspace/0629_axi_spi_uart_timer_gpio/0629_axi_spi_uart_timer_gpio.gen/sources_1/bd/axi_system/ipshared/c344/hdl/gpio_v1_0_S00_AXI.v:4]
	Parameter C_S_AXI_DATA_WIDTH bound to: 32 - type: integer 
	Parameter C_S_AXI_ADDR_WIDTH bound to: 4 - type: integer 
	Parameter ADDR_LSB bound to: 2 - type: integer 
	Parameter OPT_MEM_ADDR_BITS bound to: 1 - type: integer 
INFO: [Synth 8-226] default block is never used [d:/jh_workspace/0629_axi_spi_uart_timer_gpio/0629_axi_spi_uart_timer_gpio.gen/sources_1/bd/axi_system/ipshared/c344/hdl/gpio_v1_0_S00_AXI.v:233]
INFO: [Synth 8-226] default block is never used [d:/jh_workspace/0629_axi_spi_uart_timer_gpio/0629_axi_spi_uart_timer_gpio.gen/sources_1/bd/axi_system/ipshared/c344/hdl/gpio_v1_0_S00_AXI.v:374]
INFO: [Synth 8-6155] done synthesizing module 'gpio_v1_0_S00_AXI' (13#1) [d:/jh_workspace/0629_axi_spi_uart_timer_gpio/0629_axi_spi_uart_timer_gpio.gen/sources_1/bd/axi_system/ipshared/c344/hdl/gpio_v1_0_S00_AXI.v:4]
INFO: [Synth 8-6157] synthesizing module 'gpio' [d:/jh_workspace/0629_axi_spi_uart_timer_gpio/0629_axi_spi_uart_timer_gpio.gen/sources_1/bd/axi_system/ipshared/c344/hdl/gpio_v1_0.v:103]
INFO: [Synth 8-6155] done synthesizing module 'gpio' (14#1) [d:/jh_workspace/0629_axi_spi_uart_timer_gpio/0629_axi_spi_uart_timer_gpio.gen/sources_1/bd/axi_system/ipshared/c344/hdl/gpio_v1_0.v:103]
INFO: [Synth 8-6155] done synthesizing module 'gpio_v1_0' (15#1) [d:/jh_workspace/0629_axi_spi_uart_timer_gpio/0629_axi_spi_uart_timer_gpio.gen/sources_1/bd/axi_system/ipshared/c344/hdl/gpio_v1_0.v:4]
INFO: [Synth 8-6155] done synthesizing module 'axi_system_gpio_0_0' (16#1) [d:/jh_workspace/0629_axi_spi_uart_timer_gpio/0629_axi_spi_uart_timer_gpio.gen/sources_1/bd/axi_system/ip/axi_system_gpio_0_0/synth/axi_system_gpio_0_0.v:57]
INFO: [Synth 8-6157] synthesizing module 'axi_system_gpio_1_0' [d:/jh_workspace/0629_axi_spi_uart_timer_gpio/0629_axi_spi_uart_timer_gpio.gen/sources_1/bd/axi_system/ip/axi_system_gpio_1_0/synth/axi_system_gpio_1_0.v:57]
INFO: [Synth 8-6155] done synthesizing module 'axi_system_gpio_1_0' (17#1) [d:/jh_workspace/0629_axi_spi_uart_timer_gpio/0629_axi_spi_uart_timer_gpio.gen/sources_1/bd/axi_system/ip/axi_system_gpio_1_0/synth/axi_system_gpio_1_0.v:57]
INFO: [Synth 8-6157] synthesizing module 'axi_system_gpio_1_1' [d:/jh_workspace/0629_axi_spi_uart_timer_gpio/0629_axi_spi_uart_timer_gpio.gen/sources_1/bd/axi_system/ip/axi_system_gpio_1_1/synth/axi_system_gpio_1_1.v:57]
INFO: [Synth 8-6155] done synthesizing module 'axi_system_gpio_1_1' (18#1) [d:/jh_workspace/0629_axi_spi_uart_timer_gpio/0629_axi_spi_uart_timer_gpio.gen/sources_1/bd/axi_system/ip/axi_system_gpio_1_1/synth/axi_system_gpio_1_1.v:57]
INFO: [Synth 8-6157] synthesizing module 'axi_system_gpio_1_2' [d:/jh_workspace/0629_axi_spi_uart_timer_gpio/0629_axi_spi_uart_timer_gpio.gen/sources_1/bd/axi_system/ip/axi_system_gpio_1_2/synth/axi_system_gpio_1_2.v:57]
INFO: [Synth 8-6155] done synthesizing module 'axi_system_gpio_1_2' (19#1) [d:/jh_workspace/0629_axi_spi_uart_timer_gpio/0629_axi_spi_uart_timer_gpio.gen/sources_1/bd/axi_system/ip/axi_system_gpio_1_2/synth/axi_system_gpio_1_2.v:57]
INFO: [Synth 8-6157] synthesizing module 'axi_system_gpio_1_3' [d:/jh_workspace/0629_axi_spi_uart_timer_gpio/0629_axi_spi_uart_timer_gpio.gen/sources_1/bd/axi_system/ip/axi_system_gpio_1_3/synth/axi_system_gpio_1_3.v:57]
INFO: [Synth 8-6155] done synthesizing module 'axi_system_gpio_1_3' (20#1) [d:/jh_workspace/0629_axi_spi_uart_timer_gpio/0629_axi_spi_uart_timer_gpio.gen/sources_1/bd/axi_system/ip/axi_system_gpio_1_3/synth/axi_system_gpio_1_3.v:57]
INFO: [Synth 8-638] synthesizing module 'axi_system_mdm_1_0' [d:/jh_workspace/0629_axi_spi_uart_timer_gpio/0629_axi_spi_uart_timer_gpio.gen/sources_1/bd/axi_system/ip/axi_system_mdm_1_0/synth/axi_system_mdm_1_0.vhd:74]
	Parameter C_FAMILY bound to: artix7 - type: string 
	Parameter C_REVISION bound to: (null) - type: string 
	Parameter C_JTAG_CHAIN bound to: 2 - type: integer 
	Parameter C_USE_BSCAN bound to: 0 - type: integer 
	Parameter C_BSCANID bound to: 76547328 - type: integer 
	Parameter C_DEBUG_INTERFACE bound to: 0 - type: integer 
	Parameter C_USE_CONFIG_RESET bound to: 0 - type: integer 
	Parameter C_AVOID_PRIMITIVES bound to: 0 - type: integer 
	Parameter C_INTERCONNECT bound to: 2 - type: integer 
	Parameter C_MB_DBG_PORTS bound to: 1 - type: integer 
	Parameter C_USE_UART bound to: 0 - type: integer 
	Parameter C_DBG_REG_ACCESS bound to: 0 - type: integer 
	Parameter C_DBG_MEM_ACCESS bound to: 0 - type: integer 
	Parameter C_USE_CROSS_TRIGGER bound to: 0 - type: integer 
	Parameter C_EXT_TRIG_RESET_VALUE bound to: 20'b11110001001000110100 
	Parameter C_TRACE_OUTPUT bound to: 0 - type: integer 
	Parameter C_TRACE_DATA_WIDTH bound to: 32 - type: integer 
	Parameter C_TRACE_CLK_FREQ_HZ bound to: 200000000 - type: integer 
	Parameter C_TRACE_CLK_OUT_PHASE bound to: 90 - type: integer 
	Parameter C_TRACE_ASYNC_RESET bound to: 0 - type: integer 
	Parameter C_TRACE_PROTOCOL bound to: 1 - type: integer 
	Parameter C_TRACE_ID bound to: 110 - type: integer 
	Parameter C_S_AXI_ADDR_WIDTH bound to: 4 - type: integer 
	Parameter C_S_AXI_DATA_WIDTH bound to: 32 - type: integer 
	Parameter C_S_AXI_ACLK_FREQ_HZ bound to: 100000000 - type: integer 
	Parameter C_M_AXI_ADDR_WIDTH bound to: 32 - type: integer 
	Parameter C_M_AXI_DATA_WIDTH bound to: 32 - type: integer 
	Parameter C_M_AXI_THREAD_ID_WIDTH bound to: 1 - type: integer 
	Parameter C_ADDR_SIZE bound to: 32 - type: integer 
	Parameter C_DATA_SIZE bound to: 32 - type: integer 
	Parameter C_LMB_PROTOCOL bound to: 0 - type: integer 
	Parameter C_M_AXIS_DATA_WIDTH bound to: 32 - type: integer 
	Parameter C_M_AXIS_ID_WIDTH bound to: 7 - type: integer 
INFO: [Synth 8-3491] module 'MDM' declared at 'd:/jh_workspace/0629_axi_spi_uart_timer_gpio/0629_axi_spi_uart_timer_gpio.gen/sources_1/bd/axi_system/ipshared/8715/hdl/mdm_v3_2_vh_rfs.vhd:12616' bound to instance 'U0' of component 'MDM' [d:/jh_workspace/0629_axi_spi_uart_timer_gpio/0629_axi_spi_uart_timer_gpio.gen/sources_1/bd/axi_system/ip/axi_system_mdm_1_0/synth/axi_system_mdm_1_0.vhd:1656]
INFO: [Synth 8-638] synthesizing module 'MDM' [d:/jh_workspace/0629_axi_spi_uart_timer_gpio/0629_axi_spi_uart_timer_gpio.gen/sources_1/bd/axi_system/ipshared/8715/hdl/mdm_v3_2_vh_rfs.vhd:14299]
	Parameter C_FAMILY bound to: artix7 - type: string 
	Parameter C_REVISION bound to: (null) - type: string 
	Parameter C_JTAG_CHAIN bound to: 2 - type: integer 
	Parameter C_USE_BSCAN bound to: 0 - type: integer 
	Parameter C_BSCANID bound to: 76547328 - type: integer 
	Parameter C_USE_CONFIG_RESET bound to: 0 - type: integer 
	Parameter C_AVOID_PRIMITIVES bound to: 0 - type: integer 
	Parameter C_INTERCONNECT bound to: 2 - type: integer 
	Parameter C_DEBUG_INTERFACE bound to: 0 - type: integer 
	Parameter C_MB_DBG_PORTS bound to: 1 - type: integer 
	Parameter C_DBG_REG_ACCESS bound to: 0 - type: integer 
	Parameter C_DBG_MEM_ACCESS bound to: 0 - type: integer 
	Parameter C_USE_UART bound to: 0 - type: integer 
	Parameter C_USE_CROSS_TRIGGER bound to: 0 - type: integer 
	Parameter C_EXT_TRIG_RESET_VALUE bound to: 20'b11110001001000110100 
	Parameter C_TRACE_OUTPUT bound to: 0 - type: integer 
	Parameter C_TRACE_DATA_WIDTH bound to: 32 - type: integer 
	Parameter C_TRACE_ASYNC_RESET bound to: 0 - type: integer 
	Parameter C_TRACE_CLK_FREQ_HZ bound to: 200000000 - type: integer 
	Parameter C_TRACE_CLK_OUT_PHASE bound to: 90 - type: integer 
	Parameter C_TRACE_PROTOCOL bound to: 1 - type: integer 
	Parameter C_TRACE_ID bound to: 110 - type: integer 
	Parameter C_S_AXI_ACLK_FREQ_HZ bound to: 100000000 - type: integer 
	Parameter C_S_AXI_ADDR_WIDTH bound to: 4 - type: integer 
	Parameter C_S_AXI_DATA_WIDTH bound to: 32 - type: integer 
	Parameter C_M_AXI_ADDR_WIDTH bound to: 32 - type: integer 
	Parameter C_M_AXI_DATA_WIDTH bound to: 32 - type: integer 
	Parameter C_M_AXI_THREAD_ID_WIDTH bound to: 1 - type: integer 
	Parameter C_ADDR_SIZE bound to: 32 - type: integer 
	Parameter C_DATA_SIZE bound to: 32 - type: integer 
	Parameter C_LMB_PROTOCOL bound to: 0 - type: integer 
	Parameter C_M_AXIS_DATA_WIDTH bound to: 32 - type: integer 
	Parameter C_M_AXIS_ID_WIDTH bound to: 7 - type: integer 
	Parameter C_TARGET bound to: 2 - type: integer 
	Parameter DISABLE_JTAG bound to: FALSE - type: string 
	Parameter JTAG_CHAIN bound to: 2 - type: integer 
INFO: [Synth 8-3491] module 'MB_BSCANE2' declared at 'd:/jh_workspace/0629_axi_spi_uart_timer_gpio/0629_axi_spi_uart_timer_gpio.gen/sources_1/bd/axi_system/ipshared/8715/hdl/mdm_v3_2_vh_rfs.vhd:321' bound to instance 'BSCAN_I' of component 'MB_BSCANE2' [d:/jh_workspace/0629_axi_spi_uart_timer_gpio/0629_axi_spi_uart_timer_gpio.gen/sources_1/bd/axi_system/ipshared/8715/hdl/mdm_v3_2_vh_rfs.vhd:15905]
INFO: [Synth 8-638] synthesizing module 'MB_BSCANE2' [d:/jh_workspace/0629_axi_spi_uart_timer_gpio/0629_axi_spi_uart_timer_gpio.gen/sources_1/bd/axi_system/ipshared/8715/hdl/mdm_v3_2_vh_rfs.vhd:345]
	Parameter C_TARGET bound to: 2 - type: integer 
	Parameter DISABLE_JTAG bound to: FALSE - type: string 
	Parameter JTAG_CHAIN bound to: 2 - type: integer 
	Parameter DISABLE_JTAG bound to: FALSE - type: string 
	Parameter JTAG_CHAIN bound to: 2 - type: integer 
INFO: [Synth 8-113] binding component instance 'BSCANE2_I' to cell 'BSCANE2' [d:/jh_workspace/0629_axi_spi_uart_timer_gpio/0629_axi_spi_uart_timer_gpio.gen/sources_1/bd/axi_system/ipshared/8715/hdl/mdm_v3_2_vh_rfs.vhd:355]
INFO: [Synth 8-256] done synthesizing module 'MB_BSCANE2' (21#1) [d:/jh_workspace/0629_axi_spi_uart_timer_gpio/0629_axi_spi_uart_timer_gpio.gen/sources_1/bd/axi_system/ipshared/8715/hdl/mdm_v3_2_vh_rfs.vhd:345]
	Parameter C_TARGET bound to: 2 - type: integer 
	Parameter INIT bound to: 2'b10 
INFO: [Synth 8-3491] module 'MB_LUT1' declared at 'd:/jh_workspace/0629_axi_spi_uart_timer_gpio/0629_axi_spi_uart_timer_gpio.gen/sources_1/bd/axi_system/ipshared/8715/hdl/mdm_v3_2_vh_rfs.vhd:1469' bound to instance 'LUT1_I' of component 'MB_LUT1' [d:/jh_workspace/0629_axi_spi_uart_timer_gpio/0629_axi_spi_uart_timer_gpio.gen/sources_1/bd/axi_system/ipshared/8715/hdl/mdm_v3_2_vh_rfs.vhd:15923]
INFO: [Synth 8-638] synthesizing module 'mdm_v3_2_19_MB_LUT1' [d:/jh_workspace/0629_axi_spi_uart_timer_gpio/0629_axi_spi_uart_timer_gpio.gen/sources_1/bd/axi_system/ipshared/8715/hdl/mdm_v3_2_vh_rfs.vhd:1483]
	Parameter C_TARGET bound to: 2 - type: integer 
	Parameter INIT bound to: 2'b10 
	Parameter INIT bound to: 2'b10 
INFO: [Synth 8-113] binding component instance 'Native' to cell 'LUT1' [d:/jh_workspace/0629_axi_spi_uart_timer_gpio/0629_axi_spi_uart_timer_gpio.gen/sources_1/bd/axi_system/ipshared/8715/hdl/mdm_v3_2_vh_rfs.vhd:1505]
INFO: [Synth 8-256] done synthesizing module 'mdm_v3_2_19_MB_LUT1' (22#1) [d:/jh_workspace/0629_axi_spi_uart_timer_gpio/0629_axi_spi_uart_timer_gpio.gen/sources_1/bd/axi_system/ipshared/8715/hdl/mdm_v3_2_vh_rfs.vhd:1483]
	Parameter C_TARGET bound to: 2 - type: integer 
INFO: [Synth 8-3491] module 'MB_BUFG' declared at 'd:/jh_workspace/0629_axi_spi_uart_timer_gpio/0629_axi_spi_uart_timer_gpio.gen/sources_1/bd/axi_system/ipshared/8715/hdl/mdm_v3_2_vh_rfs.vhd:383' bound to instance 'BUFG_DRCK' of component 'MB_BUFG' [d:/jh_workspace/0629_axi_spi_uart_timer_gpio/0629_axi_spi_uart_timer_gpio.gen/sources_1/bd/axi_system/ipshared/8715/hdl/mdm_v3_2_vh_rfs.vhd:16391]
INFO: [Synth 8-638] synthesizing module 'MB_BUFG' [d:/jh_workspace/0629_axi_spi_uart_timer_gpio/0629_axi_spi_uart_timer_gpio.gen/sources_1/bd/axi_system/ipshared/8715/hdl/mdm_v3_2_vh_rfs.vhd:396]
	Parameter C_TARGET bound to: 2 - type: integer 
INFO: [Synth 8-113] binding component instance 'Native' to cell 'BUFG' [d:/jh_workspace/0629_axi_spi_uart_timer_gpio/0629_axi_spi_uart_timer_gpio.gen/sources_1/bd/axi_system/ipshared/8715/hdl/mdm_v3_2_vh_rfs.vhd:406]
INFO: [Synth 8-256] done synthesizing module 'MB_BUFG' (23#1) [d:/jh_workspace/0629_axi_spi_uart_timer_gpio/0629_axi_spi_uart_timer_gpio.gen/sources_1/bd/axi_system/ipshared/8715/hdl/mdm_v3_2_vh_rfs.vhd:396]
	Parameter C_TARGET bound to: 2 - type: integer 
	Parameter C_JTAG_CHAIN bound to: 2 - type: integer 
	Parameter C_USE_BSCAN bound to: 0 - type: integer 
	Parameter C_USE_CONFIG_RESET bound to: 0 - type: integer 
	Parameter C_USE_SRL16 bound to: yes - type: string 
	Parameter C_DEBUG_INTERFACE bound to: 0 - type: integer 
	Parameter C_MB_DBG_PORTS bound to: 1 - type: integer 
	Parameter C_EN_WIDTH bound to: 1 - type: integer 
	Parameter C_DBG_REG_ACCESS bound to: 0 - type: integer 
	Parameter C_REG_NUM_CE bound to: 4 - type: integer 
	Parameter C_REG_DATA_WIDTH bound to: 8 - type: integer 
	Parameter C_DBG_MEM_ACCESS bound to: 0 - type: integer 
	Parameter C_S_AXI_ADDR_WIDTH bound to: 4 - type: integer 
	Parameter C_S_AXI_ACLK_FREQ_HZ bound to: 100000000 - type: integer 
	Parameter C_M_AXI_ADDR_WIDTH bound to: 32 - type: integer 
	Parameter C_M_AXI_DATA_WIDTH bound to: 32 - type: integer 
	Parameter C_USE_CROSS_TRIGGER bound to: 0 - type: integer 
	Parameter C_EXT_TRIG_RESET_VALUE bound to: 20'b11110001001000110100 
	Parameter C_USE_UART bound to: 0 - type: integer 
	Parameter C_UART_WIDTH bound to: 8 - type: integer 
	Parameter C_TRACE_OUTPUT bound to: 0 - type: integer 
	Parameter C_TRACE_DATA_WIDTH bound to: 32 - type: integer 
	Parameter C_TRACE_ASYNC_RESET bound to: 0 - type: integer 
	Parameter C_TRACE_CLK_FREQ_HZ bound to: 200000000 - type: integer 
	Parameter C_TRACE_CLK_OUT_PHASE bound to: 90 - type: integer 
	Parameter C_TRACE_PROTOCOL bound to: 1 - type: integer 
	Parameter C_TRACE_ID bound to: 110 - type: integer 
	Parameter C_M_AXIS_DATA_WIDTH bound to: 32 - type: integer 
	Parameter C_M_AXIS_ID_WIDTH bound to: 7 - type: integer 
INFO: [Synth 8-3491] module 'MDM_Core' declared at 'd:/jh_workspace/0629_axi_spi_uart_timer_gpio/0629_axi_spi_uart_timer_gpio.gen/sources_1/bd/axi_system/ipshared/8715/hdl/mdm_v3_2_vh_rfs.vhd:5734' bound to instance 'MDM_Core_I1' of component 'MDM_Core' [d:/jh_workspace/0629_axi_spi_uart_timer_gpio/0629_axi_spi_uart_timer_gpio.gen/sources_1/bd/axi_system/ipshared/8715/hdl/mdm_v3_2_vh_rfs.vhd:16489]
INFO: [Synth 8-638] synthesizing module 'MDM_Core' [d:/jh_workspace/0629_axi_spi_uart_timer_gpio/0629_axi_spi_uart_timer_gpio.gen/sources_1/bd/axi_system/ipshared/8715/hdl/mdm_v3_2_vh_rfs.vhd:6971]
	Parameter C_TARGET bound to: 2 - type: integer 
	Parameter C_JTAG_CHAIN bound to: 2 - type: integer 
	Parameter C_USE_BSCAN bound to: 0 - type: integer 
	Parameter C_USE_CONFIG_RESET bound to: 0 - type: integer 
	Parameter C_USE_SRL16 bound to: yes - type: string 
	Parameter C_DEBUG_INTERFACE bound to: 0 - type: integer 
	Parameter C_MB_DBG_PORTS bound to: 1 - type: integer 
	Parameter C_EN_WIDTH bound to: 1 - type: integer 
	Parameter C_DBG_REG_ACCESS bound to: 0 - type: integer 
	Parameter C_REG_NUM_CE bound to: 4 - type: integer 
	Parameter C_REG_DATA_WIDTH bound to: 8 - type: integer 
	Parameter C_DBG_MEM_ACCESS bound to: 0 - type: integer 
	Parameter C_S_AXI_ADDR_WIDTH bound to: 4 - type: integer 
	Parameter C_S_AXI_ACLK_FREQ_HZ bound to: 100000000 - type: integer 
	Parameter C_M_AXI_ADDR_WIDTH bound to: 32 - type: integer 
	Parameter C_M_AXI_DATA_WIDTH bound to: 32 - type: integer 
	Parameter C_USE_CROSS_TRIGGER bound to: 0 - type: integer 
	Parameter C_EXT_TRIG_RESET_VALUE bound to: 20'b11110001001000110100 
	Parameter C_USE_UART bound to: 0 - type: integer 
	Parameter C_UART_WIDTH bound to: 8 - type: integer 
	Parameter C_TRACE_OUTPUT bound to: 0 - type: integer 
	Parameter C_TRACE_DATA_WIDTH bound to: 32 - type: integer 
	Parameter C_TRACE_ASYNC_RESET bound to: 0 - type: integer 
	Parameter C_TRACE_CLK_FREQ_HZ bound to: 200000000 - type: integer 
	Parameter C_TRACE_CLK_OUT_PHASE bound to: 90 - type: integer 
	Parameter C_TRACE_PROTOCOL bound to: 1 - type: integer 
	Parameter C_TRACE_ID bound to: 110 - type: integer 
	Parameter C_M_AXIS_DATA_WIDTH bound to: 32 - type: integer 
	Parameter C_M_AXIS_ID_WIDTH bound to: 7 - type: integer 
INFO: [Synth 8-3491] module 'xil_scan_reset_control' declared at 'd:/jh_workspace/0629_axi_spi_uart_timer_gpio/0629_axi_spi_uart_timer_gpio.gen/sources_1/bd/axi_system/ipshared/8715/hdl/mdm_v3_2_vh_rfs.vhd:297' bound to instance 'config_scan_reset_i' of component 'xil_scan_reset_control' [d:/jh_workspace/0629_axi_spi_uart_timer_gpio/0629_axi_spi_uart_timer_gpio.gen/sources_1/bd/axi_system/ipshared/8715/hdl/mdm_v3_2_vh_rfs.vhd:7654]
INFO: [Synth 8-638] synthesizing module 'mdm_v3_2_19_xil_scan_reset_control' [d:/jh_workspace/0629_axi_spi_uart_timer_gpio/0629_axi_spi_uart_timer_gpio.gen/sources_1/bd/axi_system/ipshared/8715/hdl/mdm_v3_2_vh_rfs.vhd:306]
INFO: [Synth 8-256] done synthesizing module 'mdm_v3_2_19_xil_scan_reset_control' (24#1) [d:/jh_workspace/0629_axi_spi_uart_timer_gpio/0629_axi_spi_uart_timer_gpio.gen/sources_1/bd/axi_system/ipshared/8715/hdl/mdm_v3_2_vh_rfs.vhd:306]
INFO: [Synth 8-3491] module 'xil_scan_reset_control' declared at 'd:/jh_workspace/0629_axi_spi_uart_timer_gpio/0629_axi_spi_uart_timer_gpio.gen/sources_1/bd/axi_system/ipshared/8715/hdl/mdm_v3_2_vh_rfs.vhd:297' bound to instance 'sel_n_reset_i' of component 'xil_scan_reset_control' [d:/jh_workspace/0629_axi_spi_uart_timer_gpio/0629_axi_spi_uart_timer_gpio.gen/sources_1/bd/axi_system/ipshared/8715/hdl/mdm_v3_2_vh_rfs.vhd:7664]
INFO: [Synth 8-3491] module 'xil_scan_reset_control' declared at 'd:/jh_workspace/0629_axi_spi_uart_timer_gpio/0629_axi_spi_uart_timer_gpio.gen/sources_1/bd/axi_system/ipshared/8715/hdl/mdm_v3_2_vh_rfs.vhd:297' bound to instance 'shift_n_reset_i' of component 'xil_scan_reset_control' [d:/jh_workspace/0629_axi_spi_uart_timer_gpio/0629_axi_spi_uart_timer_gpio.gen/sources_1/bd/axi_system/ipshared/8715/hdl/mdm_v3_2_vh_rfs.vhd:7674]
	Parameter C_TARGET bound to: 2 - type: integer 
	Parameter C_USE_BSCAN bound to: 0 - type: integer 
	Parameter C_MB_DBG_PORTS bound to: 1 - type: integer 
	Parameter C_USE_CONFIG_RESET bound to: 0 - type: integer 
	Parameter C_USE_SRL16 bound to: yes - type: string 
	Parameter C_DEBUG_INTERFACE bound to: 0 - type: integer 
	Parameter C_DBG_REG_ACCESS bound to: 0 - type: integer 
	Parameter C_DBG_MEM_ACCESS bound to: 0 - type: integer 
	Parameter C_M_AXI_ADDR_WIDTH bound to: 32 - type: integer 
	Parameter C_M_AXI_DATA_WIDTH bound to: 32 - type: integer 
	Parameter C_USE_CROSS_TRIGGER bound to: 0 - type: integer 
	Parameter C_EXT_TRIG_RESET_VALUE bound to: 20'b11110001001000110100 
	Parameter C_USE_UART bound to: 0 - type: integer 
	Parameter C_UART_WIDTH bound to: 8 - type: integer 
	Parameter C_TRACE_OUTPUT bound to: 0 - type: integer 
	Parameter C_TRACE_PROTOCOL bound to: 1 - type: integer 
	Parameter C_EN_WIDTH bound to: 1 - type: integer 
INFO: [Synth 8-3491] module 'JTAG_CONTROL' declared at 'd:/jh_workspace/0629_axi_spi_uart_timer_gpio/0629_axi_spi_uart_timer_gpio.gen/sources_1/bd/axi_system/ipshared/8715/hdl/mdm_v3_2_vh_rfs.vhd:3017' bound to instance 'JTAG_CONTROL_I' of component 'JTAG_CONTROL' [d:/jh_workspace/0629_axi_spi_uart_timer_gpio/0629_axi_spi_uart_timer_gpio.gen/sources_1/bd/axi_system/ipshared/8715/hdl/mdm_v3_2_vh_rfs.vhd:10365]
INFO: [Synth 8-638] synthesizing module 'JTAG_CONTROL' [d:/jh_workspace/0629_axi_spi_uart_timer_gpio/0629_axi_spi_uart_timer_gpio.gen/sources_1/bd/axi_system/ipshared/8715/hdl/mdm_v3_2_vh_rfs.vhd:3290]
	Parameter C_TARGET bound to: 2 - type: integer 
	Parameter C_USE_BSCAN bound to: 0 - type: integer 
	Parameter C_MB_DBG_PORTS bound to: 1 - type: integer 
	Parameter C_USE_CONFIG_RESET bound to: 0 - type: integer 
	Parameter C_USE_SRL16 bound to: yes - type: string 
	Parameter C_DEBUG_INTERFACE bound to: 0 - type: integer 
	Parameter C_DBG_REG_ACCESS bound to: 0 - type: integer 
	Parameter C_DBG_MEM_ACCESS bound to: 0 - type: integer 
	Parameter C_M_AXI_ADDR_WIDTH bound to: 32 - type: integer 
	Parameter C_M_AXI_DATA_WIDTH bound to: 32 - type: integer 
	Parameter C_USE_CROSS_TRIGGER bound to: 0 - type: integer 
	Parameter C_EXT_TRIG_RESET_VALUE bound to: 20'b11110001001000110100 
	Parameter C_USE_UART bound to: 0 - type: integer 
	Parameter C_UART_WIDTH bound to: 8 - type: integer 
	Parameter C_TRACE_OUTPUT bound to: 0 - type: integer 
	Parameter C_TRACE_PROTOCOL bound to: 1 - type: integer 
	Parameter C_EN_WIDTH bound to: 1 - type: integer 
INFO: [Synth 8-3491] module 'xil_scan_reset_control' declared at 'd:/jh_workspace/0629_axi_spi_uart_timer_gpio/0629_axi_spi_uart_timer_gpio.gen/sources_1/bd/axi_system/ipshared/8715/hdl/mdm_v3_2_vh_rfs.vhd:297' bound to instance 'config_with_scan_reset_i' of component 'xil_scan_reset_control' [d:/jh_workspace/0629_axi_spi_uart_timer_gpio/0629_axi_spi_uart_timer_gpio.gen/sources_1/bd/axi_system/ipshared/8715/hdl/mdm_v3_2_vh_rfs.vhd:3599]
INFO: [Synth 8-3491] module 'xil_scan_reset_control' declared at 'd:/jh_workspace/0629_axi_spi_uart_timer_gpio/0629_axi_spi_uart_timer_gpio.gen/sources_1/bd/axi_system/ipshared/8715/hdl/mdm_v3_2_vh_rfs.vhd:297' bound to instance 'sel_with_scan_reset_i' of component 'xil_scan_reset_control' [d:/jh_workspace/0629_axi_spi_uart_timer_gpio/0629_axi_spi_uart_timer_gpio.gen/sources_1/bd/axi_system/ipshared/8715/hdl/mdm_v3_2_vh_rfs.vhd:3607]
	Parameter C_TARGET bound to: 2 - type: integer 
	Parameter INIT bound to: 1'b0 
INFO: [Synth 8-3491] module 'MB_FDC_1' declared at 'd:/jh_workspace/0629_axi_spi_uart_timer_gpio/0629_axi_spi_uart_timer_gpio.gen/sources_1/bd/axi_system/ipshared/8715/hdl/mdm_v3_2_vh_rfs.vhd:682' bound to instance 'FDC_I' of component 'MB_FDC_1' [d:/jh_workspace/0629_axi_spi_uart_timer_gpio/0629_axi_spi_uart_timer_gpio.gen/sources_1/bd/axi_system/ipshared/8715/hdl/mdm_v3_2_vh_rfs.vhd:3664]
INFO: [Synth 8-638] synthesizing module 'MB_FDC_1' [d:/jh_workspace/0629_axi_spi_uart_timer_gpio/0629_axi_spi_uart_timer_gpio.gen/sources_1/bd/axi_system/ipshared/8715/hdl/mdm_v3_2_vh_rfs.vhd:698]
	Parameter C_TARGET bound to: 2 - type: integer 
	Parameter INIT bound to: 1'b0 
	Parameter INIT bound to: 1'b0 
INFO: [Synth 8-113] binding component instance 'Native' to cell 'FDC_1' [d:/jh_workspace/0629_axi_spi_uart_timer_gpio/0629_axi_spi_uart_timer_gpio.gen/sources_1/bd/axi_system/ipshared/8715/hdl/mdm_v3_2_vh_rfs.vhd:719]
INFO: [Synth 8-256] done synthesizing module 'MB_FDC_1' (25#1) [d:/jh_workspace/0629_axi_spi_uart_timer_gpio/0629_axi_spi_uart_timer_gpio.gen/sources_1/bd/axi_system/ipshared/8715/hdl/mdm_v3_2_vh_rfs.vhd:698]
	Parameter C_TARGET bound to: 2 - type: integer 
	Parameter INIT bound to: 1'b0 
INFO: [Synth 8-3491] module 'MB_FDRE_1' declared at 'd:/jh_workspace/0629_axi_spi_uart_timer_gpio/0629_axi_spi_uart_timer_gpio.gen/sources_1/bd/axi_system/ipshared/8715/hdl/mdm_v3_2_vh_rfs.vhd:741' bound to instance 'SYNC_FDRE' of component 'MB_FDRE_1' [d:/jh_workspace/0629_axi_spi_uart_timer_gpio/0629_axi_spi_uart_timer_gpio.gen/sources_1/bd/axi_system/ipshared/8715/hdl/mdm_v3_2_vh_rfs.vhd:3674]
INFO: [Synth 8-638] synthesizing module 'MB_FDRE_1' [d:/jh_workspace/0629_axi_spi_uart_timer_gpio/0629_axi_spi_uart_timer_gpio.gen/sources_1/bd/axi_system/ipshared/8715/hdl/mdm_v3_2_vh_rfs.vhd:758]
	Parameter C_TARGET bound to: 2 - type: integer 
	Parameter INIT bound to: 1'b0 
	Parameter INIT bound to: 1'b0 
INFO: [Synth 8-113] binding component instance 'Native' to cell 'FDRE_1' [d:/jh_workspace/0629_axi_spi_uart_timer_gpio/0629_axi_spi_uart_timer_gpio.gen/sources_1/bd/axi_system/ipshared/8715/hdl/mdm_v3_2_vh_rfs.vhd:781]
INFO: [Synth 8-256] done synthesizing module 'MB_FDRE_1' (26#1) [d:/jh_workspace/0629_axi_spi_uart_timer_gpio/0629_axi_spi_uart_timer_gpio.gen/sources_1/bd/axi_system/ipshared/8715/hdl/mdm_v3_2_vh_rfs.vhd:758]
	Parameter C_TARGET bound to: 2 - type: integer 
	Parameter C_STATIC bound to: 1 - type: bool 
	Parameter C_USE_SRL16 bound to: yes - type: string 
	Parameter INIT bound to: 16'b0000000101100111 
INFO: [Synth 8-3491] module 'MB_SRL16E' declared at 'd:/jh_workspace/0629_axi_spi_uart_timer_gpio/0629_axi_spi_uart_timer_gpio.gen/sources_1/bd/axi_system/ipshared/8715/hdl/mdm_v3_2_vh_rfs.vhd:804' bound to instance 'SRL16E_1' of component 'MB_SRL16E' [d:/jh_workspace/0629_axi_spi_uart_timer_gpio/0629_axi_spi_uart_timer_gpio.gen/sources_1/bd/axi_system/ipshared/8715/hdl/mdm_v3_2_vh_rfs.vhd:3868]
INFO: [Synth 8-638] synthesizing module 'mdm_v3_2_19_MB_SRL16E' [d:/jh_workspace/0629_axi_spi_uart_timer_gpio/0629_axi_spi_uart_timer_gpio.gen/sources_1/bd/axi_system/ipshared/8715/hdl/mdm_v3_2_vh_rfs.vhd:828]
	Parameter C_TARGET bound to: 2 - type: integer 
	Parameter C_STATIC bound to: 1 - type: bool 
	Parameter C_USE_SRL16 bound to: yes - type: string 
	Parameter INIT bound to: 16'b0000000101100111 
	Parameter INIT bound to: 16'b0000000101100111 
	Parameter IS_CLK_INVERTED bound to: 1'b0 
INFO: [Synth 8-113] binding component instance 'MB_SRL16E_I1' to cell 'SRL16E' [d:/jh_workspace/0629_axi_spi_uart_timer_gpio/0629_axi_spi_uart_timer_gpio.gen/sources_1/bd/axi_system/ipshared/8715/hdl/mdm_v3_2_vh_rfs.vhd:832]
INFO: [Synth 8-256] done synthesizing module 'mdm_v3_2_19_MB_SRL16E' (27#1) [d:/jh_workspace/0629_axi_spi_uart_timer_gpio/0629_axi_spi_uart_timer_gpio.gen/sources_1/bd/axi_system/ipshared/8715/hdl/mdm_v3_2_vh_rfs.vhd:828]
	Parameter C_TARGET bound to: 2 - type: integer 
	Parameter C_STATIC bound to: 1 - type: bool 
	Parameter C_USE_SRL16 bound to: yes - type: string 
	Parameter INIT bound to: 16'b0100001010000111 
INFO: [Synth 8-3491] module 'MB_SRL16E' declared at 'd:/jh_workspace/0629_axi_spi_uart_timer_gpio/0629_axi_spi_uart_timer_gpio.gen/sources_1/bd/axi_system/ipshared/8715/hdl/mdm_v3_2_vh_rfs.vhd:804' bound to instance 'SRL16E_2' of component 'MB_SRL16E' [d:/jh_workspace/0629_axi_spi_uart_timer_gpio/0629_axi_spi_uart_timer_gpio.gen/sources_1/bd/axi_system/ipshared/8715/hdl/mdm_v3_2_vh_rfs.vhd:3886]
INFO: [Synth 8-638] synthesizing module 'mdm_v3_2_19_MB_SRL16E__parameterized0' [d:/jh_workspace/0629_axi_spi_uart_timer_gpio/0629_axi_spi_uart_timer_gpio.gen/sources_1/bd/axi_system/ipshared/8715/hdl/mdm_v3_2_vh_rfs.vhd:828]
	Parameter C_TARGET bound to: 2 - type: integer 
	Parameter C_STATIC bound to: 1 - type: bool 
	Parameter C_USE_SRL16 bound to: yes - type: string 
	Parameter INIT bound to: 16'b0100001010000111 
	Parameter INIT bound to: 16'b0100001010000111 
	Parameter IS_CLK_INVERTED bound to: 1'b0 
INFO: [Synth 8-113] binding component instance 'MB_SRL16E_I1' to cell 'SRL16E' [d:/jh_workspace/0629_axi_spi_uart_timer_gpio/0629_axi_spi_uart_timer_gpio.gen/sources_1/bd/axi_system/ipshared/8715/hdl/mdm_v3_2_vh_rfs.vhd:832]
INFO: [Synth 8-256] done synthesizing module 'mdm_v3_2_19_MB_SRL16E__parameterized0' (27#1) [d:/jh_workspace/0629_axi_spi_uart_timer_gpio/0629_axi_spi_uart_timer_gpio.gen/sources_1/bd/axi_system/ipshared/8715/hdl/mdm_v3_2_vh_rfs.vhd:828]
	Parameter C_TARGET bound to: 2 - type: integer 
	Parameter C_STATIC bound to: 1 - type: bool 
	Parameter C_USE_SRL16 bound to: yes - type: string 
	Parameter INIT bound to: 16'b0100010001000011 
INFO: [Synth 8-3491] module 'MB_SRL16E' declared at 'd:/jh_workspace/0629_axi_spi_uart_timer_gpio/0629_axi_spi_uart_timer_gpio.gen/sources_1/bd/axi_system/ipshared/8715/hdl/mdm_v3_2_vh_rfs.vhd:804' bound to instance 'SRL16E_ID_1' of component 'MB_SRL16E' [d:/jh_workspace/0629_axi_spi_uart_timer_gpio/0629_axi_spi_uart_timer_gpio.gen/sources_1/bd/axi_system/ipshared/8715/hdl/mdm_v3_2_vh_rfs.vhd:3957]
INFO: [Synth 8-638] synthesizing module 'mdm_v3_2_19_MB_SRL16E__parameterized1' [d:/jh_workspace/0629_axi_spi_uart_timer_gpio/0629_axi_spi_uart_timer_gpio.gen/sources_1/bd/axi_system/ipshared/8715/hdl/mdm_v3_2_vh_rfs.vhd:828]
	Parameter C_TARGET bound to: 2 - type: integer 
	Parameter C_STATIC bound to: 1 - type: bool 
	Parameter C_USE_SRL16 bound to: yes - type: string 
	Parameter INIT bound to: 16'b0100010001000011 
	Parameter INIT bound to: 16'b0100010001000011 
	Parameter IS_CLK_INVERTED bound to: 1'b0 
INFO: [Synth 8-113] binding component instance 'MB_SRL16E_I1' to cell 'SRL16E' [d:/jh_workspace/0629_axi_spi_uart_timer_gpio/0629_axi_spi_uart_timer_gpio.gen/sources_1/bd/axi_system/ipshared/8715/hdl/mdm_v3_2_vh_rfs.vhd:832]
INFO: [Synth 8-256] done synthesizing module 'mdm_v3_2_19_MB_SRL16E__parameterized1' (27#1) [d:/jh_workspace/0629_axi_spi_uart_timer_gpio/0629_axi_spi_uart_timer_gpio.gen/sources_1/bd/axi_system/ipshared/8715/hdl/mdm_v3_2_vh_rfs.vhd:828]
	Parameter C_TARGET bound to: 2 - type: integer 
	Parameter C_STATIC bound to: 1 - type: bool 
	Parameter C_USE_SRL16 bound to: yes - type: string 
	Parameter INIT bound to: 16'b0101100001001101 
INFO: [Synth 8-3491] module 'MB_SRL16E' declared at 'd:/jh_workspace/0629_axi_spi_uart_timer_gpio/0629_axi_spi_uart_timer_gpio.gen/sources_1/bd/axi_system/ipshared/8715/hdl/mdm_v3_2_vh_rfs.vhd:804' bound to instance 'SRL16E_ID_2' of component 'MB_SRL16E' [d:/jh_workspace/0629_axi_spi_uart_timer_gpio/0629_axi_spi_uart_timer_gpio.gen/sources_1/bd/axi_system/ipshared/8715/hdl/mdm_v3_2_vh_rfs.vhd:3975]
INFO: [Synth 8-638] synthesizing module 'mdm_v3_2_19_MB_SRL16E__parameterized2' [d:/jh_workspace/0629_axi_spi_uart_timer_gpio/0629_axi_spi_uart_timer_gpio.gen/sources_1/bd/axi_system/ipshared/8715/hdl/mdm_v3_2_vh_rfs.vhd:828]
	Parameter C_TARGET bound to: 2 - type: integer 
	Parameter C_STATIC bound to: 1 - type: bool 
	Parameter C_USE_SRL16 bound to: yes - type: string 
	Parameter INIT bound to: 16'b0101100001001101 
	Parameter INIT bound to: 16'b0101100001001101 
	Parameter IS_CLK_INVERTED bound to: 1'b0 
INFO: [Synth 8-113] binding component instance 'MB_SRL16E_I1' to cell 'SRL16E' [d:/jh_workspace/0629_axi_spi_uart_timer_gpio/0629_axi_spi_uart_timer_gpio.gen/sources_1/bd/axi_system/ipshared/8715/hdl/mdm_v3_2_vh_rfs.vhd:832]
INFO: [Synth 8-256] done synthesizing module 'mdm_v3_2_19_MB_SRL16E__parameterized2' (27#1) [d:/jh_workspace/0629_axi_spi_uart_timer_gpio/0629_axi_spi_uart_timer_gpio.gen/sources_1/bd/axi_system/ipshared/8715/hdl/mdm_v3_2_vh_rfs.vhd:828]
INFO: [Synth 8-256] done synthesizing module 'JTAG_CONTROL' (28#1) [d:/jh_workspace/0629_axi_spi_uart_timer_gpio/0629_axi_spi_uart_timer_gpio.gen/sources_1/bd/axi_system/ipshared/8715/hdl/mdm_v3_2_vh_rfs.vhd:3290]
INFO: [Synth 8-256] done synthesizing module 'MDM_Core' (29#1) [d:/jh_workspace/0629_axi_spi_uart_timer_gpio/0629_axi_spi_uart_timer_gpio.gen/sources_1/bd/axi_system/ipshared/8715/hdl/mdm_v3_2_vh_rfs.vhd:6971]
INFO: [Synth 8-256] done synthesizing module 'MDM' (30#1) [d:/jh_workspace/0629_axi_spi_uart_timer_gpio/0629_axi_spi_uart_timer_gpio.gen/sources_1/bd/axi_system/ipshared/8715/hdl/mdm_v3_2_vh_rfs.vhd:14299]
INFO: [Synth 8-256] done synthesizing module 'axi_system_mdm_1_0' (31#1) [d:/jh_workspace/0629_axi_spi_uart_timer_gpio/0629_axi_spi_uart_timer_gpio.gen/sources_1/bd/axi_system/ip/axi_system_mdm_1_0/synth/axi_system_mdm_1_0.vhd:74]
INFO: [Synth 8-638] synthesizing module 'axi_system_microblaze_0_0' [d:/jh_workspace/0629_axi_spi_uart_timer_gpio/0629_axi_spi_uart_timer_gpio.gen/sources_1/bd/axi_system/ip/axi_system_microblaze_0_0/synth/axi_system_microblaze_0_0.vhd:116]
	Parameter C_SCO bound to: 0 - type: integer 
	Parameter C_FREQ bound to: 100000000 - type: integer 
	Parameter C_USE_CONFIG_RESET bound to: 0 - type: integer 
	Parameter C_NUM_SYNC_FF_CLK bound to: 2 - type: integer 
	Parameter C_NUM_SYNC_FF_CLK_IRQ bound to: 1 - type: integer 
	Parameter C_NUM_SYNC_FF_CLK_DEBUG bound to: 2 - type: integer 
	Parameter C_NUM_SYNC_FF_DBG_CLK bound to: 1 - type: integer 
	Parameter C_NUM_SYNC_FF_DBG_TRACE_CLK bound to: 2 - type: integer 
	Parameter C_FAULT_TOLERANT bound to: 0 - type: integer 
	Parameter C_ECC_USE_CE_EXCEPTION bound to: 0 - type: integer 
	Parameter C_LOCKSTEP_SLAVE bound to: 0 - type: integer 
	Parameter C_LOCKSTEP_MASTER bound to: 0 - type: integer 
	Parameter C_ENDIANNESS bound to: 1 - type: integer 
	Parameter C_FAMILY bound to: artix7 - type: string 
	Parameter C_DATA_SIZE bound to: 32 - type: integer 
	Parameter C_LMB_DATA_SIZE bound to: 32 - type: integer 
	Parameter C_INSTR_SIZE bound to: 32 - type: integer 
	Parameter C_IADDR_SIZE bound to: 32 - type: integer 
	Parameter C_PIADDR_SIZE bound to: 32 - type: integer 
	Parameter C_DADDR_SIZE bound to: 32 - type: integer 
	Parameter C_INSTANCE bound to: axi_system_microblaze_0_0 - type: string 
	Parameter C_AVOID_PRIMITIVES bound to: 0 - type: integer 
	Parameter C_AREA_OPTIMIZED bound to: 0 - type: integer 
	Parameter C_OPTIMIZATION bound to: 0 - type: integer 
	Parameter C_INTERCONNECT bound to: 2 - type: integer 
	Parameter C_BASE_VECTORS bound to: 64'b0000000000000000000000000000000000000000000000000000000000000000 
	Parameter C_M_AXI_DP_THREAD_ID_WIDTH bound to: 1 - type: integer 
	Parameter C_M_AXI_DP_DATA_WIDTH bound to: 32 - type: integer 
	Parameter C_M_AXI_DP_ADDR_WIDTH bound to: 32 - type: integer 
	Parameter C_M_AXI_DP_EXCLUSIVE_ACCESS bound to: 0 - type: integer 
	Parameter C_M_AXI_D_BUS_EXCEPTION bound to: 0 - type: integer 
	Parameter C_M_AXI_IP_THREAD_ID_WIDTH bound to: 1 - type: integer 
	Parameter C_M_AXI_IP_DATA_WIDTH bound to: 32 - type: integer 
	Parameter C_M_AXI_IP_ADDR_WIDTH bound to: 32 - type: integer 
	Parameter C_M_AXI_I_BUS_EXCEPTION bound to: 0 - type: integer 
	Parameter C_D_LMB bound to: 1 - type: integer 
	Parameter C_D_LMB_PROTOCOL bound to: 0 - type: integer 
	Parameter C_D_AXI bound to: 1 - type: integer 
	Parameter C_I_LMB bound to: 1 - type: integer 
	Parameter C_I_LMB_PROTOCOL bound to: 0 - type: integer 
	Parameter C_I_AXI bound to: 0 - type: integer 
	Parameter G_TEMPLATE_LIST bound to: 0 - type: integer 
	Parameter C_USE_MSR_INSTR bound to: 0 - type: integer 
	Parameter C_USE_PCMP_INSTR bound to: 0 - type: integer 
	Parameter C_USE_BARREL bound to: 0 - type: integer 
	Parameter C_USE_DIV bound to: 0 - type: integer 
	Parameter C_USE_HW_MUL bound to: 0 - type: integer 
	Parameter C_USE_FPU bound to: 0 - type: integer 
	Parameter C_USE_REORDER_INSTR bound to: 1 - type: integer 
	Parameter C_UNALIGNED_EXCEPTIONS bound to: 0 - type: integer 
	Parameter C_ILL_OPCODE_EXCEPTION bound to: 0 - type: integer 
	Parameter C_DIV_ZERO_EXCEPTION bound to: 0 - type: integer 
	Parameter C_FPU_EXCEPTION bound to: 0 - type: integer 
	Parameter C_FSL_LINKS bound to: 0 - type: integer 
	Parameter C_USE_EXTENDED_FSL_INSTR bound to: 0 - type: integer 
	Parameter C_FSL_EXCEPTION bound to: 0 - type: integer 
	Parameter C_USE_STACK_PROTECTION bound to: 0 - type: integer 
	Parameter C_IMPRECISE_EXCEPTIONS bound to: 0 - type: integer 
	Parameter C_USE_INTERRUPT bound to: 1 - type: integer 
	Parameter C_USE_EXT_BRK bound to: 0 - type: integer 
	Parameter C_USE_EXT_NM_BRK bound to: 0 - type: integer 
	Parameter C_USE_NON_SECURE bound to: 0 - type: integer 
	Parameter C_USE_MMU bound to: 0 - type: integer 
	Parameter C_MMU_DTLB_SIZE bound to: 4 - type: integer 
	Parameter C_MMU_ITLB_SIZE bound to: 2 - type: integer 
	Parameter C_MMU_TLB_ACCESS bound to: 3 - type: integer 
	Parameter C_MMU_ZONES bound to: 16 - type: integer 
	Parameter C_MMU_PRIVILEGED_INSTR bound to: 0 - type: integer 
	Parameter C_USE_BRANCH_TARGET_CACHE bound to: 0 - type: integer 
	Parameter C_BRANCH_TARGET_CACHE_SIZE bound to: 0 - type: integer 
	Parameter C_PC_WIDTH bound to: 32 - type: integer 
	Parameter C_PVR bound to: 0 - type: integer 
	Parameter C_PVR_USER1 bound to: 8'b00000000 
	Parameter C_PVR_USER2 bound to: 32'b00000000000000000000000000000000 
	Parameter C_DYNAMIC_BUS_SIZING bound to: 0 - type: integer 
	Parameter C_RESET_MSR bound to: 32'b00000000000000000000000000000000 
	Parameter C_OPCODE_0x0_ILLEGAL bound to: 0 - type: integer 
	Parameter C_DEBUG_ENABLED bound to: 1 - type: integer 
	Parameter C_DEBUG_INTERFACE bound to: 0 - type: integer 
	Parameter C_NUMBER_OF_PC_BRK bound to: 1 - type: integer 
	Parameter C_NUMBER_OF_RD_ADDR_BRK bound to: 0 - type: integer 
	Parameter C_NUMBER_OF_WR_ADDR_BRK bound to: 0 - type: integer 
	Parameter C_DEBUG_EVENT_COUNTERS bound to: 5 - type: integer 
	Parameter C_DEBUG_LATENCY_COUNTERS bound to: 1 - type: integer 
	Parameter C_DEBUG_COUNTER_WIDTH bound to: 32 - type: integer 
	Parameter C_DEBUG_TRACE_SIZE bound to: 8192 - type: integer 
	Parameter C_DEBUG_EXTERNAL_TRACE bound to: 0 - type: integer 
	Parameter C_DEBUG_TRACE_ASYNC_RESET bound to: 0 - type: integer 
	Parameter C_DEBUG_PROFILE_SIZE bound to: 0 - type: integer 
	Parameter C_INTERRUPT_IS_EDGE bound to: 0 - type: integer 
	Parameter C_EDGE_IS_POSITIVE bound to: 1 - type: integer 
	Parameter C_ASYNC_INTERRUPT bound to: 1 - type: integer 
	Parameter C_ASYNC_WAKEUP bound to: 3 - type: integer 
	Parameter C_M0_AXIS_DATA_WIDTH bound to: 32 - type: integer 
	Parameter C_S0_AXIS_DATA_WIDTH bound to: 32 - type: integer 
	Parameter C_M1_AXIS_DATA_WIDTH bound to: 32 - type: integer 
	Parameter C_S1_AXIS_DATA_WIDTH bound to: 32 - type: integer 
	Parameter C_M2_AXIS_DATA_WIDTH bound to: 32 - type: integer 
	Parameter C_S2_AXIS_DATA_WIDTH bound to: 32 - type: integer 
	Parameter C_M3_AXIS_DATA_WIDTH bound to: 32 - type: integer 
	Parameter C_S3_AXIS_DATA_WIDTH bound to: 32 - type: integer 
	Parameter C_M4_AXIS_DATA_WIDTH bound to: 32 - type: integer 
	Parameter C_S4_AXIS_DATA_WIDTH bound to: 32 - type: integer 
	Parameter C_M5_AXIS_DATA_WIDTH bound to: 32 - type: integer 
	Parameter C_S5_AXIS_DATA_WIDTH bound to: 32 - type: integer 
	Parameter C_M6_AXIS_DATA_WIDTH bound to: 32 - type: integer 
	Parameter C_S6_AXIS_DATA_WIDTH bound to: 32 - type: integer 
	Parameter C_M7_AXIS_DATA_WIDTH bound to: 32 - type: integer 
	Parameter C_S7_AXIS_DATA_WIDTH bound to: 32 - type: integer 
	Parameter C_M8_AXIS_DATA_WIDTH bound to: 32 - type: integer 
	Parameter C_S8_AXIS_DATA_WIDTH bound to: 32 - type: integer 
	Parameter C_M9_AXIS_DATA_WIDTH bound to: 32 - type: integer 
	Parameter C_S9_AXIS_DATA_WIDTH bound to: 32 - type: integer 
	Parameter C_M10_AXIS_DATA_WIDTH bound to: 32 - type: integer 
	Parameter C_S10_AXIS_DATA_WIDTH bound to: 32 - type: integer 
	Parameter C_M11_AXIS_DATA_WIDTH bound to: 32 - type: integer 
	Parameter C_S11_AXIS_DATA_WIDTH bound to: 32 - type: integer 
	Parameter C_M12_AXIS_DATA_WIDTH bound to: 32 - type: integer 
	Parameter C_S12_AXIS_DATA_WIDTH bound to: 32 - type: integer 
	Parameter C_M13_AXIS_DATA_WIDTH bound to: 32 - type: integer 
	Parameter C_S13_AXIS_DATA_WIDTH bound to: 32 - type: integer 
	Parameter C_M14_AXIS_DATA_WIDTH bound to: 32 - type: integer 
	Parameter C_S14_AXIS_DATA_WIDTH bound to: 32 - type: integer 
	Parameter C_M15_AXIS_DATA_WIDTH bound to: 32 - type: integer 
	Parameter C_S15_AXIS_DATA_WIDTH bound to: 32 - type: integer 
	Parameter C_ICACHE_BASEADDR bound to: 64'b0000000000000000000000000000000000000000000000000000000000000000 
	Parameter C_ICACHE_HIGHADDR bound to: 64'b0000000000000000000000000000000000111111111111111111111111111111 
	Parameter C_USE_ICACHE bound to: 0 - type: integer 
	Parameter C_ALLOW_ICACHE_WR bound to: 1 - type: integer 
	Parameter C_ADDR_TAG_BITS bound to: 17 - type: integer 
	Parameter C_CACHE_BYTE_SIZE bound to: 8192 - type: integer 
	Parameter C_ICACHE_LINE_LEN bound to: 4 - type: integer 
	Parameter C_ICACHE_ALWAYS_USED bound to: 1 - type: integer 
	Parameter C_ICACHE_STREAMS bound to: 0 - type: integer 
	Parameter C_ICACHE_VICTIMS bound to: 0 - type: integer 
	Parameter C_ICACHE_FORCE_TAG_LUTRAM bound to: 0 - type: integer 
	Parameter C_ICACHE_DATA_WIDTH bound to: 0 - type: integer 
	Parameter C_M_AXI_IC_THREAD_ID_WIDTH bound to: 1 - type: integer 
	Parameter C_M_AXI_IC_DATA_WIDTH bound to: 32 - type: integer 
	Parameter C_M_AXI_IC_ADDR_WIDTH bound to: 32 - type: integer 
	Parameter C_M_AXI_IC_USER_VALUE bound to: 31 - type: integer 
	Parameter C_M_AXI_IC_AWUSER_WIDTH bound to: 5 - type: integer 
	Parameter C_M_AXI_IC_ARUSER_WIDTH bound to: 5 - type: integer 
	Parameter C_M_AXI_IC_WUSER_WIDTH bound to: 1 - type: integer 
	Parameter C_M_AXI_IC_RUSER_WIDTH bound to: 1 - type: integer 
	Parameter C_M_AXI_IC_BUSER_WIDTH bound to: 1 - type: integer 
	Parameter C_DCACHE_BASEADDR bound to: 64'b0000000000000000000000000000000000000000000000000000000000000000 
	Parameter C_DCACHE_HIGHADDR bound to: 64'b0000000000000000000000000000000000111111111111111111111111111111 
	Parameter C_USE_DCACHE bound to: 0 - type: integer 
	Parameter C_ALLOW_DCACHE_WR bound to: 1 - type: integer 
	Parameter C_DCACHE_ADDR_TAG bound to: 17 - type: integer 
	Parameter C_DCACHE_BYTE_SIZE bound to: 8192 - type: integer 
	Parameter C_DCACHE_LINE_LEN bound to: 4 - type: integer 
	Parameter C_DCACHE_ALWAYS_USED bound to: 1 - type: integer 
	Parameter C_DCACHE_USE_WRITEBACK bound to: 0 - type: integer 
	Parameter C_DCACHE_VICTIMS bound to: 0 - type: integer 
	Parameter C_DCACHE_FORCE_TAG_LUTRAM bound to: 0 - type: integer 
	Parameter C_DCACHE_DATA_WIDTH bound to: 0 - type: integer 
	Parameter C_M_AXI_DC_THREAD_ID_WIDTH bound to: 1 - type: integer 
	Parameter C_M_AXI_DC_DATA_WIDTH bound to: 32 - type: integer 
	Parameter C_M_AXI_DC_ADDR_WIDTH bound to: 32 - type: integer 
	Parameter C_M_AXI_DC_EXCLUSIVE_ACCESS bound to: 0 - type: integer 
	Parameter C_M_AXI_DC_USER_VALUE bound to: 31 - type: integer 
	Parameter C_M_AXI_DC_AWUSER_WIDTH bound to: 5 - type: integer 
	Parameter C_M_AXI_DC_ARUSER_WIDTH bound to: 5 - type: integer 
	Parameter C_M_AXI_DC_WUSER_WIDTH bound to: 1 - type: integer 
	Parameter C_M_AXI_DC_RUSER_WIDTH bound to: 1 - type: integer 
	Parameter C_M_AXI_DC_BUSER_WIDTH bound to: 1 - type: integer 
INFO: [Synth 8-3491] module 'MicroBlaze' declared at 'd:/jh_workspace/0629_axi_spi_uart_timer_gpio/0629_axi_spi_uart_timer_gpio.gen/sources_1/bd/axi_system/ipshared/9285/hdl/microblaze_v11_0_vh_rfs.vhd:164117' bound to instance 'U0' of component 'MicroBlaze' [d:/jh_workspace/0629_axi_spi_uart_timer_gpio/0629_axi_spi_uart_timer_gpio.gen/sources_1/bd/axi_system/ip/axi_system_microblaze_0_0/synth/axi_system_microblaze_0_0.vhd:810]
INFO: [Synth 8-256] done synthesizing module 'axi_system_microblaze_0_0' (83#1) [d:/jh_workspace/0629_axi_spi_uart_timer_gpio/0629_axi_spi_uart_timer_gpio.gen/sources_1/bd/axi_system/ip/axi_system_microblaze_0_0/synth/axi_system_microblaze_0_0.vhd:116]
WARNING: [Synth 8-7071] port 'Interrupt_Ack' of module 'axi_system_microblaze_0_0' is unconnected for instance 'microblaze_0' [d:/jh_workspace/0629_axi_spi_uart_timer_gpio/0629_axi_spi_uart_timer_gpio.gen/sources_1/bd/axi_system/synth/axi_system.v:452]
WARNING: [Synth 8-7023] instance 'microblaze_0' of module 'axi_system_microblaze_0_0' has 52 connections declared, but only 51 given [d:/jh_workspace/0629_axi_spi_uart_timer_gpio/0629_axi_spi_uart_timer_gpio.gen/sources_1/bd/axi_system/synth/axi_system.v:452]
INFO: [Synth 8-6157] synthesizing module 'axi_system_microblaze_0_axi_periph_0' [d:/jh_workspace/0629_axi_spi_uart_timer_gpio/0629_axi_spi_uart_timer_gpio.gen/sources_1/bd/axi_system/synth/axi_system.v:830]
INFO: [Synth 8-6157] synthesizing module 'm00_couplers_imp_AJOVNC' [d:/jh_workspace/0629_axi_spi_uart_timer_gpio/0629_axi_spi_uart_timer_gpio.gen/sources_1/bd/axi_system/synth/axi_system.v:2292]
INFO: [Synth 8-6155] done synthesizing module 'm00_couplers_imp_AJOVNC' (84#1) [d:/jh_workspace/0629_axi_spi_uart_timer_gpio/0629_axi_spi_uart_timer_gpio.gen/sources_1/bd/axi_system/synth/axi_system.v:2292]
INFO: [Synth 8-6157] synthesizing module 'm01_couplers_imp_IP5HTQ' [d:/jh_workspace/0629_axi_spi_uart_timer_gpio/0629_axi_spi_uart_timer_gpio.gen/sources_1/bd/axi_system/synth/axi_system.v:2424]
INFO: [Synth 8-6155] done synthesizing module 'm01_couplers_imp_IP5HTQ' (85#1) [d:/jh_workspace/0629_axi_spi_uart_timer_gpio/0629_axi_spi_uart_timer_gpio.gen/sources_1/bd/axi_system/synth/axi_system.v:2424]
INFO: [Synth 8-6157] synthesizing module 'm02_couplers_imp_1TPCP84' [d:/jh_workspace/0629_axi_spi_uart_timer_gpio/0629_axi_spi_uart_timer_gpio.gen/sources_1/bd/axi_system/synth/axi_system.v:2570]
INFO: [Synth 8-6155] done synthesizing module 'm02_couplers_imp_1TPCP84' (86#1) [d:/jh_workspace/0629_axi_spi_uart_timer_gpio/0629_axi_spi_uart_timer_gpio.gen/sources_1/bd/axi_system/synth/axi_system.v:2570]
INFO: [Synth 8-6157] synthesizing module 'm03_couplers_imp_1273OC2' [d:/jh_workspace/0629_axi_spi_uart_timer_gpio/0629_axi_spi_uart_timer_gpio.gen/sources_1/bd/axi_system/synth/axi_system.v:2716]
INFO: [Synth 8-6155] done synthesizing module 'm03_couplers_imp_1273OC2' (87#1) [d:/jh_workspace/0629_axi_spi_uart_timer_gpio/0629_axi_spi_uart_timer_gpio.gen/sources_1/bd/axi_system/synth/axi_system.v:2716]
INFO: [Synth 8-6157] synthesizing module 'm04_couplers_imp_T45GF5' [d:/jh_workspace/0629_axi_spi_uart_timer_gpio/0629_axi_spi_uart_timer_gpio.gen/sources_1/bd/axi_system/synth/axi_system.v:2862]
INFO: [Synth 8-6155] done synthesizing module 'm04_couplers_imp_T45GF5' (88#1) [d:/jh_workspace/0629_axi_spi_uart_timer_gpio/0629_axi_spi_uart_timer_gpio.gen/sources_1/bd/axi_system/synth/axi_system.v:2862]
INFO: [Synth 8-6157] synthesizing module 'm05_couplers_imp_3R87XJ' [d:/jh_workspace/0629_axi_spi_uart_timer_gpio/0629_axi_spi_uart_timer_gpio.gen/sources_1/bd/axi_system/synth/axi_system.v:3008]
INFO: [Synth 8-6155] done synthesizing module 'm05_couplers_imp_3R87XJ' (89#1) [d:/jh_workspace/0629_axi_spi_uart_timer_gpio/0629_axi_spi_uart_timer_gpio.gen/sources_1/bd/axi_system/synth/axi_system.v:3008]
INFO: [Synth 8-6157] synthesizing module 'm06_couplers_imp_18ZFY0D' [d:/jh_workspace/0629_axi_spi_uart_timer_gpio/0629_axi_spi_uart_timer_gpio.gen/sources_1/bd/axi_system/synth/axi_system.v:3154]
INFO: [Synth 8-6155] done synthesizing module 'm06_couplers_imp_18ZFY0D' (90#1) [d:/jh_workspace/0629_axi_spi_uart_timer_gpio/0629_axi_spi_uart_timer_gpio.gen/sources_1/bd/axi_system/synth/axi_system.v:3154]
INFO: [Synth 8-6157] synthesizing module 'm07_couplers_imp_1JAJXRF' [d:/jh_workspace/0629_axi_spi_uart_timer_gpio/0629_axi_spi_uart_timer_gpio.gen/sources_1/bd/axi_system/synth/axi_system.v:3300]
INFO: [Synth 8-6155] done synthesizing module 'm07_couplers_imp_1JAJXRF' (91#1) [d:/jh_workspace/0629_axi_spi_uart_timer_gpio/0629_axi_spi_uart_timer_gpio.gen/sources_1/bd/axi_system/synth/axi_system.v:3300]
INFO: [Synth 8-6157] synthesizing module 'm08_couplers_imp_1G4CKNE' [d:/jh_workspace/0629_axi_spi_uart_timer_gpio/0629_axi_spi_uart_timer_gpio.gen/sources_1/bd/axi_system/synth/axi_system.v:3446]
INFO: [Synth 8-6155] done synthesizing module 'm08_couplers_imp_1G4CKNE' (92#1) [d:/jh_workspace/0629_axi_spi_uart_timer_gpio/0629_axi_spi_uart_timer_gpio.gen/sources_1/bd/axi_system/synth/axi_system.v:3446]
INFO: [Synth 8-6157] synthesizing module 's00_couplers_imp_IXYXO9' [d:/jh_workspace/0629_axi_spi_uart_timer_gpio/0629_axi_spi_uart_timer_gpio.gen/sources_1/bd/axi_system/synth/axi_system.v:3826]
INFO: [Synth 8-6155] done synthesizing module 's00_couplers_imp_IXYXO9' (93#1) [d:/jh_workspace/0629_axi_spi_uart_timer_gpio/0629_axi_spi_uart_timer_gpio.gen/sources_1/bd/axi_system/synth/axi_system.v:3826]
INFO: [Synth 8-6157] synthesizing module 'axi_system_xbar_0' [d:/jh_workspace/0629_axi_spi_uart_timer_gpio/0629_axi_spi_uart_timer_gpio.gen/sources_1/bd/axi_system/ip/axi_system_xbar_0/synth/axi_system_xbar_0.v:59]
INFO: [Synth 8-6157] synthesizing module 'axi_crossbar_v2_1_23_axi_crossbar' [d:/jh_workspace/0629_axi_spi_uart_timer_gpio/0629_axi_spi_uart_timer_gpio.gen/sources_1/bd/axi_system/ipshared/bc0a/hdl/axi_crossbar_v2_1_vl_rfs.v:4884]
	Parameter C_FAMILY bound to: artix7 - type: string 
	Parameter C_NUM_SLAVE_SLOTS bound to: 1 - type: integer 
	Parameter C_NUM_MASTER_SLOTS bound to: 9 - type: integer 
	Parameter C_AXI_ID_WIDTH bound to: 1 - type: integer 
	Parameter C_AXI_ADDR_WIDTH bound to: 32 - type: integer 
	Parameter C_AXI_DATA_WIDTH bound to: 32 - type: integer 
	Parameter C_AXI_PROTOCOL bound to: 2 - type: integer 
	Parameter C_NUM_ADDR_RANGES bound to: 1 - type: integer 
	Parameter C_M_AXI_BASE_ADDR bound to: 576'b000000000000000000000000000000000100010010100111000000000000000000000000000000000000000000000000010001001010011000000000000000000000000000000000000000000000000001000100101001010000000000000000000000000000000000000000000000000100010010100100000000000000000000000000000000000000000000000000010001001010001100000000000000000000000000000000000000000000000001000100101000100000000000000000000000000000000000000000000000000100010010100001000000000000000000000000000000000000000000000000010001001010000000000000000000000000000000000000000000000000000001000001001000000000000000000000 
	Parameter C_M_AXI_ADDR_WIDTH bound to: 288'b000000000000000000000000000100000000000000000000000000000001000000000000000000000000000000010000000000000000000000000000000100000000000000000000000000000001000000000000000000000000000000010000000000000000000000000000000100000000000000000000000000000001000000000000000000000000000000010000 
	Parameter C_S_AXI_BASE_ID bound to: 0 - type: integer 
	Parameter C_S_AXI_THREAD_ID_WIDTH bound to: 0 - type: integer 
	Parameter C_AXI_SUPPORTS_USER_SIGNALS bound to: 0 - type: integer 
	Parameter C_AXI_AWUSER_WIDTH bound to: 1 - type: integer 
	Parameter C_AXI_ARUSER_WIDTH bound to: 1 - type: integer 
	Parameter C_AXI_WUSER_WIDTH bound to: 1 - type: integer 
	Parameter C_AXI_RUSER_WIDTH bound to: 1 - type: integer 
	Parameter C_AXI_BUSER_WIDTH bound to: 1 - type: integer 
	Parameter C_M_AXI_WRITE_CONNECTIVITY bound to: 288'b000000000000000000000000000000010000000000000000000000000000000100000000000000000000000000000001000000000000000000000000000000010000000000000000000000000000000100000000000000000000000000000001000000000000000000000000000000010000000000000000000000000000000100000000000000000000000000000001 
	Parameter C_M_AXI_READ_CONNECTIVITY bound to: 288'b000000000000000000000000000000010000000000000000000000000000000100000000000000000000000000000001000000000000000000000000000000010000000000000000000000000000000100000000000000000000000000000001000000000000000000000000000000010000000000000000000000000000000100000000000000000000000000000001 
	Parameter C_R_REGISTER bound to: 1 - type: integer 
	Parameter C_S_AXI_SINGLE_THREAD bound to: 1 - type: integer 
	Parameter C_S_AXI_WRITE_ACCEPTANCE bound to: 1 - type: integer 
	Parameter C_S_AXI_READ_ACCEPTANCE bound to: 1 - type: integer 
	Parameter C_M_AXI_WRITE_ISSUING bound to: 288'b000000000000000000000000000000010000000000000000000000000000000100000000000000000000000000000001000000000000000000000000000000010000000000000000000000000000000100000000000000000000000000000001000000000000000000000000000000010000000000000000000000000000000100000000000000000000000000000001 
	Parameter C_M_AXI_READ_ISSUING bound to: 288'b000000000000000000000000000000010000000000000000000000000000000100000000000000000000000000000001000000000000000000000000000000010000000000000000000000000000000100000000000000000000000000000001000000000000000000000000000000010000000000000000000000000000000100000000000000000000000000000001 
	Parameter C_S_AXI_ARB_PRIORITY bound to: 0 - type: integer 
	Parameter C_M_AXI_SECURE bound to: 288'b000000000000000000000000000000000000000000000000000000000000000000000000000000000000000000000000000000000000000000000000000000000000000000000000000000000000000000000000000000000000000000000000000000000000000000000000000000000000000000000000000000000000000000000000000000000000000000000000 
	Parameter C_CONNECTIVITY_MODE bound to: 0 - type: integer 
	Parameter P_ONES bound to: 65'b11111111111111111111111111111111111111111111111111111111111111111 
	Parameter P_S_AXI_BASE_ID bound to: 64'b0000000000000000000000000000000000000000000000000000000000000000 
	Parameter P_S_AXI_HIGH_ID bound to: 64'b0000000000000000000000000000000000000000000000000000000000000000 
	Parameter P_AXI4 bound to: 0 - type: integer 
	Parameter P_AXI3 bound to: 1 - type: integer 
	Parameter P_AXILITE bound to: 2 - type: integer 
	Parameter P_AXILITE_SIZE bound to: 3'b010 
	Parameter P_INCR bound to: 2'b01 
	Parameter P_M_AXI_SUPPORTS_WRITE bound to: 9'b111111111 
	Parameter P_M_AXI_SUPPORTS_READ bound to: 9'b111111111 
	Parameter P_S_AXI_SUPPORTS_WRITE bound to: 1'b1 
	Parameter P_S_AXI_SUPPORTS_READ bound to: 1'b1 
	Parameter C_DEBUG bound to: 1 - type: integer 
	Parameter P_RANGE_CHECK bound to: 1 - type: integer 
	Parameter P_ADDR_DECODE bound to: 1 - type: integer 
	Parameter P_M_AXI_ERR_MODE bound to: 288'b000000000000000000000000000000000000000000000000000000000000000000000000000000000000000000000000000000000000000000000000000000000000000000000000000000000000000000000000000000000000000000000000000000000000000000000000000000000000000000000000000000000000000000000000000000000000000000000000 
	Parameter P_LEN bound to: 8 - type: integer 
	Parameter P_LOCK bound to: 1 - type: integer 
	Parameter P_FAMILY bound to: artix7 - type: string 
INFO: [Synth 8-6157] synthesizing module 'axi_crossbar_v2_1_23_crossbar_sasd' [d:/jh_workspace/0629_axi_spi_uart_timer_gpio/0629_axi_spi_uart_timer_gpio.gen/sources_1/bd/axi_system/ipshared/bc0a/hdl/axi_crossbar_v2_1_vl_rfs.v:1240]
	Parameter C_FAMILY bound to: artix7 - type: string 
	Parameter C_NUM_SLAVE_SLOTS bound to: 1 - type: integer 
	Parameter C_NUM_MASTER_SLOTS bound to: 9 - type: integer 
	Parameter C_NUM_ADDR_RANGES bound to: 1 - type: integer 
	Parameter C_AXI_ID_WIDTH bound to: 1 - type: integer 
	Parameter C_AXI_ADDR_WIDTH bound to: 32 - type: integer 
	Parameter C_AXI_DATA_WIDTH bound to: 32 - type: integer 
	Parameter C_AXI_PROTOCOL bound to: 2 - type: integer 
	Parameter C_M_AXI_BASE_ADDR bound to: 576'b000000000000000000000000000000000100010010100111000000000000000000000000000000000000000000000000010001001010011000000000000000000000000000000000000000000000000001000100101001010000000000000000000000000000000000000000000000000100010010100100000000000000000000000000000000000000000000000000010001001010001100000000000000000000000000000000000000000000000001000100101000100000000000000000000000000000000000000000000000000100010010100001000000000000000000000000000000000000000000000000010001001010000000000000000000000000000000000000000000000000000001000001001000000000000000000000 
	Parameter C_M_AXI_HIGH_ADDR bound to: 576'b000000000000000000000000000000000100010010100111111111111111111100000000000000000000000000000000010001001010011011111111111111110000000000000000000000000000000001000100101001011111111111111111000000000000000000000000000000000100010010100100111111111111111100000000000000000000000000000000010001001010001111111111111111110000000000000000000000000000000001000100101000101111111111111111000000000000000000000000000000000100010010100001111111111111111100000000000000000000000000000000010001001010000011111111111111110000000000000000000000000000000001000001001000001111111111111111 
	Parameter C_S_AXI_BASE_ID bound to: 64'b0000000000000000000000000000000000000000000000000000000000000000 
	Parameter C_S_AXI_HIGH_ID bound to: 64'b0000000000000000000000000000000000000000000000000000000000000000 
	Parameter C_AXI_SUPPORTS_USER_SIGNALS bound to: 0 - type: integer 
	Parameter C_AXI_AWUSER_WIDTH bound to: 1 - type: integer 
	Parameter C_AXI_ARUSER_WIDTH bound to: 1 - type: integer 
	Parameter C_AXI_WUSER_WIDTH bound to: 1 - type: integer 
	Parameter C_AXI_RUSER_WIDTH bound to: 1 - type: integer 
	Parameter C_AXI_BUSER_WIDTH bound to: 1 - type: integer 
	Parameter C_S_AXI_SUPPORTS_WRITE bound to: 1'b1 
	Parameter C_S_AXI_SUPPORTS_READ bound to: 1'b1 
	Parameter C_M_AXI_SUPPORTS_WRITE bound to: 9'b111111111 
	Parameter C_M_AXI_SUPPORTS_READ bound to: 9'b111111111 
	Parameter C_S_AXI_ARB_PRIORITY bound to: 0 - type: integer 
	Parameter C_M_AXI_SECURE bound to: 288'b000000000000000000000000000000000000000000000000000000000000000000000000000000000000000000000000000000000000000000000000000000000000000000000000000000000000000000000000000000000000000000000000000000000000000000000000000000000000000000000000000000000000000000000000000000000000000000000000 
	Parameter C_M_AXI_ERR_MODE bound to: 288'b000000000000000000000000000000000000000000000000000000000000000000000000000000000000000000000000000000000000000000000000000000000000000000000000000000000000000000000000000000000000000000000000000000000000000000000000000000000000000000000000000000000000000000000000000000000000000000000000 
	Parameter C_R_REGISTER bound to: 1 - type: integer 
	Parameter C_RANGE_CHECK bound to: 1 - type: integer 
	Parameter C_ADDR_DECODE bound to: 1 - type: integer 
	Parameter C_DEBUG bound to: 1 - type: integer 
	Parameter P_AXI4 bound to: 0 - type: integer 
	Parameter P_AXI3 bound to: 1 - type: integer 
	Parameter P_AXILITE bound to: 2 - type: integer 
	Parameter P_NUM_MASTER_SLOTS_DE bound to: 10 - type: integer 
	Parameter P_NUM_MASTER_SLOTS_LOG bound to: 4 - type: integer 
	Parameter P_NUM_MASTER_SLOTS_DE_LOG bound to: 4 - type: integer 
	Parameter P_NUM_SLAVE_SLOTS_LOG bound to: 1 - type: integer 
	Parameter P_AXI_AUSER_WIDTH bound to: 1 - type: integer 
	Parameter P_AXI_WID_WIDTH bound to: 1 - type: integer 
	Parameter P_AMESG_WIDTH bound to: 64 - type: integer 
	Parameter P_BMESG_WIDTH bound to: 3 - type: integer 
	Parameter P_RMESG_WIDTH bound to: 36 - type: integer 
	Parameter P_WMESG_WIDTH bound to: 39 - type: integer 
	Parameter P_AXILITE_ERRMODE bound to: 1 - type: integer 
	Parameter P_NONSECURE_BIT bound to: 1 - type: integer 
	Parameter P_M_SECURE_MASK bound to: 9'b000000000 
	Parameter P_M_AXILITE_MASK bound to: 9'b000000000 
	Parameter P_FIXED bound to: 2'b00 
	Parameter P_BYPASS bound to: 0 - type: integer 
	Parameter P_LIGHTWT bound to: 7 - type: integer 
	Parameter P_FULLY_REG bound to: 1 - type: integer 
	Parameter P_R_REG_CONFIG bound to: 1 - type: integer 
	Parameter P_DECERR bound to: 2'b11 
INFO: [Synth 8-6157] synthesizing module 'axi_crossbar_v2_1_23_addr_decoder' [d:/jh_workspace/0629_axi_spi_uart_timer_gpio/0629_axi_spi_uart_timer_gpio.gen/sources_1/bd/axi_system/ipshared/bc0a/hdl/axi_crossbar_v2_1_vl_rfs.v:794]
	Parameter C_FAMILY bound to: artix7 - type: string 
	Parameter C_NUM_TARGETS bound to: 9 - type: integer 
	Parameter C_NUM_TARGETS_LOG bound to: 4 - type: integer 
	Parameter C_NUM_RANGES bound to: 1 - type: integer 
	Parameter C_ADDR_WIDTH bound to: 32 - type: integer 
	Parameter C_TARGET_ENC bound to: 1 - type: integer 
	Parameter C_TARGET_HOT bound to: 1 - type: integer 
	Parameter C_REGION_ENC bound to: 1 - type: integer 
	Parameter C_BASE_ADDR bound to: 576'b000000000000000000000000000000000100010010100111000000000000000000000000000000000000000000000000010001001010011000000000000000000000000000000000000000000000000001000100101001010000000000000000000000000000000000000000000000000100010010100100000000000000000000000000000000000000000000000000010001001010001100000000000000000000000000000000000000000000000001000100101000100000000000000000000000000000000000000000000000000100010010100001000000000000000000000000000000000000000000000000010001001010000000000000000000000000000000000000000000000000000001000001001000000000000000000000 
	Parameter C_HIGH_ADDR bound to: 576'b000000000000000000000000000000000100010010100111111111111111111100000000000000000000000000000000010001001010011011111111111111110000000000000000000000000000000001000100101001011111111111111111000000000000000000000000000000000100010010100100111111111111111100000000000000000000000000000000010001001010001111111111111111110000000000000000000000000000000001000100101000101111111111111111000000000000000000000000000000000100010010100001111111111111111100000000000000000000000000000000010001001010000011111111111111110000000000000000000000000000000001000001001000001111111111111111 
	Parameter C_TARGET_QUAL bound to: 10'b0111111111 
	Parameter C_RESOLUTION bound to: 2 - type: integer 
	Parameter C_COMPARATOR_THRESHOLD bound to: 6 - type: integer 
INFO: [Synth 8-6157] synthesizing module 'generic_baseblocks_v2_1_0_comparator_static' [d:/jh_workspace/0629_axi_spi_uart_timer_gpio/0629_axi_spi_uart_timer_gpio.gen/sources_1/bd/axi_system/ipshared/b752/hdl/generic_baseblocks_v2_1_vl_rfs.v:2133]
	Parameter C_FAMILY bound to: rtl - type: string 
	Parameter C_VALUE bound to: 30'b010000010010000000000000000000 
	Parameter C_DATA_WIDTH bound to: 30 - type: integer 
	Parameter C_BITS_PER_LUT bound to: 6 - type: integer 
	Parameter C_NUM_LUT bound to: 5 - type: integer 
	Parameter C_FIX_DATA_WIDTH bound to: 30 - type: integer 
INFO: [Synth 8-6157] synthesizing module 'generic_baseblocks_v2_1_0_carry_and' [d:/jh_workspace/0629_axi_spi_uart_timer_gpio/0629_axi_spi_uart_timer_gpio.gen/sources_1/bd/axi_system/ipshared/b752/hdl/generic_baseblocks_v2_1_vl_rfs.v:62]
	Parameter C_FAMILY bound to: rtl - type: string 
INFO: [Synth 8-6155] done synthesizing module 'generic_baseblocks_v2_1_0_carry_and' (94#1) [d:/jh_workspace/0629_axi_spi_uart_timer_gpio/0629_axi_spi_uart_timer_gpio.gen/sources_1/bd/axi_system/ipshared/b752/hdl/generic_baseblocks_v2_1_vl_rfs.v:62]
INFO: [Synth 8-6155] done synthesizing module 'generic_baseblocks_v2_1_0_comparator_static' (95#1) [d:/jh_workspace/0629_axi_spi_uart_timer_gpio/0629_axi_spi_uart_timer_gpio.gen/sources_1/bd/axi_system/ipshared/b752/hdl/generic_baseblocks_v2_1_vl_rfs.v:2133]
INFO: [Synth 8-6157] synthesizing module 'generic_baseblocks_v2_1_0_comparator_static__parameterized0' [d:/jh_workspace/0629_axi_spi_uart_timer_gpio/0629_axi_spi_uart_timer_gpio.gen/sources_1/bd/axi_system/ipshared/b752/hdl/generic_baseblocks_v2_1_vl_rfs.v:2133]
	Parameter C_FAMILY bound to: rtl - type: string 
	Parameter C_VALUE bound to: 30'b010001001010000000000000000000 
	Parameter C_DATA_WIDTH bound to: 30 - type: integer 
	Parameter C_BITS_PER_LUT bound to: 6 - type: integer 
	Parameter C_NUM_LUT bound to: 5 - type: integer 
	Parameter C_FIX_DATA_WIDTH bound to: 30 - type: integer 
INFO: [Synth 8-6155] done synthesizing module 'generic_baseblocks_v2_1_0_comparator_static__parameterized0' (95#1) [d:/jh_workspace/0629_axi_spi_uart_timer_gpio/0629_axi_spi_uart_timer_gpio.gen/sources_1/bd/axi_system/ipshared/b752/hdl/generic_baseblocks_v2_1_vl_rfs.v:2133]
INFO: [Synth 8-6157] synthesizing module 'generic_baseblocks_v2_1_0_comparator_static__parameterized1' [d:/jh_workspace/0629_axi_spi_uart_timer_gpio/0629_axi_spi_uart_timer_gpio.gen/sources_1/bd/axi_system/ipshared/b752/hdl/generic_baseblocks_v2_1_vl_rfs.v:2133]
	Parameter C_FAMILY bound to: rtl - type: string 
	Parameter C_VALUE bound to: 30'b010001001010000100000000000000 
	Parameter C_DATA_WIDTH bound to: 30 - type: integer 
	Parameter C_BITS_PER_LUT bound to: 6 - type: integer 
	Parameter C_NUM_LUT bound to: 5 - type: integer 
	Parameter C_FIX_DATA_WIDTH bound to: 30 - type: integer 
INFO: [Synth 8-6155] done synthesizing module 'generic_baseblocks_v2_1_0_comparator_static__parameterized1' (95#1) [d:/jh_workspace/0629_axi_spi_uart_timer_gpio/0629_axi_spi_uart_timer_gpio.gen/sources_1/bd/axi_system/ipshared/b752/hdl/generic_baseblocks_v2_1_vl_rfs.v:2133]
INFO: [Synth 8-6157] synthesizing module 'generic_baseblocks_v2_1_0_comparator_static__parameterized2' [d:/jh_workspace/0629_axi_spi_uart_timer_gpio/0629_axi_spi_uart_timer_gpio.gen/sources_1/bd/axi_system/ipshared/b752/hdl/generic_baseblocks_v2_1_vl_rfs.v:2133]
	Parameter C_FAMILY bound to: rtl - type: string 
	Parameter C_VALUE bound to: 30'b010001001010001000000000000000 
	Parameter C_DATA_WIDTH bound to: 30 - type: integer 
	Parameter C_BITS_PER_LUT bound to: 6 - type: integer 
	Parameter C_NUM_LUT bound to: 5 - type: integer 
	Parameter C_FIX_DATA_WIDTH bound to: 30 - type: integer 
INFO: [Synth 8-6155] done synthesizing module 'generic_baseblocks_v2_1_0_comparator_static__parameterized2' (95#1) [d:/jh_workspace/0629_axi_spi_uart_timer_gpio/0629_axi_spi_uart_timer_gpio.gen/sources_1/bd/axi_system/ipshared/b752/hdl/generic_baseblocks_v2_1_vl_rfs.v:2133]
INFO: [Synth 8-6157] synthesizing module 'generic_baseblocks_v2_1_0_comparator_static__parameterized3' [d:/jh_workspace/0629_axi_spi_uart_timer_gpio/0629_axi_spi_uart_timer_gpio.gen/sources_1/bd/axi_system/ipshared/b752/hdl/generic_baseblocks_v2_1_vl_rfs.v:2133]
	Parameter C_FAMILY bound to: rtl - type: string 
	Parameter C_VALUE bound to: 30'b010001001010001100000000000000 
	Parameter C_DATA_WIDTH bound to: 30 - type: integer 
	Parameter C_BITS_PER_LUT bound to: 6 - type: integer 
	Parameter C_NUM_LUT bound to: 5 - type: integer 
	Parameter C_FIX_DATA_WIDTH bound to: 30 - type: integer 
INFO: [Synth 8-6155] done synthesizing module 'generic_baseblocks_v2_1_0_comparator_static__parameterized3' (95#1) [d:/jh_workspace/0629_axi_spi_uart_timer_gpio/0629_axi_spi_uart_timer_gpio.gen/sources_1/bd/axi_system/ipshared/b752/hdl/generic_baseblocks_v2_1_vl_rfs.v:2133]
INFO: [Synth 8-6157] synthesizing module 'generic_baseblocks_v2_1_0_comparator_static__parameterized4' [d:/jh_workspace/0629_axi_spi_uart_timer_gpio/0629_axi_spi_uart_timer_gpio.gen/sources_1/bd/axi_system/ipshared/b752/hdl/generic_baseblocks_v2_1_vl_rfs.v:2133]
	Parameter C_FAMILY bound to: rtl - type: string 
	Parameter C_VALUE bound to: 30'b010001001010010000000000000000 
	Parameter C_DATA_WIDTH bound to: 30 - type: integer 
	Parameter C_BITS_PER_LUT bound to: 6 - type: integer 
	Parameter C_NUM_LUT bound to: 5 - type: integer 
	Parameter C_FIX_DATA_WIDTH bound to: 30 - type: integer 
INFO: [Synth 8-6155] done synthesizing module 'generic_baseblocks_v2_1_0_comparator_static__parameterized4' (95#1) [d:/jh_workspace/0629_axi_spi_uart_timer_gpio/0629_axi_spi_uart_timer_gpio.gen/sources_1/bd/axi_system/ipshared/b752/hdl/generic_baseblocks_v2_1_vl_rfs.v:2133]
INFO: [Synth 8-6157] synthesizing module 'generic_baseblocks_v2_1_0_comparator_static__parameterized5' [d:/jh_workspace/0629_axi_spi_uart_timer_gpio/0629_axi_spi_uart_timer_gpio.gen/sources_1/bd/axi_system/ipshared/b752/hdl/generic_baseblocks_v2_1_vl_rfs.v:2133]
	Parameter C_FAMILY bound to: rtl - type: string 
	Parameter C_VALUE bound to: 30'b010001001010010100000000000000 
	Parameter C_DATA_WIDTH bound to: 30 - type: integer 
	Parameter C_BITS_PER_LUT bound to: 6 - type: integer 
	Parameter C_NUM_LUT bound to: 5 - type: integer 
	Parameter C_FIX_DATA_WIDTH bound to: 30 - type: integer 
INFO: [Synth 8-6155] done synthesizing module 'generic_baseblocks_v2_1_0_comparator_static__parameterized5' (95#1) [d:/jh_workspace/0629_axi_spi_uart_timer_gpio/0629_axi_spi_uart_timer_gpio.gen/sources_1/bd/axi_system/ipshared/b752/hdl/generic_baseblocks_v2_1_vl_rfs.v:2133]
INFO: [Synth 8-6157] synthesizing module 'generic_baseblocks_v2_1_0_comparator_static__parameterized6' [d:/jh_workspace/0629_axi_spi_uart_timer_gpio/0629_axi_spi_uart_timer_gpio.gen/sources_1/bd/axi_system/ipshared/b752/hdl/generic_baseblocks_v2_1_vl_rfs.v:2133]
	Parameter C_FAMILY bound to: rtl - type: string 
	Parameter C_VALUE bound to: 30'b010001001010011000000000000000 
	Parameter C_DATA_WIDTH bound to: 30 - type: integer 
	Parameter C_BITS_PER_LUT bound to: 6 - type: integer 
	Parameter C_NUM_LUT bound to: 5 - type: integer 
	Parameter C_FIX_DATA_WIDTH bound to: 30 - type: integer 
INFO: [Synth 8-6155] done synthesizing module 'generic_baseblocks_v2_1_0_comparator_static__parameterized6' (95#1) [d:/jh_workspace/0629_axi_spi_uart_timer_gpio/0629_axi_spi_uart_timer_gpio.gen/sources_1/bd/axi_system/ipshared/b752/hdl/generic_baseblocks_v2_1_vl_rfs.v:2133]
INFO: [Synth 8-6157] synthesizing module 'generic_baseblocks_v2_1_0_comparator_static__parameterized7' [d:/jh_workspace/0629_axi_spi_uart_timer_gpio/0629_axi_spi_uart_timer_gpio.gen/sources_1/bd/axi_system/ipshared/b752/hdl/generic_baseblocks_v2_1_vl_rfs.v:2133]
	Parameter C_FAMILY bound to: rtl - type: string 
	Parameter C_VALUE bound to: 30'b010001001010011100000000000000 
	Parameter C_DATA_WIDTH bound to: 30 - type: integer 
	Parameter C_BITS_PER_LUT bound to: 6 - type: integer 
	Parameter C_NUM_LUT bound to: 5 - type: integer 
	Parameter C_FIX_DATA_WIDTH bound to: 30 - type: integer 
INFO: [Synth 8-6155] done synthesizing module 'generic_baseblocks_v2_1_0_comparator_static__parameterized7' (95#1) [d:/jh_workspace/0629_axi_spi_uart_timer_gpio/0629_axi_spi_uart_timer_gpio.gen/sources_1/bd/axi_system/ipshared/b752/hdl/generic_baseblocks_v2_1_vl_rfs.v:2133]
INFO: [Synth 8-6155] done synthesizing module 'axi_crossbar_v2_1_23_addr_decoder' (96#1) [d:/jh_workspace/0629_axi_spi_uart_timer_gpio/0629_axi_spi_uart_timer_gpio.gen/sources_1/bd/axi_system/ipshared/bc0a/hdl/axi_crossbar_v2_1_vl_rfs.v:794]
INFO: [Synth 8-6157] synthesizing module 'axi_crossbar_v2_1_23_decerr_slave' [d:/jh_workspace/0629_axi_spi_uart_timer_gpio/0629_axi_spi_uart_timer_gpio.gen/sources_1/bd/axi_system/ipshared/bc0a/hdl/axi_crossbar_v2_1_vl_rfs.v:3501]
	Parameter C_AXI_ID_WIDTH bound to: 1 - type: integer 
	Parameter C_AXI_DATA_WIDTH bound to: 32 - type: integer 
	Parameter C_AXI_BUSER_WIDTH bound to: 1 - type: integer 
	Parameter C_AXI_RUSER_WIDTH bound to: 1 - type: integer 
	Parameter C_AXI_PROTOCOL bound to: 2 - type: integer 
	Parameter C_RESP bound to: 3 - type: integer 
	Parameter P_WRITE_IDLE bound to: 2'b00 
	Parameter P_WRITE_DATA bound to: 2'b01 
	Parameter P_WRITE_RESP bound to: 2'b10 
	Parameter P_READ_IDLE bound to: 1'b0 
	Parameter P_READ_DATA bound to: 1'b1 
	Parameter P_AXI4 bound to: 0 - type: integer 
	Parameter P_AXI3 bound to: 1 - type: integer 
	Parameter P_AXILITE bound to: 2 - type: integer 
INFO: [Synth 8-6155] done synthesizing module 'axi_crossbar_v2_1_23_decerr_slave' (97#1) [d:/jh_workspace/0629_axi_spi_uart_timer_gpio/0629_axi_spi_uart_timer_gpio.gen/sources_1/bd/axi_system/ipshared/bc0a/hdl/axi_crossbar_v2_1_vl_rfs.v:3501]
INFO: [Synth 8-6157] synthesizing module 'axi_crossbar_v2_1_23_addr_arbiter_sasd' [d:/jh_workspace/0629_axi_spi_uart_timer_gpio/0629_axi_spi_uart_timer_gpio.gen/sources_1/bd/axi_system/ipshared/bc0a/hdl/axi_crossbar_v2_1_vl_rfs.v:65]
	Parameter C_FAMILY bound to: artix7 - type: string 
	Parameter C_NUM_S bound to: 1 - type: integer 
	Parameter C_NUM_S_LOG bound to: 1 - type: integer 
	Parameter C_AMESG_WIDTH bound to: 64 - type: integer 
	Parameter C_GRANT_ENC bound to: 1 - type: integer 
	Parameter C_ARB_PRIORITY bound to: 0 - type: integer 
	Parameter P_PRIO_MASK bound to: 1'b0 
INFO: [Synth 8-6155] done synthesizing module 'axi_crossbar_v2_1_23_addr_arbiter_sasd' (98#1) [d:/jh_workspace/0629_axi_spi_uart_timer_gpio/0629_axi_spi_uart_timer_gpio.gen/sources_1/bd/axi_system/ipshared/bc0a/hdl/axi_crossbar_v2_1_vl_rfs.v:65]
INFO: [Synth 8-6157] synthesizing module 'axi_crossbar_v2_1_23_splitter' [d:/jh_workspace/0629_axi_spi_uart_timer_gpio/0629_axi_spi_uart_timer_gpio.gen/sources_1/bd/axi_system/ipshared/bc0a/hdl/axi_crossbar_v2_1_vl_rfs.v:4461]
	Parameter C_NUM_M bound to: 3 - type: integer 
INFO: [Synth 8-6155] done synthesizing module 'axi_crossbar_v2_1_23_splitter' (99#1) [d:/jh_workspace/0629_axi_spi_uart_timer_gpio/0629_axi_spi_uart_timer_gpio.gen/sources_1/bd/axi_system/ipshared/bc0a/hdl/axi_crossbar_v2_1_vl_rfs.v:4461]
INFO: [Synth 8-6157] synthesizing module 'axi_crossbar_v2_1_23_splitter__parameterized0' [d:/jh_workspace/0629_axi_spi_uart_timer_gpio/0629_axi_spi_uart_timer_gpio.gen/sources_1/bd/axi_system/ipshared/bc0a/hdl/axi_crossbar_v2_1_vl_rfs.v:4461]
	Parameter C_NUM_M bound to: 2 - type: integer 
INFO: [Synth 8-6155] done synthesizing module 'axi_crossbar_v2_1_23_splitter__parameterized0' (99#1) [d:/jh_workspace/0629_axi_spi_uart_timer_gpio/0629_axi_spi_uart_timer_gpio.gen/sources_1/bd/axi_system/ipshared/bc0a/hdl/axi_crossbar_v2_1_vl_rfs.v:4461]
INFO: [Synth 8-6157] synthesizing module 'generic_baseblocks_v2_1_0_mux_enc' [d:/jh_workspace/0629_axi_spi_uart_timer_gpio/0629_axi_spi_uart_timer_gpio.gen/sources_1/bd/axi_system/ipshared/b752/hdl/generic_baseblocks_v2_1_vl_rfs.v:2452]
	Parameter C_FAMILY bound to: rtl - type: string 
	Parameter C_RATIO bound to: 10 - type: integer 
	Parameter C_SEL_WIDTH bound to: 4 - type: integer 
	Parameter C_DATA_WIDTH bound to: 1 - type: integer 
INFO: [Synth 8-6155] done synthesizing module 'generic_baseblocks_v2_1_0_mux_enc' (100#1) [d:/jh_workspace/0629_axi_spi_uart_timer_gpio/0629_axi_spi_uart_timer_gpio.gen/sources_1/bd/axi_system/ipshared/b752/hdl/generic_baseblocks_v2_1_vl_rfs.v:2452]
INFO: [Synth 8-6157] synthesizing module 'generic_baseblocks_v2_1_0_mux_enc__parameterized0' [d:/jh_workspace/0629_axi_spi_uart_timer_gpio/0629_axi_spi_uart_timer_gpio.gen/sources_1/bd/axi_system/ipshared/b752/hdl/generic_baseblocks_v2_1_vl_rfs.v:2452]
	Parameter C_FAMILY bound to: rtl - type: string 
	Parameter C_RATIO bound to: 1 - type: integer 
	Parameter C_SEL_WIDTH bound to: 1 - type: integer 
	Parameter C_DATA_WIDTH bound to: 1 - type: integer 
INFO: [Synth 8-6155] done synthesizing module 'generic_baseblocks_v2_1_0_mux_enc__parameterized0' (100#1) [d:/jh_workspace/0629_axi_spi_uart_timer_gpio/0629_axi_spi_uart_timer_gpio.gen/sources_1/bd/axi_system/ipshared/b752/hdl/generic_baseblocks_v2_1_vl_rfs.v:2452]
INFO: [Synth 8-6157] synthesizing module 'generic_baseblocks_v2_1_0_mux_enc__parameterized1' [d:/jh_workspace/0629_axi_spi_uart_timer_gpio/0629_axi_spi_uart_timer_gpio.gen/sources_1/bd/axi_system/ipshared/b752/hdl/generic_baseblocks_v2_1_vl_rfs.v:2452]
	Parameter C_FAMILY bound to: rtl - type: string 
	Parameter C_RATIO bound to: 10 - type: integer 
	Parameter C_SEL_WIDTH bound to: 4 - type: integer 
	Parameter C_DATA_WIDTH bound to: 36 - type: integer 
INFO: [Synth 8-6155] done synthesizing module 'generic_baseblocks_v2_1_0_mux_enc__parameterized1' (100#1) [d:/jh_workspace/0629_axi_spi_uart_timer_gpio/0629_axi_spi_uart_timer_gpio.gen/sources_1/bd/axi_system/ipshared/b752/hdl/generic_baseblocks_v2_1_vl_rfs.v:2452]
INFO: [Synth 8-6157] synthesizing module 'axi_register_slice_v2_1_22_axic_register_slice' [d:/jh_workspace/0629_axi_spi_uart_timer_gpio/0629_axi_spi_uart_timer_gpio.gen/sources_1/bd/axi_system/ipshared/af2c/hdl/axi_register_slice_v2_1_vl_rfs.v:1498]
	Parameter C_FAMILY bound to: artix7 - type: string 
	Parameter C_DATA_WIDTH bound to: 36 - type: integer 
	Parameter C_REG_CONFIG bound to: 1 - type: integer 
INFO: [Synth 8-6155] done synthesizing module 'axi_register_slice_v2_1_22_axic_register_slice' (101#1) [d:/jh_workspace/0629_axi_spi_uart_timer_gpio/0629_axi_spi_uart_timer_gpio.gen/sources_1/bd/axi_system/ipshared/af2c/hdl/axi_register_slice_v2_1_vl_rfs.v:1498]
INFO: [Synth 8-6157] synthesizing module 'generic_baseblocks_v2_1_0_mux_enc__parameterized2' [d:/jh_workspace/0629_axi_spi_uart_timer_gpio/0629_axi_spi_uart_timer_gpio.gen/sources_1/bd/axi_system/ipshared/b752/hdl/generic_baseblocks_v2_1_vl_rfs.v:2452]
	Parameter C_FAMILY bound to: rtl - type: string 
	Parameter C_RATIO bound to: 10 - type: integer 
	Parameter C_SEL_WIDTH bound to: 4 - type: integer 
	Parameter C_DATA_WIDTH bound to: 3 - type: integer 
INFO: [Synth 8-6155] done synthesizing module 'generic_baseblocks_v2_1_0_mux_enc__parameterized2' (101#1) [d:/jh_workspace/0629_axi_spi_uart_timer_gpio/0629_axi_spi_uart_timer_gpio.gen/sources_1/bd/axi_system/ipshared/b752/hdl/generic_baseblocks_v2_1_vl_rfs.v:2452]
INFO: [Synth 8-6155] done synthesizing module 'axi_crossbar_v2_1_23_crossbar_sasd' (102#1) [d:/jh_workspace/0629_axi_spi_uart_timer_gpio/0629_axi_spi_uart_timer_gpio.gen/sources_1/bd/axi_system/ipshared/bc0a/hdl/axi_crossbar_v2_1_vl_rfs.v:1240]
INFO: [Synth 8-6155] done synthesizing module 'axi_crossbar_v2_1_23_axi_crossbar' (103#1) [d:/jh_workspace/0629_axi_spi_uart_timer_gpio/0629_axi_spi_uart_timer_gpio.gen/sources_1/bd/axi_system/ipshared/bc0a/hdl/axi_crossbar_v2_1_vl_rfs.v:4884]
INFO: [Synth 8-6155] done synthesizing module 'axi_system_xbar_0' (104#1) [d:/jh_workspace/0629_axi_spi_uart_timer_gpio/0629_axi_spi_uart_timer_gpio.gen/sources_1/bd/axi_system/ip/axi_system_xbar_0/synth/axi_system_xbar_0.v:59]
INFO: [Synth 8-6155] done synthesizing module 'axi_system_microblaze_0_axi_periph_0' (105#1) [d:/jh_workspace/0629_axi_spi_uart_timer_gpio/0629_axi_spi_uart_timer_gpio.gen/sources_1/bd/axi_system/synth/axi_system.v:830]
INFO: [Synth 8-6157] synthesizing module 'microblaze_0_local_memory_imp_5HL16A' [d:/jh_workspace/0629_axi_spi_uart_timer_gpio/0629_axi_spi_uart_timer_gpio.gen/sources_1/bd/axi_system/synth/axi_system.v:3592]
INFO: [Synth 8-638] synthesizing module 'axi_system_dlmb_bram_if_cntlr_0' [d:/jh_workspace/0629_axi_spi_uart_timer_gpio/0629_axi_spi_uart_timer_gpio.gen/sources_1/bd/axi_system/ip/axi_system_dlmb_bram_if_cntlr_0/synth/axi_system_dlmb_bram_if_cntlr_0.vhd:84]
	Parameter C_FAMILY bound to: artix7 - type: string 
	Parameter C_HIGHADDR bound to: 64'b0000000000000000000000000000000000000000000000000001111111111111 
	Parameter C_BASEADDR bound to: 64'b0000000000000000000000000000000000000000000000000000000000000000 
	Parameter C_NUM_LMB bound to: 1 - type: integer 
	Parameter C_MASK bound to: 64'b0000000000000000000000000000000000000000001000000000000000000000 
	Parameter C_MASK1 bound to: 64'b0000000000000000000000000000000000000000100000000000000000000000 
	Parameter C_MASK2 bound to: 64'b0000000000000000000000000000000000000000100000000000000000000000 
	Parameter C_MASK3 bound to: 64'b0000000000000000000000000000000000000000100000000000000000000000 
	Parameter C_LMB_AWIDTH bound to: 32 - type: integer 
	Parameter C_LMB_DWIDTH bound to: 32 - type: integer 
	Parameter C_LMB_PROTOCOL bound to: 0 - type: integer 
	Parameter C_ECC bound to: 0 - type: integer 
	Parameter C_INTERCONNECT bound to: 0 - type: integer 
	Parameter C_FAULT_INJECT bound to: 0 - type: integer 
	Parameter C_CE_FAILING_REGISTERS bound to: 0 - type: integer 
	Parameter C_UE_FAILING_REGISTERS bound to: 0 - type: integer 
	Parameter C_ECC_STATUS_REGISTERS bound to: 0 - type: integer 
	Parameter C_ECC_ONOFF_REGISTER bound to: 0 - type: integer 
	Parameter C_ECC_ONOFF_RESET_VALUE bound to: 1 - type: integer 
	Parameter C_CE_COUNTER_WIDTH bound to: 0 - type: integer 
	Parameter C_WRITE_ACCESS bound to: 2 - type: integer 
	Parameter C_BRAM_AWIDTH bound to: 32 - type: integer 
	Parameter C_S_AXI_CTRL_ADDR_WIDTH bound to: 32 - type: integer 
	Parameter C_S_AXI_CTRL_DATA_WIDTH bound to: 32 - type: integer 
INFO: [Synth 8-3491] module 'lmb_bram_if_cntlr' declared at 'd:/jh_workspace/0629_axi_spi_uart_timer_gpio/0629_axi_spi_uart_timer_gpio.gen/sources_1/bd/axi_system/ipshared/0b98/hdl/lmb_bram_if_cntlr_v4_0_vh_rfs.vhd:3134' bound to instance 'U0' of component 'lmb_bram_if_cntlr' [d:/jh_workspace/0629_axi_spi_uart_timer_gpio/0629_axi_spi_uart_timer_gpio.gen/sources_1/bd/axi_system/ip/axi_system_dlmb_bram_if_cntlr_0/synth/axi_system_dlmb_bram_if_cntlr_0.vhd:226]
INFO: [Synth 8-638] synthesizing module 'lmb_bram_if_cntlr' [d:/jh_workspace/0629_axi_spi_uart_timer_gpio/0629_axi_spi_uart_timer_gpio.gen/sources_1/bd/axi_system/ipshared/0b98/hdl/lmb_bram_if_cntlr_v4_0_vh_rfs.vhd:3259]
	Parameter C_FAMILY bound to: artix7 - type: string 
	Parameter C_HIGHADDR bound to: 64'b0000000000000000000000000000000000000000000000000001111111111111 
	Parameter C_BASEADDR bound to: 64'b0000000000000000000000000000000000000000000000000000000000000000 
	Parameter C_MASK bound to: 64'b0000000000000000000000000000000000000000001000000000000000000000 
	Parameter C_MASK1 bound to: 64'b0000000000000000000000000000000000000000100000000000000000000000 
	Parameter C_MASK2 bound to: 64'b0000000000000000000000000000000000000000100000000000000000000000 
	Parameter C_MASK3 bound to: 64'b0000000000000000000000000000000000000000100000000000000000000000 
	Parameter C_LMB_AWIDTH bound to: 32 - type: integer 
	Parameter C_LMB_DWIDTH bound to: 32 - type: integer 
	Parameter C_ECC bound to: 0 - type: integer 
	Parameter C_INTERCONNECT bound to: 0 - type: integer 
	Parameter C_FAULT_INJECT bound to: 0 - type: integer 
	Parameter C_CE_FAILING_REGISTERS bound to: 0 - type: integer 
	Parameter C_UE_FAILING_REGISTERS bound to: 0 - type: integer 
	Parameter C_ECC_STATUS_REGISTERS bound to: 0 - type: integer 
	Parameter C_ECC_ONOFF_REGISTER bound to: 0 - type: integer 
	Parameter C_ECC_ONOFF_RESET_VALUE bound to: 1 - type: integer 
	Parameter C_CE_COUNTER_WIDTH bound to: 0 - type: integer 
	Parameter C_WRITE_ACCESS bound to: 2 - type: integer 
	Parameter C_NUM_LMB bound to: 1 - type: integer 
	Parameter C_LMB_PROTOCOL bound to: 0 - type: integer 
	Parameter C_BRAM_AWIDTH bound to: 32 - type: integer 
	Parameter C_S_AXI_CTRL_BASEADDR bound to: 32'b11111111111111111111111111111111 
	Parameter C_S_AXI_CTRL_HIGHADDR bound to: 32'b00000000000000000000000000000000 
	Parameter C_S_AXI_CTRL_ADDR_WIDTH bound to: 32 - type: integer 
	Parameter C_S_AXI_CTRL_DATA_WIDTH bound to: 32 - type: integer 
	Parameter C_TARGET bound to: 2 - type: integer 
	Parameter C_BASEADDR bound to: 64'b0000000000000000000000000000000000000000000000000000000000000000 
	Parameter C_MASK bound to: 64'b0000000000000000000000000000000000000000001000000000000000000000 
	Parameter C_MASK1 bound to: 64'b0000000000000000000000000000000000000000100000000000000000000000 
	Parameter C_MASK2 bound to: 64'b0000000000000000000000000000000000000000100000000000000000000000 
	Parameter C_MASK3 bound to: 64'b0000000000000000000000000000000000000000100000000000000000000000 
	Parameter C_LMB_AWIDTH bound to: 32 - type: integer 
	Parameter C_LMB_DWIDTH bound to: 32 - type: integer 
	Parameter C_ECC bound to: 0 - type: integer 
	Parameter C_NUM_LMB bound to: 1 - type: integer 
	Parameter C_LMB_PROTOCOL bound to: 0 - type: integer 
INFO: [Synth 8-3491] module 'lmb_mux' declared at 'd:/jh_workspace/0629_axi_spi_uart_timer_gpio/0629_axi_spi_uart_timer_gpio.gen/sources_1/bd/axi_system/ipshared/0b98/hdl/lmb_bram_if_cntlr_v4_0_vh_rfs.vhd:2527' bound to instance 'lmb_mux_I' of component 'lmb_mux' [d:/jh_workspace/0629_axi_spi_uart_timer_gpio/0629_axi_spi_uart_timer_gpio.gen/sources_1/bd/axi_system/ipshared/0b98/hdl/lmb_bram_if_cntlr_v4_0_vh_rfs.vhd:3511]
INFO: [Synth 8-638] synthesizing module 'lmb_mux' [d:/jh_workspace/0629_axi_spi_uart_timer_gpio/0629_axi_spi_uart_timer_gpio.gen/sources_1/bd/axi_system/ipshared/0b98/hdl/lmb_bram_if_cntlr_v4_0_vh_rfs.vhd:2614]
	Parameter C_TARGET bound to: 2 - type: integer 
	Parameter C_BASEADDR bound to: 64'b0000000000000000000000000000000000000000000000000000000000000000 
	Parameter C_MASK bound to: 64'b0000000000000000000000000000000000000000001000000000000000000000 
	Parameter C_MASK1 bound to: 64'b0000000000000000000000000000000000000000100000000000000000000000 
	Parameter C_MASK2 bound to: 64'b0000000000000000000000000000000000000000100000000000000000000000 
	Parameter C_MASK3 bound to: 64'b0000000000000000000000000000000000000000100000000000000000000000 
	Parameter C_LMB_AWIDTH bound to: 32 - type: integer 
	Parameter C_LMB_DWIDTH bound to: 32 - type: integer 
	Parameter C_ECC bound to: 0 - type: integer 
	Parameter C_NUM_LMB bound to: 1 - type: integer 
	Parameter C_LMB_PROTOCOL bound to: 0 - type: integer 
	Parameter C_AW bound to: 32 - type: integer 
	Parameter C_BAR bound to: 64'b0000000000000000000000000000000000000000000000000000000000000000 
	Parameter C_MASK bound to: 64'b0000000000000000000000000000000000000000001000000000000000000000 
INFO: [Synth 8-3491] module 'pselect_mask' declared at 'd:/jh_workspace/0629_axi_spi_uart_timer_gpio/0629_axi_spi_uart_timer_gpio.gen/sources_1/bd/axi_system/ipshared/0b98/hdl/lmb_bram_if_cntlr_v4_0_vh_rfs.vhd:2110' bound to instance 'pselect_mask_lmb' of component 'pselect_mask' [d:/jh_workspace/0629_axi_spi_uart_timer_gpio/0629_axi_spi_uart_timer_gpio.gen/sources_1/bd/axi_system/ipshared/0b98/hdl/lmb_bram_if_cntlr_v4_0_vh_rfs.vhd:2681]
INFO: [Synth 8-638] synthesizing module 'pselect_mask' [d:/jh_workspace/0629_axi_spi_uart_timer_gpio/0629_axi_spi_uart_timer_gpio.gen/sources_1/bd/axi_system/ipshared/0b98/hdl/lmb_bram_if_cntlr_v4_0_vh_rfs.vhd:2125]
	Parameter C_AW bound to: 32 - type: integer 
	Parameter C_BAR bound to: 64'b0000000000000000000000000000000000000000000000000000000000000000 
	Parameter C_MASK bound to: 64'b0000000000000000000000000000000000000000001000000000000000000000 
INFO: [Synth 8-256] done synthesizing module 'pselect_mask' (106#1) [d:/jh_workspace/0629_axi_spi_uart_timer_gpio/0629_axi_spi_uart_timer_gpio.gen/sources_1/bd/axi_system/ipshared/0b98/hdl/lmb_bram_if_cntlr_v4_0_vh_rfs.vhd:2125]
INFO: [Synth 8-256] done synthesizing module 'lmb_mux' (107#1) [d:/jh_workspace/0629_axi_spi_uart_timer_gpio/0629_axi_spi_uart_timer_gpio.gen/sources_1/bd/axi_system/ipshared/0b98/hdl/lmb_bram_if_cntlr_v4_0_vh_rfs.vhd:2614]
INFO: [Synth 8-256] done synthesizing module 'lmb_bram_if_cntlr' (108#1) [d:/jh_workspace/0629_axi_spi_uart_timer_gpio/0629_axi_spi_uart_timer_gpio.gen/sources_1/bd/axi_system/ipshared/0b98/hdl/lmb_bram_if_cntlr_v4_0_vh_rfs.vhd:3259]
INFO: [Synth 8-256] done synthesizing module 'axi_system_dlmb_bram_if_cntlr_0' (109#1) [d:/jh_workspace/0629_axi_spi_uart_timer_gpio/0629_axi_spi_uart_timer_gpio.gen/sources_1/bd/axi_system/ip/axi_system_dlmb_bram_if_cntlr_0/synth/axi_system_dlmb_bram_if_cntlr_0.vhd:84]
INFO: [Synth 8-638] synthesizing module 'axi_system_dlmb_v10_0' [d:/jh_workspace/0629_axi_spi_uart_timer_gpio/0629_axi_spi_uart_timer_gpio.gen/sources_1/bd/axi_system/ip/axi_system_dlmb_v10_0/synth/axi_system_dlmb_v10_0.vhd:89]
	Parameter C_LMB_NUM_SLAVES bound to: 1 - type: integer 
	Parameter C_LMB_DWIDTH bound to: 32 - type: integer 
	Parameter C_LMB_AWIDTH bound to: 32 - type: integer 
	Parameter C_LMB_PROTOCOL bound to: 0 - type: integer 
	Parameter C_EXT_RESET_HIGH bound to: 1 - type: integer 
INFO: [Synth 8-3491] module 'lmb_v10' declared at 'd:/jh_workspace/0629_axi_spi_uart_timer_gpio/0629_axi_spi_uart_timer_gpio.gen/sources_1/bd/axi_system/ipshared/c2ed/hdl/lmb_v10_v3_0_vh_rfs.vhd:92' bound to instance 'U0' of component 'lmb_v10' [d:/jh_workspace/0629_axi_spi_uart_timer_gpio/0629_axi_spi_uart_timer_gpio.gen/sources_1/bd/axi_system/ip/axi_system_dlmb_v10_0/synth/axi_system_dlmb_v10_0.vhd:165]
INFO: [Synth 8-638] synthesizing module 'lmb_v10' [d:/jh_workspace/0629_axi_spi_uart_timer_gpio/0629_axi_spi_uart_timer_gpio.gen/sources_1/bd/axi_system/ipshared/c2ed/hdl/lmb_v10_v3_0_vh_rfs.vhd:141]
	Parameter C_LMB_NUM_SLAVES bound to: 1 - type: integer 
	Parameter C_LMB_DWIDTH bound to: 32 - type: integer 
	Parameter C_LMB_AWIDTH bound to: 32 - type: integer 
	Parameter C_LMB_PROTOCOL bound to: 0 - type: integer 
	Parameter C_EXT_RESET_HIGH bound to: 1 - type: integer 
INFO: [Synth 8-3491] module 'FDS' declared at 'C:/Xilinx/Vivado/2020.2/scripts/rt/data/unisim_comp.v:13847' bound to instance 'POR_FF_I' of component 'FDS' [d:/jh_workspace/0629_axi_spi_uart_timer_gpio/0629_axi_spi_uart_timer_gpio.gen/sources_1/bd/axi_system/ipshared/c2ed/hdl/lmb_v10_v3_0_vh_rfs.vhd:171]
INFO: [Synth 8-6157] synthesizing module 'FDS' [C:/Xilinx/Vivado/2020.2/scripts/rt/data/unisim_comp.v:13847]
	Parameter INIT bound to: 1'b1 
INFO: [Synth 8-6155] done synthesizing module 'FDS' (110#1) [C:/Xilinx/Vivado/2020.2/scripts/rt/data/unisim_comp.v:13847]
INFO: [Synth 8-256] done synthesizing module 'lmb_v10' (111#1) [d:/jh_workspace/0629_axi_spi_uart_timer_gpio/0629_axi_spi_uart_timer_gpio.gen/sources_1/bd/axi_system/ipshared/c2ed/hdl/lmb_v10_v3_0_vh_rfs.vhd:141]
INFO: [Synth 8-256] done synthesizing module 'axi_system_dlmb_v10_0' (112#1) [d:/jh_workspace/0629_axi_spi_uart_timer_gpio/0629_axi_spi_uart_timer_gpio.gen/sources_1/bd/axi_system/ip/axi_system_dlmb_v10_0/synth/axi_system_dlmb_v10_0.vhd:89]
WARNING: [Synth 8-7071] port 'LMB_Rst' of module 'axi_system_dlmb_v10_0' is unconnected for instance 'dlmb_v10' [d:/jh_workspace/0629_axi_spi_uart_timer_gpio/0629_axi_spi_uart_timer_gpio.gen/sources_1/bd/axi_system/synth/axi_system.v:3738]
WARNING: [Synth 8-7023] instance 'dlmb_v10' of module 'axi_system_dlmb_v10_0' has 25 connections declared, but only 24 given [d:/jh_workspace/0629_axi_spi_uart_timer_gpio/0629_axi_spi_uart_timer_gpio.gen/sources_1/bd/axi_system/synth/axi_system.v:3738]
INFO: [Synth 8-638] synthesizing module 'axi_system_ilmb_bram_if_cntlr_0' [d:/jh_workspace/0629_axi_spi_uart_timer_gpio/0629_axi_spi_uart_timer_gpio.gen/sources_1/bd/axi_system/ip/axi_system_ilmb_bram_if_cntlr_0/synth/axi_system_ilmb_bram_if_cntlr_0.vhd:84]
	Parameter C_FAMILY bound to: artix7 - type: string 
	Parameter C_HIGHADDR bound to: 64'b0000000000000000000000000000000000000000000000000001111111111111 
	Parameter C_BASEADDR bound to: 64'b0000000000000000000000000000000000000000000000000000000000000000 
	Parameter C_NUM_LMB bound to: 1 - type: integer 
	Parameter C_MASK bound to: 64'b0000000000000000000000000000000000000000000000000000000000000000 
	Parameter C_MASK1 bound to: 64'b0000000000000000000000000000000000000000100000000000000000000000 
	Parameter C_MASK2 bound to: 64'b0000000000000000000000000000000000000000100000000000000000000000 
	Parameter C_MASK3 bound to: 64'b0000000000000000000000000000000000000000100000000000000000000000 
	Parameter C_LMB_AWIDTH bound to: 32 - type: integer 
	Parameter C_LMB_DWIDTH bound to: 32 - type: integer 
	Parameter C_LMB_PROTOCOL bound to: 0 - type: integer 
	Parameter C_ECC bound to: 0 - type: integer 
	Parameter C_INTERCONNECT bound to: 0 - type: integer 
	Parameter C_FAULT_INJECT bound to: 0 - type: integer 
	Parameter C_CE_FAILING_REGISTERS bound to: 0 - type: integer 
	Parameter C_UE_FAILING_REGISTERS bound to: 0 - type: integer 
	Parameter C_ECC_STATUS_REGISTERS bound to: 0 - type: integer 
	Parameter C_ECC_ONOFF_REGISTER bound to: 0 - type: integer 
	Parameter C_ECC_ONOFF_RESET_VALUE bound to: 1 - type: integer 
	Parameter C_CE_COUNTER_WIDTH bound to: 0 - type: integer 
	Parameter C_WRITE_ACCESS bound to: 2 - type: integer 
	Parameter C_BRAM_AWIDTH bound to: 32 - type: integer 
	Parameter C_S_AXI_CTRL_ADDR_WIDTH bound to: 32 - type: integer 
	Parameter C_S_AXI_CTRL_DATA_WIDTH bound to: 32 - type: integer 
INFO: [Synth 8-3491] module 'lmb_bram_if_cntlr' declared at 'd:/jh_workspace/0629_axi_spi_uart_timer_gpio/0629_axi_spi_uart_timer_gpio.gen/sources_1/bd/axi_system/ipshared/0b98/hdl/lmb_bram_if_cntlr_v4_0_vh_rfs.vhd:3134' bound to instance 'U0' of component 'lmb_bram_if_cntlr' [d:/jh_workspace/0629_axi_spi_uart_timer_gpio/0629_axi_spi_uart_timer_gpio.gen/sources_1/bd/axi_system/ip/axi_system_ilmb_bram_if_cntlr_0/synth/axi_system_ilmb_bram_if_cntlr_0.vhd:226]
INFO: [Synth 8-638] synthesizing module 'lmb_bram_if_cntlr__parameterized1' [d:/jh_workspace/0629_axi_spi_uart_timer_gpio/0629_axi_spi_uart_timer_gpio.gen/sources_1/bd/axi_system/ipshared/0b98/hdl/lmb_bram_if_cntlr_v4_0_vh_rfs.vhd:3259]
	Parameter C_FAMILY bound to: artix7 - type: string 
	Parameter C_HIGHADDR bound to: 64'b0000000000000000000000000000000000000000000000000001111111111111 
	Parameter C_BASEADDR bound to: 64'b0000000000000000000000000000000000000000000000000000000000000000 
	Parameter C_MASK bound to: 64'b0000000000000000000000000000000000000000000000000000000000000000 
	Parameter C_MASK1 bound to: 64'b0000000000000000000000000000000000000000100000000000000000000000 
	Parameter C_MASK2 bound to: 64'b0000000000000000000000000000000000000000100000000000000000000000 
	Parameter C_MASK3 bound to: 64'b0000000000000000000000000000000000000000100000000000000000000000 
	Parameter C_LMB_AWIDTH bound to: 32 - type: integer 
	Parameter C_LMB_DWIDTH bound to: 32 - type: integer 
	Parameter C_ECC bound to: 0 - type: integer 
	Parameter C_INTERCONNECT bound to: 0 - type: integer 
	Parameter C_FAULT_INJECT bound to: 0 - type: integer 
	Parameter C_CE_FAILING_REGISTERS bound to: 0 - type: integer 
	Parameter C_UE_FAILING_REGISTERS bound to: 0 - type: integer 
	Parameter C_ECC_STATUS_REGISTERS bound to: 0 - type: integer 
	Parameter C_ECC_ONOFF_REGISTER bound to: 0 - type: integer 
	Parameter C_ECC_ONOFF_RESET_VALUE bound to: 1 - type: integer 
	Parameter C_CE_COUNTER_WIDTH bound to: 0 - type: integer 
	Parameter C_WRITE_ACCESS bound to: 2 - type: integer 
	Parameter C_NUM_LMB bound to: 1 - type: integer 
	Parameter C_LMB_PROTOCOL bound to: 0 - type: integer 
	Parameter C_BRAM_AWIDTH bound to: 32 - type: integer 
	Parameter C_S_AXI_CTRL_BASEADDR bound to: 32'b11111111111111111111111111111111 
	Parameter C_S_AXI_CTRL_HIGHADDR bound to: 32'b00000000000000000000000000000000 
	Parameter C_S_AXI_CTRL_ADDR_WIDTH bound to: 32 - type: integer 
	Parameter C_S_AXI_CTRL_DATA_WIDTH bound to: 32 - type: integer 
	Parameter C_TARGET bound to: 2 - type: integer 
	Parameter C_BASEADDR bound to: 64'b0000000000000000000000000000000000000000000000000000000000000000 
	Parameter C_MASK bound to: 64'b0000000000000000000000000000000000000000000000000000000000000000 
	Parameter C_MASK1 bound to: 64'b0000000000000000000000000000000000000000100000000000000000000000 
	Parameter C_MASK2 bound to: 64'b0000000000000000000000000000000000000000100000000000000000000000 
	Parameter C_MASK3 bound to: 64'b0000000000000000000000000000000000000000100000000000000000000000 
	Parameter C_LMB_AWIDTH bound to: 32 - type: integer 
	Parameter C_LMB_DWIDTH bound to: 32 - type: integer 
	Parameter C_ECC bound to: 0 - type: integer 
	Parameter C_NUM_LMB bound to: 1 - type: integer 
	Parameter C_LMB_PROTOCOL bound to: 0 - type: integer 
INFO: [Synth 8-3491] module 'lmb_mux' declared at 'd:/jh_workspace/0629_axi_spi_uart_timer_gpio/0629_axi_spi_uart_timer_gpio.gen/sources_1/bd/axi_system/ipshared/0b98/hdl/lmb_bram_if_cntlr_v4_0_vh_rfs.vhd:2527' bound to instance 'lmb_mux_I' of component 'lmb_mux' [d:/jh_workspace/0629_axi_spi_uart_timer_gpio/0629_axi_spi_uart_timer_gpio.gen/sources_1/bd/axi_system/ipshared/0b98/hdl/lmb_bram_if_cntlr_v4_0_vh_rfs.vhd:3511]
INFO: [Synth 8-638] synthesizing module 'lmb_mux__parameterized1' [d:/jh_workspace/0629_axi_spi_uart_timer_gpio/0629_axi_spi_uart_timer_gpio.gen/sources_1/bd/axi_system/ipshared/0b98/hdl/lmb_bram_if_cntlr_v4_0_vh_rfs.vhd:2614]
	Parameter C_TARGET bound to: 2 - type: integer 
	Parameter C_BASEADDR bound to: 64'b0000000000000000000000000000000000000000000000000000000000000000 
	Parameter C_MASK bound to: 64'b0000000000000000000000000000000000000000000000000000000000000000 
	Parameter C_MASK1 bound to: 64'b0000000000000000000000000000000000000000100000000000000000000000 
	Parameter C_MASK2 bound to: 64'b0000000000000000000000000000000000000000100000000000000000000000 
	Parameter C_MASK3 bound to: 64'b0000000000000000000000000000000000000000100000000000000000000000 
	Parameter C_LMB_AWIDTH bound to: 32 - type: integer 
	Parameter C_LMB_DWIDTH bound to: 32 - type: integer 
	Parameter C_ECC bound to: 0 - type: integer 
	Parameter C_NUM_LMB bound to: 1 - type: integer 
	Parameter C_LMB_PROTOCOL bound to: 0 - type: integer 
	Parameter C_AW bound to: 32 - type: integer 
	Parameter C_BAR bound to: 64'b0000000000000000000000000000000000000000000000000000000000000000 
	Parameter C_MASK bound to: 64'b0000000000000000000000000000000000000000000000000000000000000000 
INFO: [Synth 8-3491] module 'pselect_mask' declared at 'd:/jh_workspace/0629_axi_spi_uart_timer_gpio/0629_axi_spi_uart_timer_gpio.gen/sources_1/bd/axi_system/ipshared/0b98/hdl/lmb_bram_if_cntlr_v4_0_vh_rfs.vhd:2110' bound to instance 'pselect_mask_lmb' of component 'pselect_mask' [d:/jh_workspace/0629_axi_spi_uart_timer_gpio/0629_axi_spi_uart_timer_gpio.gen/sources_1/bd/axi_system/ipshared/0b98/hdl/lmb_bram_if_cntlr_v4_0_vh_rfs.vhd:2681]
INFO: [Synth 8-638] synthesizing module 'pselect_mask__parameterized1' [d:/jh_workspace/0629_axi_spi_uart_timer_gpio/0629_axi_spi_uart_timer_gpio.gen/sources_1/bd/axi_system/ipshared/0b98/hdl/lmb_bram_if_cntlr_v4_0_vh_rfs.vhd:2125]
	Parameter C_AW bound to: 32 - type: integer 
	Parameter C_BAR bound to: 64'b0000000000000000000000000000000000000000000000000000000000000000 
	Parameter C_MASK bound to: 64'b0000000000000000000000000000000000000000000000000000000000000000 
INFO: [Synth 8-256] done synthesizing module 'pselect_mask__parameterized1' (112#1) [d:/jh_workspace/0629_axi_spi_uart_timer_gpio/0629_axi_spi_uart_timer_gpio.gen/sources_1/bd/axi_system/ipshared/0b98/hdl/lmb_bram_if_cntlr_v4_0_vh_rfs.vhd:2125]
INFO: [Synth 8-256] done synthesizing module 'lmb_mux__parameterized1' (112#1) [d:/jh_workspace/0629_axi_spi_uart_timer_gpio/0629_axi_spi_uart_timer_gpio.gen/sources_1/bd/axi_system/ipshared/0b98/hdl/lmb_bram_if_cntlr_v4_0_vh_rfs.vhd:2614]
INFO: [Synth 8-256] done synthesizing module 'lmb_bram_if_cntlr__parameterized1' (112#1) [d:/jh_workspace/0629_axi_spi_uart_timer_gpio/0629_axi_spi_uart_timer_gpio.gen/sources_1/bd/axi_system/ipshared/0b98/hdl/lmb_bram_if_cntlr_v4_0_vh_rfs.vhd:3259]
INFO: [Synth 8-256] done synthesizing module 'axi_system_ilmb_bram_if_cntlr_0' (113#1) [d:/jh_workspace/0629_axi_spi_uart_timer_gpio/0629_axi_spi_uart_timer_gpio.gen/sources_1/bd/axi_system/ip/axi_system_ilmb_bram_if_cntlr_0/synth/axi_system_ilmb_bram_if_cntlr_0.vhd:84]
INFO: [Synth 8-638] synthesizing module 'axi_system_ilmb_v10_0' [d:/jh_workspace/0629_axi_spi_uart_timer_gpio/0629_axi_spi_uart_timer_gpio.gen/sources_1/bd/axi_system/ip/axi_system_ilmb_v10_0/synth/axi_system_ilmb_v10_0.vhd:89]
	Parameter C_LMB_NUM_SLAVES bound to: 1 - type: integer 
	Parameter C_LMB_DWIDTH bound to: 32 - type: integer 
	Parameter C_LMB_AWIDTH bound to: 32 - type: integer 
	Parameter C_LMB_PROTOCOL bound to: 0 - type: integer 
	Parameter C_EXT_RESET_HIGH bound to: 1 - type: integer 
INFO: [Synth 8-3491] module 'lmb_v10' declared at 'd:/jh_workspace/0629_axi_spi_uart_timer_gpio/0629_axi_spi_uart_timer_gpio.gen/sources_1/bd/axi_system/ipshared/c2ed/hdl/lmb_v10_v3_0_vh_rfs.vhd:92' bound to instance 'U0' of component 'lmb_v10' [d:/jh_workspace/0629_axi_spi_uart_timer_gpio/0629_axi_spi_uart_timer_gpio.gen/sources_1/bd/axi_system/ip/axi_system_ilmb_v10_0/synth/axi_system_ilmb_v10_0.vhd:165]
INFO: [Synth 8-256] done synthesizing module 'axi_system_ilmb_v10_0' (114#1) [d:/jh_workspace/0629_axi_spi_uart_timer_gpio/0629_axi_spi_uart_timer_gpio.gen/sources_1/bd/axi_system/ip/axi_system_ilmb_v10_0/synth/axi_system_ilmb_v10_0.vhd:89]
WARNING: [Synth 8-7071] port 'LMB_Rst' of module 'axi_system_ilmb_v10_0' is unconnected for instance 'ilmb_v10' [d:/jh_workspace/0629_axi_spi_uart_timer_gpio/0629_axi_spi_uart_timer_gpio.gen/sources_1/bd/axi_system/synth/axi_system.v:3784]
WARNING: [Synth 8-7023] instance 'ilmb_v10' of module 'axi_system_ilmb_v10_0' has 25 connections declared, but only 24 given [d:/jh_workspace/0629_axi_spi_uart_timer_gpio/0629_axi_spi_uart_timer_gpio.gen/sources_1/bd/axi_system/synth/axi_system.v:3784]
INFO: [Synth 8-638] synthesizing module 'axi_system_lmb_bram_0' [d:/jh_workspace/0629_axi_spi_uart_timer_gpio/0629_axi_spi_uart_timer_gpio.gen/sources_1/bd/axi_system/ip/axi_system_lmb_bram_0/synth/axi_system_lmb_bram_0.vhd:80]
	Parameter C_FAMILY bound to: artix7 - type: string 
	Parameter C_XDEVICEFAMILY bound to: artix7 - type: string 
	Parameter C_ELABORATION_DIR bound to: ./ - type: string 
	Parameter C_INTERFACE_TYPE bound to: 0 - type: integer 
	Parameter C_AXI_TYPE bound to: 1 - type: integer 
	Parameter C_AXI_SLAVE_TYPE bound to: 0 - type: integer 
	Parameter C_USE_BRAM_BLOCK bound to: 1 - type: integer 
	Parameter C_ENABLE_32BIT_ADDRESS bound to: 1 - type: integer 
	Parameter C_CTRL_ECC_ALGO bound to: NONE - type: string 
	Parameter C_HAS_AXI_ID bound to: 0 - type: integer 
	Parameter C_AXI_ID_WIDTH bound to: 4 - type: integer 
	Parameter C_MEM_TYPE bound to: 2 - type: integer 
	Parameter C_BYTE_SIZE bound to: 8 - type: integer 
	Parameter C_ALGORITHM bound to: 1 - type: integer 
	Parameter C_PRIM_TYPE bound to: 1 - type: integer 
	Parameter C_LOAD_INIT_FILE bound to: 0 - type: integer 
	Parameter C_INIT_FILE_NAME bound to: no_coe_file_loaded - type: string 
	Parameter C_INIT_FILE bound to: axi_system_lmb_bram_0.mem - type: string 
	Parameter C_USE_DEFAULT_DATA bound to: 0 - type: integer 
	Parameter C_DEFAULT_DATA bound to: 0 - type: string 
	Parameter C_HAS_RSTA bound to: 1 - type: integer 
	Parameter C_RST_PRIORITY_A bound to: CE - type: string 
	Parameter C_RSTRAM_A bound to: 0 - type: integer 
	Parameter C_INITA_VAL bound to: 0 - type: string 
	Parameter C_HAS_ENA bound to: 1 - type: integer 
	Parameter C_HAS_REGCEA bound to: 0 - type: integer 
	Parameter C_USE_BYTE_WEA bound to: 1 - type: integer 
	Parameter C_WEA_WIDTH bound to: 4 - type: integer 
	Parameter C_WRITE_MODE_A bound to: WRITE_FIRST - type: string 
	Parameter C_WRITE_WIDTH_A bound to: 32 - type: integer 
	Parameter C_READ_WIDTH_A bound to: 32 - type: integer 
	Parameter C_WRITE_DEPTH_A bound to: 2048 - type: integer 
	Parameter C_READ_DEPTH_A bound to: 2048 - type: integer 
	Parameter C_ADDRA_WIDTH bound to: 32 - type: integer 
	Parameter C_HAS_RSTB bound to: 1 - type: integer 
	Parameter C_RST_PRIORITY_B bound to: CE - type: string 
	Parameter C_RSTRAM_B bound to: 0 - type: integer 
	Parameter C_INITB_VAL bound to: 0 - type: string 
	Parameter C_HAS_ENB bound to: 1 - type: integer 
	Parameter C_HAS_REGCEB bound to: 0 - type: integer 
	Parameter C_USE_BYTE_WEB bound to: 1 - type: integer 
	Parameter C_WEB_WIDTH bound to: 4 - type: integer 
	Parameter C_WRITE_MODE_B bound to: WRITE_FIRST - type: string 
	Parameter C_WRITE_WIDTH_B bound to: 32 - type: integer 
	Parameter C_READ_WIDTH_B bound to: 32 - type: integer 
	Parameter C_WRITE_DEPTH_B bound to: 2048 - type: integer 
	Parameter C_READ_DEPTH_B bound to: 2048 - type: integer 
	Parameter C_ADDRB_WIDTH bound to: 32 - type: integer 
	Parameter C_HAS_MEM_OUTPUT_REGS_A bound to: 0 - type: integer 
	Parameter C_HAS_MEM_OUTPUT_REGS_B bound to: 0 - type: integer 
	Parameter C_HAS_MUX_OUTPUT_REGS_A bound to: 0 - type: integer 
	Parameter C_HAS_MUX_OUTPUT_REGS_B bound to: 0 - type: integer 
	Parameter C_MUX_PIPELINE_STAGES bound to: 0 - type: integer 
	Parameter C_HAS_SOFTECC_INPUT_REGS_A bound to: 0 - type: integer 
	Parameter C_HAS_SOFTECC_OUTPUT_REGS_B bound to: 0 - type: integer 
	Parameter C_USE_SOFTECC bound to: 0 - type: integer 
	Parameter C_USE_ECC bound to: 0 - type: integer 
	Parameter C_EN_ECC_PIPE bound to: 0 - type: integer 
	Parameter C_READ_LATENCY_A bound to: 1 - type: integer 
	Parameter C_READ_LATENCY_B bound to: 1 - type: integer 
	Parameter C_HAS_INJECTERR bound to: 0 - type: integer 
	Parameter C_SIM_COLLISION_CHECK bound to: ALL - type: string 
	Parameter C_COMMON_CLK bound to: 0 - type: integer 
	Parameter C_DISABLE_WARN_BHV_COLL bound to: 0 - type: integer 
	Parameter C_EN_SLEEP_PIN bound to: 0 - type: integer 
	Parameter C_USE_URAM bound to: 0 - type: integer 
	Parameter C_EN_RDADDRA_CHG bound to: 0 - type: integer 
	Parameter C_EN_RDADDRB_CHG bound to: 0 - type: integer 
	Parameter C_EN_DEEPSLEEP_PIN bound to: 0 - type: integer 
	Parameter C_EN_SHUTDOWN_PIN bound to: 0 - type: integer 
	Parameter C_EN_SAFETY_CKT bound to: 1 - type: integer 
	Parameter C_DISABLE_WARN_BHV_RANGE bound to: 0 - type: integer 
	Parameter C_COUNT_36K_BRAM bound to: 2 - type: string 
	Parameter C_COUNT_18K_BRAM bound to: 0 - type: string 
	Parameter C_EST_POWER_SUMMARY bound to: Estimated Power for IP     :     10.7492 mW - type: string 
INFO: [Synth 8-3491] module 'blk_mem_gen_v8_4_4' declared at 'd:/jh_workspace/0629_axi_spi_uart_timer_gpio/0629_axi_spi_uart_timer_gpio.gen/sources_1/bd/axi_system/ipshared/2985/hdl/blk_mem_gen_v8_4_vhsyn_rfs.vhd:195321' bound to instance 'U0' of component 'blk_mem_gen_v8_4_4' [d:/jh_workspace/0629_axi_spi_uart_timer_gpio/0629_axi_spi_uart_timer_gpio.gen/sources_1/bd/axi_system/ip/axi_system_lmb_bram_0/synth/axi_system_lmb_bram_0.vhd:255]
INFO: [Synth 8-256] done synthesizing module 'axi_system_lmb_bram_0' (123#1) [d:/jh_workspace/0629_axi_spi_uart_timer_gpio/0629_axi_spi_uart_timer_gpio.gen/sources_1/bd/axi_system/ip/axi_system_lmb_bram_0/synth/axi_system_lmb_bram_0.vhd:80]
WARNING: [Synth 8-7071] port 'rsta_busy' of module 'axi_system_lmb_bram_0' is unconnected for instance 'lmb_bram' [d:/jh_workspace/0629_axi_spi_uart_timer_gpio/0629_axi_spi_uart_timer_gpio.gen/sources_1/bd/axi_system/synth/axi_system.v:3809]
WARNING: [Synth 8-7071] port 'rstb_busy' of module 'axi_system_lmb_bram_0' is unconnected for instance 'lmb_bram' [d:/jh_workspace/0629_axi_spi_uart_timer_gpio/0629_axi_spi_uart_timer_gpio.gen/sources_1/bd/axi_system/synth/axi_system.v:3809]
WARNING: [Synth 8-7023] instance 'lmb_bram' of module 'axi_system_lmb_bram_0' has 16 connections declared, but only 14 given [d:/jh_workspace/0629_axi_spi_uart_timer_gpio/0629_axi_spi_uart_timer_gpio.gen/sources_1/bd/axi_system/synth/axi_system.v:3809]
INFO: [Synth 8-6155] done synthesizing module 'microblaze_0_local_memory_imp_5HL16A' (124#1) [d:/jh_workspace/0629_axi_spi_uart_timer_gpio/0629_axi_spi_uart_timer_gpio.gen/sources_1/bd/axi_system/synth/axi_system.v:3592]
INFO: [Synth 8-638] synthesizing module 'axi_system_rst_clk_wiz_1_100M_0' [d:/jh_workspace/0629_axi_spi_uart_timer_gpio/0629_axi_spi_uart_timer_gpio.gen/sources_1/bd/axi_system/ip/axi_system_rst_clk_wiz_1_100M_0/synth/axi_system_rst_clk_wiz_1_100M_0.vhd:74]
	Parameter C_FAMILY bound to: artix7 - type: string 
	Parameter C_EXT_RST_WIDTH bound to: 4 - type: integer 
	Parameter C_AUX_RST_WIDTH bound to: 4 - type: integer 
	Parameter C_EXT_RESET_HIGH bound to: 1'b1 
	Parameter C_AUX_RESET_HIGH bound to: 1'b0 
	Parameter C_NUM_BUS_RST bound to: 1 - type: integer 
	Parameter C_NUM_PERP_RST bound to: 1 - type: integer 
	Parameter C_NUM_INTERCONNECT_ARESETN bound to: 1 - type: integer 
	Parameter C_NUM_PERP_ARESETN bound to: 1 - type: integer 
INFO: [Synth 8-3491] module 'proc_sys_reset' declared at 'd:/jh_workspace/0629_axi_spi_uart_timer_gpio/0629_axi_spi_uart_timer_gpio.gen/sources_1/bd/axi_system/ipshared/8842/hdl/proc_sys_reset_v5_0_vh_rfs.vhd:1264' bound to instance 'U0' of component 'proc_sys_reset' [d:/jh_workspace/0629_axi_spi_uart_timer_gpio/0629_axi_spi_uart_timer_gpio.gen/sources_1/bd/axi_system/ip/axi_system_rst_clk_wiz_1_100M_0/synth/axi_system_rst_clk_wiz_1_100M_0.vhd:129]
INFO: [Synth 8-638] synthesizing module 'proc_sys_reset' [d:/jh_workspace/0629_axi_spi_uart_timer_gpio/0629_axi_spi_uart_timer_gpio.gen/sources_1/bd/axi_system/ipshared/8842/hdl/proc_sys_reset_v5_0_vh_rfs.vhd:1323]
	Parameter C_FAMILY bound to: artix7 - type: string 
	Parameter C_EXT_RST_WIDTH bound to: 4 - type: integer 
	Parameter C_AUX_RST_WIDTH bound to: 4 - type: integer 
	Parameter C_EXT_RESET_HIGH bound to: 1'b1 
	Parameter C_AUX_RESET_HIGH bound to: 1'b0 
	Parameter C_NUM_BUS_RST bound to: 1 - type: integer 
	Parameter C_NUM_PERP_RST bound to: 1 - type: integer 
	Parameter C_NUM_INTERCONNECT_ARESETN bound to: 1 - type: integer 
	Parameter C_NUM_PERP_ARESETN bound to: 1 - type: integer 
	Parameter INIT bound to: 1'b1 
	Parameter IS_C_INVERTED bound to: 1'b0 
	Parameter IS_D_INVERTED bound to: 1'b0 
	Parameter IS_R_INVERTED bound to: 1'b0 
INFO: [Synth 8-113] binding component instance 'FDRE_inst' to cell 'FDRE' [d:/jh_workspace/0629_axi_spi_uart_timer_gpio/0629_axi_spi_uart_timer_gpio.gen/sources_1/bd/axi_system/ipshared/8842/hdl/proc_sys_reset_v5_0_vh_rfs.vhd:1392]
	Parameter INIT bound to: 1'b1 
	Parameter IS_C_INVERTED bound to: 1'b0 
	Parameter IS_D_INVERTED bound to: 1'b0 
	Parameter IS_R_INVERTED bound to: 1'b0 
INFO: [Synth 8-113] binding component instance 'FDRE_BSR' to cell 'FDRE' [d:/jh_workspace/0629_axi_spi_uart_timer_gpio/0629_axi_spi_uart_timer_gpio.gen/sources_1/bd/axi_system/ipshared/8842/hdl/proc_sys_reset_v5_0_vh_rfs.vhd:1408]
	Parameter INIT bound to: 1'b0 
	Parameter IS_C_INVERTED bound to: 1'b0 
	Parameter IS_D_INVERTED bound to: 1'b0 
	Parameter IS_R_INVERTED bound to: 1'b0 
INFO: [Synth 8-113] binding component instance 'FDRE_BSR_N' to cell 'FDRE' [d:/jh_workspace/0629_axi_spi_uart_timer_gpio/0629_axi_spi_uart_timer_gpio.gen/sources_1/bd/axi_system/ipshared/8842/hdl/proc_sys_reset_v5_0_vh_rfs.vhd:1434]
	Parameter INIT bound to: 1'b1 
	Parameter IS_C_INVERTED bound to: 1'b0 
	Parameter IS_D_INVERTED bound to: 1'b0 
	Parameter IS_R_INVERTED bound to: 1'b0 
INFO: [Synth 8-113] binding component instance 'FDRE_PER' to cell 'FDRE' [d:/jh_workspace/0629_axi_spi_uart_timer_gpio/0629_axi_spi_uart_timer_gpio.gen/sources_1/bd/axi_system/ipshared/8842/hdl/proc_sys_reset_v5_0_vh_rfs.vhd:1457]
	Parameter INIT bound to: 1'b0 
	Parameter IS_C_INVERTED bound to: 1'b0 
	Parameter IS_D_INVERTED bound to: 1'b0 
	Parameter IS_R_INVERTED bound to: 1'b0 
INFO: [Synth 8-113] binding component instance 'FDRE_PER_N' to cell 'FDRE' [d:/jh_workspace/0629_axi_spi_uart_timer_gpio/0629_axi_spi_uart_timer_gpio.gen/sources_1/bd/axi_system/ipshared/8842/hdl/proc_sys_reset_v5_0_vh_rfs.vhd:1481]
INFO: [Synth 8-638] synthesizing module 'lpf' [d:/jh_workspace/0629_axi_spi_uart_timer_gpio/0629_axi_spi_uart_timer_gpio.gen/sources_1/bd/axi_system/ipshared/8842/hdl/proc_sys_reset_v5_0_vh_rfs.vhd:816]
	Parameter C_EXT_RST_WIDTH bound to: 4 - type: integer 
	Parameter C_AUX_RST_WIDTH bound to: 4 - type: integer 
	Parameter C_EXT_RESET_HIGH bound to: 1'b1 
	Parameter C_AUX_RESET_HIGH bound to: 1'b0 
INFO: [Synth 8-3491] module 'SRL16' declared at 'C:/Xilinx/Vivado/2020.2/scripts/rt/data/unisim_comp.v:78018' bound to instance 'POR_SRL_I' of component 'SRL16' [d:/jh_workspace/0629_axi_spi_uart_timer_gpio/0629_axi_spi_uart_timer_gpio.gen/sources_1/bd/axi_system/ipshared/8842/hdl/proc_sys_reset_v5_0_vh_rfs.vhd:868]
INFO: [Synth 8-6157] synthesizing module 'SRL16' [C:/Xilinx/Vivado/2020.2/scripts/rt/data/unisim_comp.v:78018]
	Parameter INIT bound to: 16'b0000000000000000 
INFO: [Synth 8-6155] done synthesizing module 'SRL16' (125#1) [C:/Xilinx/Vivado/2020.2/scripts/rt/data/unisim_comp.v:78018]
INFO: [Synth 8-638] synthesizing module 'cdc_sync' [d:/jh_workspace/0629_axi_spi_uart_timer_gpio/0629_axi_spi_uart_timer_gpio.gen/sources_1/bd/axi_system/ipshared/ef1e/hdl/lib_cdc_v1_0_rfs.vhd:106]
	Parameter C_CDC_TYPE bound to: 1 - type: integer 
	Parameter C_RESET_STATE bound to: 0 - type: integer 
	Parameter C_SINGLE_BIT bound to: 1 - type: integer 
	Parameter C_FLOP_INPUT bound to: 0 - type: integer 
	Parameter C_VECTOR_WIDTH bound to: 2 - type: integer 
	Parameter C_MTBF_STAGES bound to: 4 - type: integer 
	Parameter INIT bound to: 1'b0 
INFO: [Synth 8-113] binding component instance 'CROSS_PLEVEL_IN2SCNDRY_IN_cdc_to' to cell 'FDR' [d:/jh_workspace/0629_axi_spi_uart_timer_gpio/0629_axi_spi_uart_timer_gpio.gen/sources_1/bd/axi_system/ipshared/ef1e/hdl/lib_cdc_v1_0_rfs.vhd:514]
	Parameter INIT bound to: 1'b0 
INFO: [Synth 8-113] binding component instance 'CROSS_PLEVEL_IN2SCNDRY_s_level_out_d2' to cell 'FDR' [d:/jh_workspace/0629_axi_spi_uart_timer_gpio/0629_axi_spi_uart_timer_gpio.gen/sources_1/bd/axi_system/ipshared/ef1e/hdl/lib_cdc_v1_0_rfs.vhd:545]
	Parameter INIT bound to: 1'b0 
INFO: [Synth 8-113] binding component instance 'CROSS_PLEVEL_IN2SCNDRY_s_level_out_d3' to cell 'FDR' [d:/jh_workspace/0629_axi_spi_uart_timer_gpio/0629_axi_spi_uart_timer_gpio.gen/sources_1/bd/axi_system/ipshared/ef1e/hdl/lib_cdc_v1_0_rfs.vhd:554]
	Parameter INIT bound to: 1'b0 
INFO: [Synth 8-113] binding component instance 'CROSS_PLEVEL_IN2SCNDRY_s_level_out_d4' to cell 'FDR' [d:/jh_workspace/0629_axi_spi_uart_timer_gpio/0629_axi_spi_uart_timer_gpio.gen/sources_1/bd/axi_system/ipshared/ef1e/hdl/lib_cdc_v1_0_rfs.vhd:564]
	Parameter INIT bound to: 1'b0 
INFO: [Synth 8-113] binding component instance 'CROSS_PLEVEL_IN2SCNDRY_s_level_out_d5' to cell 'FDR' [d:/jh_workspace/0629_axi_spi_uart_timer_gpio/0629_axi_spi_uart_timer_gpio.gen/sources_1/bd/axi_system/ipshared/ef1e/hdl/lib_cdc_v1_0_rfs.vhd:574]
	Parameter INIT bound to: 1'b0 
INFO: [Synth 8-113] binding component instance 'CROSS_PLEVEL_IN2SCNDRY_s_level_out_d6' to cell 'FDR' [d:/jh_workspace/0629_axi_spi_uart_timer_gpio/0629_axi_spi_uart_timer_gpio.gen/sources_1/bd/axi_system/ipshared/ef1e/hdl/lib_cdc_v1_0_rfs.vhd:584]
INFO: [Synth 8-256] done synthesizing module 'cdc_sync' (126#1) [d:/jh_workspace/0629_axi_spi_uart_timer_gpio/0629_axi_spi_uart_timer_gpio.gen/sources_1/bd/axi_system/ipshared/ef1e/hdl/lib_cdc_v1_0_rfs.vhd:106]
INFO: [Synth 8-256] done synthesizing module 'lpf' (127#1) [d:/jh_workspace/0629_axi_spi_uart_timer_gpio/0629_axi_spi_uart_timer_gpio.gen/sources_1/bd/axi_system/ipshared/8842/hdl/proc_sys_reset_v5_0_vh_rfs.vhd:816]
INFO: [Synth 8-638] synthesizing module 'sequence_psr' [d:/jh_workspace/0629_axi_spi_uart_timer_gpio/0629_axi_spi_uart_timer_gpio.gen/sources_1/bd/axi_system/ipshared/8842/hdl/proc_sys_reset_v5_0_vh_rfs.vhd:301]
INFO: [Synth 8-638] synthesizing module 'upcnt_n' [d:/jh_workspace/0629_axi_spi_uart_timer_gpio/0629_axi_spi_uart_timer_gpio.gen/sources_1/bd/axi_system/ipshared/8842/hdl/proc_sys_reset_v5_0_vh_rfs.vhd:125]
	Parameter C_SIZE bound to: 6 - type: integer 
INFO: [Synth 8-256] done synthesizing module 'upcnt_n' (128#1) [d:/jh_workspace/0629_axi_spi_uart_timer_gpio/0629_axi_spi_uart_timer_gpio.gen/sources_1/bd/axi_system/ipshared/8842/hdl/proc_sys_reset_v5_0_vh_rfs.vhd:125]
INFO: [Synth 8-256] done synthesizing module 'sequence_psr' (129#1) [d:/jh_workspace/0629_axi_spi_uart_timer_gpio/0629_axi_spi_uart_timer_gpio.gen/sources_1/bd/axi_system/ipshared/8842/hdl/proc_sys_reset_v5_0_vh_rfs.vhd:301]
INFO: [Synth 8-256] done synthesizing module 'proc_sys_reset' (130#1) [d:/jh_workspace/0629_axi_spi_uart_timer_gpio/0629_axi_spi_uart_timer_gpio.gen/sources_1/bd/axi_system/ipshared/8842/hdl/proc_sys_reset_v5_0_vh_rfs.vhd:1323]
INFO: [Synth 8-256] done synthesizing module 'axi_system_rst_clk_wiz_1_100M_0' (131#1) [d:/jh_workspace/0629_axi_spi_uart_timer_gpio/0629_axi_spi_uart_timer_gpio.gen/sources_1/bd/axi_system/ip/axi_system_rst_clk_wiz_1_100M_0/synth/axi_system_rst_clk_wiz_1_100M_0.vhd:74]
WARNING: [Synth 8-7071] port 'peripheral_reset' of module 'axi_system_rst_clk_wiz_1_100M_0' is unconnected for instance 'rst_clk_wiz_1_100M' [d:/jh_workspace/0629_axi_spi_uart_timer_gpio/0629_axi_spi_uart_timer_gpio.gen/sources_1/bd/axi_system/synth/axi_system.v:737]
WARNING: [Synth 8-7071] port 'interconnect_aresetn' of module 'axi_system_rst_clk_wiz_1_100M_0' is unconnected for instance 'rst_clk_wiz_1_100M' [d:/jh_workspace/0629_axi_spi_uart_timer_gpio/0629_axi_spi_uart_timer_gpio.gen/sources_1/bd/axi_system/synth/axi_system.v:737]
WARNING: [Synth 8-7023] instance 'rst_clk_wiz_1_100M' of module 'axi_system_rst_clk_wiz_1_100M_0' has 10 connections declared, but only 8 given [d:/jh_workspace/0629_axi_spi_uart_timer_gpio/0629_axi_spi_uart_timer_gpio.gen/sources_1/bd/axi_system/synth/axi_system.v:737]
INFO: [Synth 8-6157] synthesizing module 'axi_system_spi_axi_0_0' [d:/jh_workspace/0629_axi_spi_uart_timer_gpio/0629_axi_spi_uart_timer_gpio.gen/sources_1/bd/axi_system/ip/axi_system_spi_axi_0_0/synth/axi_system_spi_axi_0_0.v:57]
INFO: [Synth 8-6157] synthesizing module 'spi_axi_v1_0' [d:/jh_workspace/0629_axi_spi_uart_timer_gpio/0629_axi_spi_uart_timer_gpio.gen/sources_1/bd/axi_system/ipshared/7604/hdl/spi_axi_v1_0.v:3]
	Parameter C_S00_AXI_DATA_WIDTH bound to: 32 - type: integer 
	Parameter C_S00_AXI_ADDR_WIDTH bound to: 5 - type: integer 
INFO: [Synth 8-6157] synthesizing module 'spi_axi_v1_0_S00_AXI' [d:/jh_workspace/0629_axi_spi_uart_timer_gpio/0629_axi_spi_uart_timer_gpio.gen/sources_1/bd/axi_system/ipshared/7604/hdl/spi_axi_v1_0_S00_AXI.v:3]
	Parameter C_S_AXI_DATA_WIDTH bound to: 32 - type: integer 
	Parameter C_S_AXI_ADDR_WIDTH bound to: 5 - type: integer 
	Parameter ADDR_LSB bound to: 2 - type: integer 
	Parameter OPT_MEM_ADDR_BITS bound to: 2 - type: integer 
INFO: [Synth 8-226] default block is never used [d:/jh_workspace/0629_axi_spi_uart_timer_gpio/0629_axi_spi_uart_timer_gpio.gen/sources_1/bd/axi_system/ipshared/7604/hdl/spi_axi_v1_0_S00_AXI.v:316]
INFO: [Synth 8-6155] done synthesizing module 'spi_axi_v1_0_S00_AXI' (132#1) [d:/jh_workspace/0629_axi_spi_uart_timer_gpio/0629_axi_spi_uart_timer_gpio.gen/sources_1/bd/axi_system/ipshared/7604/hdl/spi_axi_v1_0_S00_AXI.v:3]
INFO: [Synth 8-6157] synthesizing module 'spi_master' [d:/jh_workspace/0629_axi_spi_uart_timer_gpio/0629_axi_spi_uart_timer_gpio.gen/sources_1/bd/axi_system/ipshared/7604/src/spi_master.sv:3]
INFO: [Synth 8-6155] done synthesizing module 'spi_master' (133#1) [d:/jh_workspace/0629_axi_spi_uart_timer_gpio/0629_axi_spi_uart_timer_gpio.gen/sources_1/bd/axi_system/ipshared/7604/src/spi_master.sv:3]
INFO: [Synth 8-6157] synthesizing module 'spi_slave' [d:/jh_workspace/0629_axi_spi_uart_timer_gpio/0629_axi_spi_uart_timer_gpio.gen/sources_1/bd/axi_system/ipshared/7604/hdl/spi_slave.sv:3]
INFO: [Synth 8-6155] done synthesizing module 'spi_slave' (134#1) [d:/jh_workspace/0629_axi_spi_uart_timer_gpio/0629_axi_spi_uart_timer_gpio.gen/sources_1/bd/axi_system/ipshared/7604/hdl/spi_slave.sv:3]
INFO: [Synth 8-6155] done synthesizing module 'spi_axi_v1_0' (135#1) [d:/jh_workspace/0629_axi_spi_uart_timer_gpio/0629_axi_spi_uart_timer_gpio.gen/sources_1/bd/axi_system/ipshared/7604/hdl/spi_axi_v1_0.v:3]
INFO: [Synth 8-6155] done synthesizing module 'axi_system_spi_axi_0_0' (136#1) [d:/jh_workspace/0629_axi_spi_uart_timer_gpio/0629_axi_spi_uart_timer_gpio.gen/sources_1/bd/axi_system/ip/axi_system_spi_axi_0_0/synth/axi_system_spi_axi_0_0.v:57]
INFO: [Synth 8-6157] synthesizing module 'axi_system_timer_two_0_0' [d:/jh_workspace/0629_axi_spi_uart_timer_gpio/0629_axi_spi_uart_timer_gpio.gen/sources_1/bd/axi_system/ip/axi_system_timer_two_0_0/synth/axi_system_timer_two_0_0.v:57]
INFO: [Synth 8-6157] synthesizing module 'timer_two_v1_0' [d:/jh_workspace/0629_axi_spi_uart_timer_gpio/0629_axi_spi_uart_timer_gpio.gen/sources_1/bd/axi_system/ipshared/0a22/hdl/timer_two_v1_0.v:3]
	Parameter C_S00_AXI_DATA_WIDTH bound to: 32 - type: integer 
	Parameter C_S00_AXI_ADDR_WIDTH bound to: 4 - type: integer 
INFO: [Synth 8-6157] synthesizing module 'timer_two_v1_0_S00_AXI' [d:/jh_workspace/0629_axi_spi_uart_timer_gpio/0629_axi_spi_uart_timer_gpio.gen/sources_1/bd/axi_system/ipshared/0a22/hdl/timer_two_v1_0_S00_AXI.v:4]
	Parameter C_S_AXI_DATA_WIDTH bound to: 32 - type: integer 
	Parameter C_S_AXI_ADDR_WIDTH bound to: 4 - type: integer 
	Parameter ADDR_LSB bound to: 2 - type: integer 
	Parameter OPT_MEM_ADDR_BITS bound to: 1 - type: integer 
INFO: [Synth 8-226] default block is never used [d:/jh_workspace/0629_axi_spi_uart_timer_gpio/0629_axi_spi_uart_timer_gpio.gen/sources_1/bd/axi_system/ipshared/0a22/hdl/timer_two_v1_0_S00_AXI.v:241]
INFO: [Synth 8-226] default block is never used [d:/jh_workspace/0629_axi_spi_uart_timer_gpio/0629_axi_spi_uart_timer_gpio.gen/sources_1/bd/axi_system/ipshared/0a22/hdl/timer_two_v1_0_S00_AXI.v:384]
INFO: [Synth 8-6155] done synthesizing module 'timer_two_v1_0_S00_AXI' (137#1) [d:/jh_workspace/0629_axi_spi_uart_timer_gpio/0629_axi_spi_uart_timer_gpio.gen/sources_1/bd/axi_system/ipshared/0a22/hdl/timer_two_v1_0_S00_AXI.v:4]
INFO: [Synth 8-6157] synthesizing module 'timer_counter' [d:/jh_workspace/0629_axi_spi_uart_timer_gpio/0629_axi_spi_uart_timer_gpio.gen/sources_1/bd/axi_system/ipshared/0a22/hdl/timer_counter.v:3]
INFO: [Synth 8-6155] done synthesizing module 'timer_counter' (138#1) [d:/jh_workspace/0629_axi_spi_uart_timer_gpio/0629_axi_spi_uart_timer_gpio.gen/sources_1/bd/axi_system/ipshared/0a22/hdl/timer_counter.v:3]
INFO: [Synth 8-6155] done synthesizing module 'timer_two_v1_0' (139#1) [d:/jh_workspace/0629_axi_spi_uart_timer_gpio/0629_axi_spi_uart_timer_gpio.gen/sources_1/bd/axi_system/ipshared/0a22/hdl/timer_two_v1_0.v:3]
INFO: [Synth 8-6155] done synthesizing module 'axi_system_timer_two_0_0' (140#1) [d:/jh_workspace/0629_axi_spi_uart_timer_gpio/0629_axi_spi_uart_timer_gpio.gen/sources_1/bd/axi_system/ip/axi_system_timer_two_0_0/synth/axi_system_timer_two_0_0.v:57]
INFO: [Synth 8-6157] synthesizing module 'axi_system_uart_two_0_0' [d:/jh_workspace/0629_axi_spi_uart_timer_gpio/0629_axi_spi_uart_timer_gpio.gen/sources_1/bd/axi_system/ip/axi_system_uart_two_0_0/synth/axi_system_uart_two_0_0.v:57]
INFO: [Synth 8-6157] synthesizing module 'uart_two_v1_0' [d:/jh_workspace/0629_axi_spi_uart_timer_gpio/0629_axi_spi_uart_timer_gpio.gen/sources_1/bd/axi_system/ipshared/99c1/hdl/uart_two_v1_0.v:4]
	Parameter C_S00_AXI_DATA_WIDTH bound to: 32 - type: integer 
	Parameter C_S00_AXI_ADDR_WIDTH bound to: 4 - type: integer 
INFO: [Synth 8-6157] synthesizing module 'uart_two_v1_0_S00_AXI' [d:/jh_workspace/0629_axi_spi_uart_timer_gpio/0629_axi_spi_uart_timer_gpio.gen/sources_1/bd/axi_system/ipshared/99c1/hdl/uart_two_v1_0_S00_AXI.v:4]
	Parameter C_S_AXI_DATA_WIDTH bound to: 32 - type: integer 
	Parameter C_S_AXI_ADDR_WIDTH bound to: 4 - type: integer 
	Parameter ADDR_LSB bound to: 2 - type: integer 
	Parameter OPT_MEM_ADDR_BITS bound to: 1 - type: integer 
INFO: [Synth 8-226] default block is never used [d:/jh_workspace/0629_axi_spi_uart_timer_gpio/0629_axi_spi_uart_timer_gpio.gen/sources_1/bd/axi_system/ipshared/99c1/hdl/uart_two_v1_0_S00_AXI.v:394]
INFO: [Synth 8-6155] done synthesizing module 'uart_two_v1_0_S00_AXI' (141#1) [d:/jh_workspace/0629_axi_spi_uart_timer_gpio/0629_axi_spi_uart_timer_gpio.gen/sources_1/bd/axi_system/ipshared/99c1/hdl/uart_two_v1_0_S00_AXI.v:4]
INFO: [Synth 8-6157] synthesizing module 'uart_top' [d:/jh_workspace/0629_axi_spi_uart_timer_gpio/0629_axi_spi_uart_timer_gpio.gen/sources_1/bd/axi_system/ipshared/99c1/hdl/uart_two_v1_0.v:139]
	Parameter CLK_FREQ bound to: 100000000 - type: integer 
	Parameter BAUD_RATE bound to: 115200 - type: integer 
INFO: [Synth 8-6157] synthesizing module 'uart_tx' [d:/jh_workspace/0629_axi_spi_uart_timer_gpio/0629_axi_spi_uart_timer_gpio.gen/sources_1/bd/axi_system/ipshared/99c1/hdl/uart_two_v1_0.v:291]
	Parameter CLK_FREQ bound to: 100000000 - type: integer 
	Parameter BAUD_RATE bound to: 115200 - type: integer 
	Parameter CLKS_PER_BIT bound to: 868 - type: integer 
	Parameter S_IDLE bound to: 2'b00 
	Parameter S_START bound to: 2'b01 
	Parameter S_DATA bound to: 2'b10 
	Parameter S_STOP bound to: 2'b11 
INFO: [Synth 8-226] default block is never used [d:/jh_workspace/0629_axi_spi_uart_timer_gpio/0629_axi_spi_uart_timer_gpio.gen/sources_1/bd/axi_system/ipshared/99c1/hdl/uart_two_v1_0.v:326]
INFO: [Synth 8-6155] done synthesizing module 'uart_tx' (142#1) [d:/jh_workspace/0629_axi_spi_uart_timer_gpio/0629_axi_spi_uart_timer_gpio.gen/sources_1/bd/axi_system/ipshared/99c1/hdl/uart_two_v1_0.v:291]
INFO: [Synth 8-6157] synthesizing module 'uart_rx' [d:/jh_workspace/0629_axi_spi_uart_timer_gpio/0629_axi_spi_uart_timer_gpio.gen/sources_1/bd/axi_system/ipshared/99c1/hdl/uart_two_v1_0.v:185]
	Parameter CLK_FREQ bound to: 100000000 - type: integer 
	Parameter BAUD_RATE bound to: 115200 - type: integer 
	Parameter CLKS_PER_BIT bound to: 868 - type: integer 
	Parameter HALF_BIT bound to: 434 - type: integer 
	Parameter S_IDLE bound to: 2'b00 
	Parameter S_START bound to: 2'b01 
	Parameter S_DATA bound to: 2'b10 
	Parameter S_STOP bound to: 2'b11 
INFO: [Synth 8-226] default block is never used [d:/jh_workspace/0629_axi_spi_uart_timer_gpio/0629_axi_spi_uart_timer_gpio.gen/sources_1/bd/axi_system/ipshared/99c1/hdl/uart_two_v1_0.v:233]
INFO: [Synth 8-6155] done synthesizing module 'uart_rx' (143#1) [d:/jh_workspace/0629_axi_spi_uart_timer_gpio/0629_axi_spi_uart_timer_gpio.gen/sources_1/bd/axi_system/ipshared/99c1/hdl/uart_two_v1_0.v:185]
INFO: [Synth 8-6155] done synthesizing module 'uart_top' (144#1) [d:/jh_workspace/0629_axi_spi_uart_timer_gpio/0629_axi_spi_uart_timer_gpio.gen/sources_1/bd/axi_system/ipshared/99c1/hdl/uart_two_v1_0.v:139]
INFO: [Synth 8-6155] done synthesizing module 'uart_two_v1_0' (145#1) [d:/jh_workspace/0629_axi_spi_uart_timer_gpio/0629_axi_spi_uart_timer_gpio.gen/sources_1/bd/axi_system/ipshared/99c1/hdl/uart_two_v1_0.v:4]
INFO: [Synth 8-6155] done synthesizing module 'axi_system_uart_two_0_0' (146#1) [d:/jh_workspace/0629_axi_spi_uart_timer_gpio/0629_axi_spi_uart_timer_gpio.gen/sources_1/bd/axi_system/ip/axi_system_uart_two_0_0/synth/axi_system_uart_two_0_0.v:57]
INFO: [Synth 8-6157] synthesizing module 'axi_system_xlconcat_0_0' [d:/jh_workspace/0629_axi_spi_uart_timer_gpio/0629_axi_spi_uart_timer_gpio.gen/sources_1/bd/axi_system/ip/axi_system_xlconcat_0_0/synth/axi_system_xlconcat_0_0.v:60]
INFO: [Synth 8-6157] synthesizing module 'xlconcat_v2_1_4_xlconcat' [d:/jh_workspace/0629_axi_spi_uart_timer_gpio/0629_axi_spi_uart_timer_gpio.gen/sources_1/bd/axi_system/ipshared/4b67/hdl/xlconcat_v2_1_vl_rfs.v:14]
	Parameter IN0_WIDTH bound to: 1 - type: integer 
	Parameter IN1_WIDTH bound to: 1 - type: integer 
	Parameter IN2_WIDTH bound to: 1 - type: integer 
	Parameter IN3_WIDTH bound to: 1 - type: integer 
	Parameter IN4_WIDTH bound to: 1 - type: integer 
	Parameter IN5_WIDTH bound to: 1 - type: integer 
	Parameter IN6_WIDTH bound to: 1 - type: integer 
	Parameter IN7_WIDTH bound to: 1 - type: integer 
	Parameter IN8_WIDTH bound to: 1 - type: integer 
	Parameter IN9_WIDTH bound to: 1 - type: integer 
	Parameter IN10_WIDTH bound to: 1 - type: integer 
	Parameter IN11_WIDTH bound to: 1 - type: integer 
	Parameter IN12_WIDTH bound to: 1 - type: integer 
	Parameter IN13_WIDTH bound to: 1 - type: integer 
	Parameter IN14_WIDTH bound to: 1 - type: integer 
	Parameter IN15_WIDTH bound to: 1 - type: integer 
	Parameter IN16_WIDTH bound to: 1 - type: integer 
	Parameter IN17_WIDTH bound to: 1 - type: integer 
	Parameter IN18_WIDTH bound to: 1 - type: integer 
	Parameter IN19_WIDTH bound to: 1 - type: integer 
	Parameter IN20_WIDTH bound to: 1 - type: integer 
	Parameter IN21_WIDTH bound to: 1 - type: integer 
	Parameter IN22_WIDTH bound to: 1 - type: integer 
	Parameter IN23_WIDTH bound to: 1 - type: integer 
	Parameter IN24_WIDTH bound to: 1 - type: integer 
	Parameter IN25_WIDTH bound to: 1 - type: integer 
	Parameter IN26_WIDTH bound to: 1 - type: integer 
	Parameter IN27_WIDTH bound to: 1 - type: integer 
	Parameter IN28_WIDTH bound to: 1 - type: integer 
	Parameter IN29_WIDTH bound to: 1 - type: integer 
	Parameter IN30_WIDTH bound to: 1 - type: integer 
	Parameter IN31_WIDTH bound to: 1 - type: integer 
	Parameter IN32_WIDTH bound to: 1 - type: integer 
	Parameter IN33_WIDTH bound to: 1 - type: integer 
	Parameter IN34_WIDTH bound to: 1 - type: integer 
	Parameter IN35_WIDTH bound to: 1 - type: integer 
	Parameter IN36_WIDTH bound to: 1 - type: integer 
	Parameter IN37_WIDTH bound to: 1 - type: integer 
	Parameter IN38_WIDTH bound to: 1 - type: integer 
	Parameter IN39_WIDTH bound to: 1 - type: integer 
	Parameter IN40_WIDTH bound to: 1 - type: integer 
	Parameter IN41_WIDTH bound to: 1 - type: integer 
	Parameter IN42_WIDTH bound to: 1 - type: integer 
	Parameter IN43_WIDTH bound to: 1 - type: integer 
	Parameter IN44_WIDTH bound to: 1 - type: integer 
	Parameter IN45_WIDTH bound to: 1 - type: integer 
	Parameter IN46_WIDTH bound to: 1 - type: integer 
	Parameter IN47_WIDTH bound to: 1 - type: integer 
	Parameter IN48_WIDTH bound to: 1 - type: integer 
	Parameter IN49_WIDTH bound to: 1 - type: integer 
	Parameter IN50_WIDTH bound to: 1 - type: integer 
	Parameter IN51_WIDTH bound to: 1 - type: integer 
	Parameter IN52_WIDTH bound to: 1 - type: integer 
	Parameter IN53_WIDTH bound to: 1 - type: integer 
	Parameter IN54_WIDTH bound to: 1 - type: integer 
	Parameter IN55_WIDTH bound to: 1 - type: integer 
	Parameter IN56_WIDTH bound to: 1 - type: integer 
	Parameter IN57_WIDTH bound to: 1 - type: integer 
	Parameter IN58_WIDTH bound to: 1 - type: integer 
	Parameter IN59_WIDTH bound to: 1 - type: integer 
	Parameter IN60_WIDTH bound to: 1 - type: integer 
	Parameter IN61_WIDTH bound to: 1 - type: integer 
	Parameter IN62_WIDTH bound to: 1 - type: integer 
	Parameter IN63_WIDTH bound to: 1 - type: integer 
	Parameter IN64_WIDTH bound to: 1 - type: integer 
	Parameter IN65_WIDTH bound to: 1 - type: integer 
	Parameter IN66_WIDTH bound to: 1 - type: integer 
	Parameter IN67_WIDTH bound to: 1 - type: integer 
	Parameter IN68_WIDTH bound to: 1 - type: integer 
	Parameter IN69_WIDTH bound to: 1 - type: integer 
	Parameter IN70_WIDTH bound to: 1 - type: integer 
	Parameter IN71_WIDTH bound to: 1 - type: integer 
	Parameter IN72_WIDTH bound to: 1 - type: integer 
	Parameter IN73_WIDTH bound to: 1 - type: integer 
	Parameter IN74_WIDTH bound to: 1 - type: integer 
	Parameter IN75_WIDTH bound to: 1 - type: integer 
	Parameter IN76_WIDTH bound to: 1 - type: integer 
	Parameter IN77_WIDTH bound to: 1 - type: integer 
	Parameter IN78_WIDTH bound to: 1 - type: integer 
	Parameter IN79_WIDTH bound to: 1 - type: integer 
	Parameter IN80_WIDTH bound to: 1 - type: integer 
	Parameter IN81_WIDTH bound to: 1 - type: integer 
	Parameter IN82_WIDTH bound to: 1 - type: integer 
	Parameter IN83_WIDTH bound to: 1 - type: integer 
	Parameter IN84_WIDTH bound to: 1 - type: integer 
	Parameter IN85_WIDTH bound to: 1 - type: integer 
	Parameter IN86_WIDTH bound to: 1 - type: integer 
	Parameter IN87_WIDTH bound to: 1 - type: integer 
	Parameter IN88_WIDTH bound to: 1 - type: integer 
	Parameter IN89_WIDTH bound to: 1 - type: integer 
	Parameter IN90_WIDTH bound to: 1 - type: integer 
	Parameter IN91_WIDTH bound to: 1 - type: integer 
	Parameter IN92_WIDTH bound to: 1 - type: integer 
	Parameter IN93_WIDTH bound to: 1 - type: integer 
	Parameter IN94_WIDTH bound to: 1 - type: integer 
	Parameter IN95_WIDTH bound to: 1 - type: integer 
	Parameter IN96_WIDTH bound to: 1 - type: integer 
	Parameter IN97_WIDTH bound to: 1 - type: integer 
	Parameter IN98_WIDTH bound to: 1 - type: integer 
	Parameter IN99_WIDTH bound to: 1 - type: integer 
	Parameter IN100_WIDTH bound to: 1 - type: integer 
	Parameter IN101_WIDTH bound to: 1 - type: integer 
	Parameter IN102_WIDTH bound to: 1 - type: integer 
	Parameter IN103_WIDTH bound to: 1 - type: integer 
	Parameter IN104_WIDTH bound to: 1 - type: integer 
	Parameter IN105_WIDTH bound to: 1 - type: integer 
	Parameter IN106_WIDTH bound to: 1 - type: integer 
	Parameter IN107_WIDTH bound to: 1 - type: integer 
	Parameter IN108_WIDTH bound to: 1 - type: integer 
	Parameter IN109_WIDTH bound to: 1 - type: integer 
	Parameter IN110_WIDTH bound to: 1 - type: integer 
	Parameter IN111_WIDTH bound to: 1 - type: integer 
	Parameter IN112_WIDTH bound to: 1 - type: integer 
	Parameter IN113_WIDTH bound to: 1 - type: integer 
	Parameter IN114_WIDTH bound to: 1 - type: integer 
	Parameter IN115_WIDTH bound to: 1 - type: integer 
	Parameter IN116_WIDTH bound to: 1 - type: integer 
	Parameter IN117_WIDTH bound to: 1 - type: integer 
	Parameter IN118_WIDTH bound to: 1 - type: integer 
	Parameter IN119_WIDTH bound to: 1 - type: integer 
	Parameter IN120_WIDTH bound to: 1 - type: integer 
	Parameter IN121_WIDTH bound to: 1 - type: integer 
	Parameter IN122_WIDTH bound to: 1 - type: integer 
	Parameter IN123_WIDTH bound to: 1 - type: integer 
	Parameter IN124_WIDTH bound to: 1 - type: integer 
	Parameter IN125_WIDTH bound to: 1 - type: integer 
	Parameter IN126_WIDTH bound to: 1 - type: integer 
	Parameter IN127_WIDTH bound to: 1 - type: integer 
	Parameter dout_width bound to: 3 - type: integer 
	Parameter NUM_PORTS bound to: 3 - type: integer 
INFO: [Synth 8-6155] done synthesizing module 'xlconcat_v2_1_4_xlconcat' (147#1) [d:/jh_workspace/0629_axi_spi_uart_timer_gpio/0629_axi_spi_uart_timer_gpio.gen/sources_1/bd/axi_system/ipshared/4b67/hdl/xlconcat_v2_1_vl_rfs.v:14]
INFO: [Synth 8-6155] done synthesizing module 'axi_system_xlconcat_0_0' (148#1) [d:/jh_workspace/0629_axi_spi_uart_timer_gpio/0629_axi_spi_uart_timer_gpio.gen/sources_1/bd/axi_system/ip/axi_system_xlconcat_0_0/synth/axi_system_xlconcat_0_0.v:60]
INFO: [Synth 8-6155] done synthesizing module 'axi_system' (149#1) [d:/jh_workspace/0629_axi_spi_uart_timer_gpio/0629_axi_spi_uart_timer_gpio.gen/sources_1/bd/axi_system/synth/axi_system.v:13]
INFO: [Synth 8-6155] done synthesizing module 'axi_system_wrapper' (150#1) [d:/jh_workspace/0629_axi_spi_uart_timer_gpio/0629_axi_spi_uart_timer_gpio.gen/sources_1/bd/axi_system/hdl/axi_system_wrapper.v:12]
---------------------------------------------------------------------------------
Finished RTL Elaboration : Time (s): cpu = 00:00:22 ; elapsed = 00:00:26 . Memory (MB): peak = 1494.082 ; gain = 386.832
---------------------------------------------------------------------------------
---------------------------------------------------------------------------------
Start Handling Custom Attributes
---------------------------------------------------------------------------------
---------------------------------------------------------------------------------
Finished Handling Custom Attributes : Time (s): cpu = 00:00:23 ; elapsed = 00:00:27 . Memory (MB): peak = 1494.082 ; gain = 386.832
---------------------------------------------------------------------------------
---------------------------------------------------------------------------------
Finished RTL Optimization Phase 1 : Time (s): cpu = 00:00:23 ; elapsed = 00:00:27 . Memory (MB): peak = 1494.082 ; gain = 386.832
---------------------------------------------------------------------------------
Netlist sorting complete. Time (s): cpu = 00:00:00 ; elapsed = 00:00:00.277 . Memory (MB): peak = 1494.082 ; gain = 0.000
INFO: [Netlist 29-17] Analyzing 599 Unisim elements for replacement
INFO: [Netlist 29-28] Unisim Transformation completed in 0 CPU seconds
INFO: [Project 1-570] Preparing netlist for logic optimization

Processing XDC Constraints
Initializing timing engine
Parsing XDC File [d:/jh_workspace/0629_axi_spi_uart_timer_gpio/0629_axi_spi_uart_timer_gpio.gen/sources_1/bd/axi_system/ip/axi_system_microblaze_0_0/axi_system_microblaze_0_0.xdc] for cell 'axi_system_i/microblaze_0/U0'
Finished Parsing XDC File [d:/jh_workspace/0629_axi_spi_uart_timer_gpio/0629_axi_spi_uart_timer_gpio.gen/sources_1/bd/axi_system/ip/axi_system_microblaze_0_0/axi_system_microblaze_0_0.xdc] for cell 'axi_system_i/microblaze_0/U0'
INFO: [Project 1-236] Implementation specific constraints were found while reading constraint file [d:/jh_workspace/0629_axi_spi_uart_timer_gpio/0629_axi_spi_uart_timer_gpio.gen/sources_1/bd/axi_system/ip/axi_system_microblaze_0_0/axi_system_microblaze_0_0.xdc]. These constraints will be ignored for synthesis but will be used in implementation. Impacted constraints are listed in the file [.Xil/axi_system_wrapper_propImpl.xdc].
Resolution: To avoid this warning, move constraints listed in [.Xil/axi_system_wrapper_propImpl.xdc] to another XDC file and exclude this new file from synthesis with the used_in_synthesis property (File Properties dialog in GUI) and re-run elaboration/synthesis.
Parsing XDC File [d:/jh_workspace/0629_axi_spi_uart_timer_gpio/0629_axi_spi_uart_timer_gpio.gen/sources_1/bd/axi_system/ip/axi_system_axi_intc_0_0/axi_system_axi_intc_0_0.xdc] for cell 'axi_system_i/axi_intc_0/U0'
Finished Parsing XDC File [d:/jh_workspace/0629_axi_spi_uart_timer_gpio/0629_axi_spi_uart_timer_gpio.gen/sources_1/bd/axi_system/ip/axi_system_axi_intc_0_0/axi_system_axi_intc_0_0.xdc] for cell 'axi_system_i/axi_intc_0/U0'
Parsing XDC File [d:/jh_workspace/0629_axi_spi_uart_timer_gpio/0629_axi_spi_uart_timer_gpio.gen/sources_1/bd/axi_system/ip/axi_system_mdm_1_0/axi_system_mdm_1_0.xdc] for cell 'axi_system_i/mdm_1/U0'
Finished Parsing XDC File [d:/jh_workspace/0629_axi_spi_uart_timer_gpio/0629_axi_spi_uart_timer_gpio.gen/sources_1/bd/axi_system/ip/axi_system_mdm_1_0/axi_system_mdm_1_0.xdc] for cell 'axi_system_i/mdm_1/U0'
INFO: [Project 1-236] Implementation specific constraints were found while reading constraint file [d:/jh_workspace/0629_axi_spi_uart_timer_gpio/0629_axi_spi_uart_timer_gpio.gen/sources_1/bd/axi_system/ip/axi_system_mdm_1_0/axi_system_mdm_1_0.xdc]. These constraints will be ignored for synthesis but will be used in implementation. Impacted constraints are listed in the file [.Xil/axi_system_wrapper_propImpl.xdc].
Resolution: To avoid this warning, move constraints listed in [.Xil/axi_system_wrapper_propImpl.xdc] to another XDC file and exclude this new file from synthesis with the used_in_synthesis property (File Properties dialog in GUI) and re-run elaboration/synthesis.
Parsing XDC File [d:/jh_workspace/0629_axi_spi_uart_timer_gpio/0629_axi_spi_uart_timer_gpio.gen/sources_1/bd/axi_system/ip/axi_system_clk_wiz_1_0/axi_system_clk_wiz_1_0_board.xdc] for cell 'axi_system_i/clk_wiz_1/inst'
Finished Parsing XDC File [d:/jh_workspace/0629_axi_spi_uart_timer_gpio/0629_axi_spi_uart_timer_gpio.gen/sources_1/bd/axi_system/ip/axi_system_clk_wiz_1_0/axi_system_clk_wiz_1_0_board.xdc] for cell 'axi_system_i/clk_wiz_1/inst'
Parsing XDC File [d:/jh_workspace/0629_axi_spi_uart_timer_gpio/0629_axi_spi_uart_timer_gpio.gen/sources_1/bd/axi_system/ip/axi_system_clk_wiz_1_0/axi_system_clk_wiz_1_0.xdc] for cell 'axi_system_i/clk_wiz_1/inst'
Finished Parsing XDC File [d:/jh_workspace/0629_axi_spi_uart_timer_gpio/0629_axi_spi_uart_timer_gpio.gen/sources_1/bd/axi_system/ip/axi_system_clk_wiz_1_0/axi_system_clk_wiz_1_0.xdc] for cell 'axi_system_i/clk_wiz_1/inst'
INFO: [Project 1-236] Implementation specific constraints were found while reading constraint file [d:/jh_workspace/0629_axi_spi_uart_timer_gpio/0629_axi_spi_uart_timer_gpio.gen/sources_1/bd/axi_system/ip/axi_system_clk_wiz_1_0/axi_system_clk_wiz_1_0.xdc]. These constraints will be ignored for synthesis but will be used in implementation. Impacted constraints are listed in the file [.Xil/axi_system_wrapper_propImpl.xdc].
Resolution: To avoid this warning, move constraints listed in [.Xil/axi_system_wrapper_propImpl.xdc] to another XDC file and exclude this new file from synthesis with the used_in_synthesis property (File Properties dialog in GUI) and re-run elaboration/synthesis.
Parsing XDC File [d:/jh_workspace/0629_axi_spi_uart_timer_gpio/0629_axi_spi_uart_timer_gpio.gen/sources_1/bd/axi_system/ip/axi_system_rst_clk_wiz_1_100M_0/axi_system_rst_clk_wiz_1_100M_0_board.xdc] for cell 'axi_system_i/rst_clk_wiz_1_100M/U0'
Finished Parsing XDC File [d:/jh_workspace/0629_axi_spi_uart_timer_gpio/0629_axi_spi_uart_timer_gpio.gen/sources_1/bd/axi_system/ip/axi_system_rst_clk_wiz_1_100M_0/axi_system_rst_clk_wiz_1_100M_0_board.xdc] for cell 'axi_system_i/rst_clk_wiz_1_100M/U0'
Parsing XDC File [d:/jh_workspace/0629_axi_spi_uart_timer_gpio/0629_axi_spi_uart_timer_gpio.gen/sources_1/bd/axi_system/ip/axi_system_rst_clk_wiz_1_100M_0/axi_system_rst_clk_wiz_1_100M_0.xdc] for cell 'axi_system_i/rst_clk_wiz_1_100M/U0'
Finished Parsing XDC File [d:/jh_workspace/0629_axi_spi_uart_timer_gpio/0629_axi_spi_uart_timer_gpio.gen/sources_1/bd/axi_system/ip/axi_system_rst_clk_wiz_1_100M_0/axi_system_rst_clk_wiz_1_100M_0.xdc] for cell 'axi_system_i/rst_clk_wiz_1_100M/U0'
INFO: [Timing 38-2] Deriving generated clocks
Parsing XDC File [D:/jh_workspace/0629_axi_spi_uart_timer_gpio/0629_axi_spi_uart_timer_gpio.srcs/constrs_1/imports/partone/Basys-3-Master.xdc]
Finished Parsing XDC File [D:/jh_workspace/0629_axi_spi_uart_timer_gpio/0629_axi_spi_uart_timer_gpio.srcs/constrs_1/imports/partone/Basys-3-Master.xdc]
INFO: [Project 1-236] Implementation specific constraints were found while reading constraint file [D:/jh_workspace/0629_axi_spi_uart_timer_gpio/0629_axi_spi_uart_timer_gpio.srcs/constrs_1/imports/partone/Basys-3-Master.xdc]. These constraints will be ignored for synthesis but will be used in implementation. Impacted constraints are listed in the file [.Xil/axi_system_wrapper_propImpl.xdc].
Resolution: To avoid this warning, move constraints listed in [.Xil/axi_system_wrapper_propImpl.xdc] to another XDC file and exclude this new file from synthesis with the used_in_synthesis property (File Properties dialog in GUI) and re-run elaboration/synthesis.
Parsing XDC File [D:/jh_workspace/0629_axi_spi_uart_timer_gpio/0629_axi_spi_uart_timer_gpio.runs/synth_1/dont_touch.xdc]
Finished Parsing XDC File [D:/jh_workspace/0629_axi_spi_uart_timer_gpio/0629_axi_spi_uart_timer_gpio.runs/synth_1/dont_touch.xdc]
INFO: [Project 1-236] Implementation specific constraints were found while reading constraint file [D:/jh_workspace/0629_axi_spi_uart_timer_gpio/0629_axi_spi_uart_timer_gpio.runs/synth_1/dont_touch.xdc]. These constraints will be ignored for synthesis but will be used in implementation. Impacted constraints are listed in the file [.Xil/axi_system_wrapper_propImpl.xdc].
Resolution: To avoid this warning, move constraints listed in [.Xil/axi_system_wrapper_propImpl.xdc] to another XDC file and exclude this new file from synthesis with the used_in_synthesis property (File Properties dialog in GUI) and re-run elaboration/synthesis.
INFO: [Timing 38-2] Deriving generated clocks
Parsing XDC File [d:/jh_workspace/0629_axi_spi_uart_timer_gpio/0629_axi_spi_uart_timer_gpio.gen/sources_1/bd/axi_system/ip/axi_system_axi_intc_0_0/axi_system_axi_intc_0_0_clocks.xdc] for cell 'axi_system_i/axi_intc_0/U0'
Finished Parsing XDC File [d:/jh_workspace/0629_axi_spi_uart_timer_gpio/0629_axi_spi_uart_timer_gpio.gen/sources_1/bd/axi_system/ip/axi_system_axi_intc_0_0/axi_system_axi_intc_0_0_clocks.xdc] for cell 'axi_system_i/axi_intc_0/U0'
Completed Processing XDC Constraints

Netlist sorting complete. Time (s): cpu = 00:00:00 ; elapsed = 00:00:00.004 . Memory (MB): peak = 1494.082 ; gain = 0.000
INFO: [Project 1-111] Unisim Transformation Summary:
  A total of 394 instances were transformed.
  FDC_1 => FDCE (inverted pins: C): 1 instance 
  FDR => FDRE: 138 instances
  FDRE_1 => FDRE (inverted pins: C): 1 instance 
  FDS => FDSE: 3 instances
  LUT6_2 => LUT6_2 (LUT5, LUT6): 96 instances
  MULT_AND => LUT2: 1 instance 
  MUXCY_L => MUXCY: 137 instances
  RAM32M => RAM32M (RAMD32(x6), RAMS32(x2)): 16 instances
  SRL16 => SRL16E: 1 instance 

Constraint Validation Runtime : Time (s): cpu = 00:00:00 ; elapsed = 00:00:00.073 . Memory (MB): peak = 1494.082 ; gain = 0.000
---------------------------------------------------------------------------------
Finished Constraint Validation : Time (s): cpu = 00:00:30 ; elapsed = 00:00:34 . Memory (MB): peak = 1494.082 ; gain = 386.832
---------------------------------------------------------------------------------
---------------------------------------------------------------------------------
Start Loading Part and Timing Information
---------------------------------------------------------------------------------
Loading part: xc7a35tcpg236-1
---------------------------------------------------------------------------------
Finished Loading Part and Timing Information : Time (s): cpu = 00:00:30 ; elapsed = 00:00:34 . Memory (MB): peak = 1494.082 ; gain = 386.832
---------------------------------------------------------------------------------
---------------------------------------------------------------------------------
Start Applying 'set_property' XDC Constraints
---------------------------------------------------------------------------------
Applied set_property KEEP_HIERARCHY = SOFT for axi_system_i/microblaze_0/U0. (constraint file  D:/jh_workspace/0629_axi_spi_uart_timer_gpio/0629_axi_spi_uart_timer_gpio.runs/synth_1/dont_touch.xdc, line 73).
Applied set_property KEEP_HIERARCHY = SOFT for axi_system_i/axi_intc_0/U0. (constraint file  D:/jh_workspace/0629_axi_spi_uart_timer_gpio/0629_axi_spi_uart_timer_gpio.runs/synth_1/dont_touch.xdc, line 78).
Applied set_property KEEP_HIERARCHY = SOFT for axi_system_i/mdm_1/U0. (constraint file  D:/jh_workspace/0629_axi_spi_uart_timer_gpio/0629_axi_spi_uart_timer_gpio.runs/synth_1/dont_touch.xdc, line 88).
Applied set_property KEEP_HIERARCHY = SOFT for axi_system_i/clk_wiz_1/inst. (constraint file  D:/jh_workspace/0629_axi_spi_uart_timer_gpio/0629_axi_spi_uart_timer_gpio.runs/synth_1/dont_touch.xdc, line 93).
Applied set_property KEEP_HIERARCHY = SOFT for axi_system_i/rst_clk_wiz_1_100M/U0. (constraint file  D:/jh_workspace/0629_axi_spi_uart_timer_gpio/0629_axi_spi_uart_timer_gpio.runs/synth_1/dont_touch.xdc, line 101).
Applied set_property KEEP_HIERARCHY = SOFT for axi_system_i. (constraint file  auto generated constraint).
Applied set_property KEEP_HIERARCHY = SOFT for axi_system_i/microblaze_0. (constraint file  auto generated constraint).
Applied set_property KEEP_HIERARCHY = SOFT for axi_system_i/gpio_0. (constraint file  auto generated constraint).
Applied set_property KEEP_HIERARCHY = SOFT for axi_system_i/gpio_1. (constraint file  auto generated constraint).
Applied set_property KEEP_HIERARCHY = SOFT for axi_system_i/gpio_2. (constraint file  auto generated constraint).
Applied set_property KEEP_HIERARCHY = SOFT for axi_system_i/gpio_3. (constraint file  auto generated constraint).
Applied set_property KEEP_HIERARCHY = SOFT for axi_system_i/gpio_lcd_bl. (constraint file  auto generated constraint).
Applied set_property KEEP_HIERARCHY = SOFT for axi_system_i/axi_intc_0. (constraint file  auto generated constraint).
Applied set_property KEEP_HIERARCHY = SOFT for axi_system_i/xlconcat_0. (constraint file  auto generated constraint).
Applied set_property KEEP_HIERARCHY = SOFT for axi_system_i/microblaze_0_local_memory/dlmb_v10. (constraint file  auto generated constraint).
Applied set_property KEEP_HIERARCHY = SOFT for axi_system_i/microblaze_0_local_memory/ilmb_v10. (constraint file  auto generated constraint).
Applied set_property KEEP_HIERARCHY = SOFT for axi_system_i/microblaze_0_local_memory/dlmb_bram_if_cntlr. (constraint file  auto generated constraint).
Applied set_property KEEP_HIERARCHY = SOFT for axi_system_i/microblaze_0_local_memory/ilmb_bram_if_cntlr. (constraint file  auto generated constraint).
Applied set_property KEEP_HIERARCHY = SOFT for axi_system_i/microblaze_0_local_memory/lmb_bram. (constraint file  auto generated constraint).
Applied set_property KEEP_HIERARCHY = SOFT for axi_system_i/mdm_1. (constraint file  auto generated constraint).
Applied set_property KEEP_HIERARCHY = SOFT for axi_system_i/clk_wiz_1. (constraint file  auto generated constraint).
Applied set_property KEEP_HIERARCHY = SOFT for axi_system_i/rst_clk_wiz_1_100M. (constraint file  auto generated constraint).
Applied set_property KEEP_HIERARCHY = SOFT for axi_system_i/microblaze_0_axi_periph/xbar. (constraint file  auto generated constraint).
Applied set_property KEEP_HIERARCHY = SOFT for axi_system_i/microblaze_0_axi_periph. (constraint file  auto generated constraint).
Applied set_property KEEP_HIERARCHY = SOFT for axi_system_i/timer_two_0. (constraint file  auto generated constraint).
Applied set_property KEEP_HIERARCHY = SOFT for axi_system_i/spi_axi_0. (constraint file  auto generated constraint).
Applied set_property KEEP_HIERARCHY = SOFT for axi_system_i/uart_two_0. (constraint file  auto generated constraint).
Applied set_property KEEP = true for reset. (constraint file  auto generated constraint).
---------------------------------------------------------------------------------
Finished applying 'set_property' XDC Constraints : Time (s): cpu = 00:00:30 ; elapsed = 00:00:34 . Memory (MB): peak = 1494.082 ; gain = 386.832
---------------------------------------------------------------------------------
INFO: [Synth 8-802] inferred FSM for state register 'state_reg' in module 'slave_attachment'
INFO: [Synth 8-802] inferred FSM for state register 'state_reg' in module 'spi_master'
INFO: [Synth 8-802] inferred FSM for state register 'state_reg' in module 'uart_tx'
INFO: [Synth 8-802] inferred FSM for state register 'state_reg' in module 'uart_rx'
---------------------------------------------------------------------------------------------------
                   State |                     New Encoding |                Previous Encoding 
---------------------------------------------------------------------------------------------------
                 iSTATE2 |                             0001 |                               00
                  iSTATE |                             0010 |                               01
                 iSTATE0 |                             0100 |                               10
                 iSTATE1 |                             1000 |                               11
---------------------------------------------------------------------------------------------------
INFO: [Synth 8-3354] encoded FSM with state register 'state_reg' using encoding 'one-hot' in module 'slave_attachment'
---------------------------------------------------------------------------------------------------
                   State |                     New Encoding |                Previous Encoding 
---------------------------------------------------------------------------------------------------
                    IDLE |                              000 |                              000
                   START |                              001 |                              001
                    WAIT |                              010 |                              010
                    DATA |                              011 |                              011
                    STOP |                              100 |                              100
---------------------------------------------------------------------------------------------------
INFO: [Synth 8-3354] encoded FSM with state register 'state_reg' using encoding 'sequential' in module 'spi_master'
---------------------------------------------------------------------------------------------------
                   State |                     New Encoding |                Previous Encoding 
---------------------------------------------------------------------------------------------------
                  S_IDLE |                               00 |                               00
                 S_START |                               01 |                               01
                  S_DATA |                               10 |                               10
                  S_STOP |                               11 |                               11
---------------------------------------------------------------------------------------------------
INFO: [Synth 8-3354] encoded FSM with state register 'state_reg' using encoding 'sequential' in module 'uart_tx'
---------------------------------------------------------------------------------------------------
                   State |                     New Encoding |                Previous Encoding 
---------------------------------------------------------------------------------------------------
                  S_IDLE |                               00 |                               00
                 S_START |                               01 |                               01
                  S_DATA |                               10 |                               10
                  S_STOP |                               11 |                               11
---------------------------------------------------------------------------------------------------
INFO: [Synth 8-3354] encoded FSM with state register 'state_reg' using encoding 'sequential' in module 'uart_rx'
---------------------------------------------------------------------------------
Finished RTL Optimization Phase 2 : Time (s): cpu = 00:00:33 ; elapsed = 00:00:38 . Memory (MB): peak = 1494.082 ; gain = 386.832
---------------------------------------------------------------------------------
---------------------------------------------------------------------------------
Start RTL Component Statistics 
---------------------------------------------------------------------------------
Detailed RTL Component Info : 
+---Adders : 
	   2 Input   32 Bit       Adders := 1     
	   2 Input   11 Bit       Adders := 2     
	   2 Input   10 Bit       Adders := 1     
	   2 Input    8 Bit       Adders := 2     
	   2 Input    6 Bit       Adders := 3     
	   2 Input    5 Bit       Adders := 2     
	   2 Input    4 Bit       Adders := 1     
	   2 Input    3 Bit       Adders := 4     
	   2 Input    2 Bit       Adders := 2     
+---XORs : 
	   2 Input      1 Bit         XORs := 9     
	   3 Input      1 Bit         XORs := 1     
+---Registers : 
	             4096 Bit    Registers := 1     
	               64 Bit    Registers := 1     
	               43 Bit    Registers := 3     
	               36 Bit    Registers := 2     
	               33 Bit    Registers := 2     
	               32 Bit    Registers := 66    
	               30 Bit    Registers := 1     
	               16 Bit    Registers := 3     
	               15 Bit    Registers := 1     
	               14 Bit    Registers := 2     
	               11 Bit    Registers := 2     
	               10 Bit    Registers := 3     
	                9 Bit    Registers := 1     
	                8 Bit    Registers := 15    
	                6 Bit    Registers := 4     
	                5 Bit    Registers := 11    
	                4 Bit    Registers := 25    
	                3 Bit    Registers := 12    
	                2 Bit    Registers := 46    
	                1 Bit    Registers := 448   
+---Muxes : 
	   2 Input   64 Bit        Muxes := 1     
	   3 Input   43 Bit        Muxes := 1     
	   2 Input   36 Bit        Muxes := 2     
	   2 Input   33 Bit        Muxes := 6     
	   7 Input   32 Bit        Muxes := 1     
	   2 Input   32 Bit        Muxes := 34    
	   4 Input   32 Bit        Muxes := 30    
	   7 Input   31 Bit        Muxes := 1     
	   2 Input   30 Bit        Muxes := 1     
	   2 Input   16 Bit        Muxes := 7     
	   2 Input   15 Bit        Muxes := 10    
	   3 Input   14 Bit        Muxes := 1     
	   2 Input   11 Bit        Muxes := 3     
	   4 Input   11 Bit        Muxes := 2     
	   2 Input   10 Bit        Muxes := 4     
	   2 Input    9 Bit        Muxes := 2     
	   2 Input    8 Bit        Muxes := 13    
	   4 Input    8 Bit        Muxes := 3     
	   5 Input    8 Bit        Muxes := 2     
	   2 Input    6 Bit        Muxes := 2     
	   2 Input    5 Bit        Muxes := 3     
	   5 Input    5 Bit        Muxes := 1     
	   4 Input    4 Bit        Muxes := 1     
	   2 Input    4 Bit        Muxes := 8     
	   7 Input    4 Bit        Muxes := 1     
	   2 Input    3 Bit        Muxes := 7     
	   5 Input    3 Bit        Muxes := 2     
	   4 Input    3 Bit        Muxes := 2     
	   3 Input    2 Bit        Muxes := 4     
	   2 Input    2 Bit        Muxes := 19    
	   7 Input    2 Bit        Muxes := 1     
	   4 Input    2 Bit        Muxes := 2     
	   2 Input    1 Bit        Muxes := 352   
	   4 Input    1 Bit        Muxes := 16    
	  12 Input    1 Bit        Muxes := 1     
	   8 Input    1 Bit        Muxes := 1     
	   7 Input    1 Bit        Muxes := 6     
	   3 Input    1 Bit        Muxes := 5     
	   5 Input    1 Bit        Muxes := 19    
	   6 Input    1 Bit        Muxes := 6     
---------------------------------------------------------------------------------
Finished RTL Component Statistics 
---------------------------------------------------------------------------------
---------------------------------------------------------------------------------
Start Part Resource Summary
---------------------------------------------------------------------------------
Part Resources:
DSPs: 90 (col length:60)
BRAMs: 100 (col length: RAMB18 60 RAMB36 30)
---------------------------------------------------------------------------------
Finished Part Resource Summary
---------------------------------------------------------------------------------
---------------------------------------------------------------------------------
Start Cross Boundary and Area Optimization
---------------------------------------------------------------------------------
---------------------------------------------------------------------------------
Finished Cross Boundary and Area Optimization : Time (s): cpu = 00:00:43 ; elapsed = 00:00:48 . Memory (MB): peak = 1494.082 ; gain = 386.832
---------------------------------------------------------------------------------
---------------------------------------------------------------------------------
Start Applying XDC Timing Constraints
---------------------------------------------------------------------------------
INFO: [Synth 8-5578] Moved timing constraint from pin 'axi_system_i/microblaze_0/U0/Reset' to pin 'axi_system_i/rst_clk_wiz_1_100M/U0/FDRE_inst/Q'
INFO: [Synth 8-5819] Moved 1 constraints on hierarchical pins to their respective driving/loading pins
---------------------------------------------------------------------------------
Finished Applying XDC Timing Constraints : Time (s): cpu = 00:00:46 ; elapsed = 00:00:52 . Memory (MB): peak = 1494.082 ; gain = 386.832
---------------------------------------------------------------------------------
---------------------------------------------------------------------------------
Start Timing Optimization
---------------------------------------------------------------------------------
---------------------------------------------------------------------------------
Finished Timing Optimization : Time (s): cpu = 00:00:50 ; elapsed = 00:00:56 . Memory (MB): peak = 1494.082 ; gain = 386.832
---------------------------------------------------------------------------------
---------------------------------------------------------------------------------
Start Technology Mapping
---------------------------------------------------------------------------------
---------------------------------------------------------------------------------
Finished Technology Mapping : Time (s): cpu = 00:00:52 ; elapsed = 00:00:58 . Memory (MB): peak = 1494.082 ; gain = 386.832
---------------------------------------------------------------------------------
---------------------------------------------------------------------------------
Start IO Insertion
---------------------------------------------------------------------------------
---------------------------------------------------------------------------------
Start Flattening Before IO Insertion
---------------------------------------------------------------------------------
---------------------------------------------------------------------------------
Finished Flattening Before IO Insertion
---------------------------------------------------------------------------------
---------------------------------------------------------------------------------
Start Final Netlist Cleanup
---------------------------------------------------------------------------------
---------------------------------------------------------------------------------
Finished Final Netlist Cleanup
---------------------------------------------------------------------------------
---------------------------------------------------------------------------------
Finished IO Insertion : Time (s): cpu = 00:00:54 ; elapsed = 00:01:00 . Memory (MB): peak = 1494.082 ; gain = 386.832
---------------------------------------------------------------------------------
---------------------------------------------------------------------------------
Start Renaming Generated Instances
---------------------------------------------------------------------------------
---------------------------------------------------------------------------------
Finished Renaming Generated Instances : Time (s): cpu = 00:00:54 ; elapsed = 00:01:00 . Memory (MB): peak = 1494.082 ; gain = 386.832
---------------------------------------------------------------------------------
---------------------------------------------------------------------------------
Start Rebuilding User Hierarchy
---------------------------------------------------------------------------------
---------------------------------------------------------------------------------
Finished Rebuilding User Hierarchy : Time (s): cpu = 00:00:54 ; elapsed = 00:01:00 . Memory (MB): peak = 1494.082 ; gain = 386.832
---------------------------------------------------------------------------------
---------------------------------------------------------------------------------
Start Renaming Generated Ports
---------------------------------------------------------------------------------
---------------------------------------------------------------------------------
Finished Renaming Generated Ports : Time (s): cpu = 00:00:54 ; elapsed = 00:01:00 . Memory (MB): peak = 1494.082 ; gain = 386.832
---------------------------------------------------------------------------------
---------------------------------------------------------------------------------
Start Handling Custom Attributes
---------------------------------------------------------------------------------
---------------------------------------------------------------------------------
Finished Handling Custom Attributes : Time (s): cpu = 00:00:54 ; elapsed = 00:01:01 . Memory (MB): peak = 1494.082 ; gain = 386.832
---------------------------------------------------------------------------------
---------------------------------------------------------------------------------
Start Renaming Generated Nets
---------------------------------------------------------------------------------
---------------------------------------------------------------------------------
Finished Renaming Generated Nets : Time (s): cpu = 00:00:54 ; elapsed = 00:01:01 . Memory (MB): peak = 1494.082 ; gain = 386.832
---------------------------------------------------------------------------------
---------------------------------------------------------------------------------
Start ROM, RAM, DSP, Shift Register and Retiming Reporting
---------------------------------------------------------------------------------

Static Shift Register Report:
+-------------------+----------------------------------------------------------------------------------------------------------------------------------------+--------+-------+--------------+--------------------+-------------------+--------+---------+
|Module Name        | RTL Name                                                                                                                               | Length | Width | Reset Signal | Pull out first Reg | Pull out last Reg | SRL16E | SRLC32E | 
+-------------------+----------------------------------------------------------------------------------------------------------------------------------------+--------+-------+--------------+--------------------+-------------------+--------+---------+
|MDM                | MDM_Core_I1/Use_BSCAN.Config_Reg_reg[26]                                                                                               | 4      | 1     | YES          | NO                 | YES               | 1      | 0       | 
|MDM                | MDM_Core_I1/Use_BSCAN.Config_Reg_reg[10]                                                                                               | 15     | 1     | YES          | NO                 | YES               | 1      | 0       | 
|MDM                | MDM_Core_I1/Use_BSCAN.Config_Reg_reg[3]                                                                                                | 6      | 1     | YES          | NO                 | YES               | 1      | 0       | 
|blk_mem_gen_v8_4_4 | inst_blk_mem_gen/gnbram.gnative_mem_map_bmg.native_mem_map_blk_mem_gen/valid.cstr/ramloop[1].ram.r/SAFETY_CKT_GEN.RSTB_SHFT_REG_reg[4] | 4      | 2     | NO           | NO                 | YES               | 2      | 0       | 
+-------------------+----------------------------------------------------------------------------------------------------------------------------------------+--------+-------+--------------+--------------------+-------------------+--------+---------+


Dynamic Shift Register Report:
+------------+------------------+--------+------------+--------+---------+--------+--------+--------+
|Module Name | RTL Name         | Length | Data Width | SRL16E | SRLC32E | Mux F7 | Mux F8 | Mux F9 | 
+------------+------------------+--------+------------+--------+---------+--------+--------+--------+
|dsrl        | PC_Buffer_reg[3] | 32     | 32         | 32     | 0       | 0      | 0      | 0      | 
|dsrl__1     | ibuffer_reg[2]   | 43     | 43         | 43     | 0       | 0      | 0      | 0      | 
+------------+------------------+--------+------------+--------+---------+--------+--------+--------+

---------------------------------------------------------------------------------
Finished ROM, RAM, DSP, Shift Register and Retiming Reporting
---------------------------------------------------------------------------------
---------------------------------------------------------------------------------
Start Writing Synthesis Report
---------------------------------------------------------------------------------

Report BlackBoxes: 
+-+--------------+----------+
| |BlackBox name |Instances |
+-+--------------+----------+
+-+--------------+----------+

Report Cell Usage: 
+------+-----------+------+
|      |Cell       |Count |
+------+-----------+------+
|1     |AND2B1L    |     1|
|2     |BSCANE2    |     1|
|3     |BUFG       |     3|
|4     |CARRY4     |    22|
|5     |LUT1       |   120|
|6     |LUT2       |   147|
|7     |LUT3       |   406|
|8     |LUT4       |   439|
|9     |LUT5       |   490|
|10    |LUT6       |   897|
|12    |MMCME2_ADV |     1|
|13    |MULT_AND   |     1|
|14    |MUXCY_L    |   135|
|15    |MUXF7      |   116|
|16    |RAM32M     |    16|
|17    |RAMB36E1   |     2|
|18    |SRL16      |     1|
|19    |SRL16E     |    98|
|20    |SRLC16E    |     8|
|21    |XORCY      |    94|
|22    |FDCE       |   175|
|23    |FDC        |     1|
|24    |FDPE       |    13|
|25    |FDR        |    93|
|26    |FDRE       |  2276|
|28    |FDS        |     1|
|29    |FDSE       |    92|
|30    |IBUF       |     4|
|31    |IOBUF      |    40|
|32    |OBUF       |     6|
+------+-----------+------+
---------------------------------------------------------------------------------
Finished Writing Synthesis Report : Time (s): cpu = 00:00:54 ; elapsed = 00:01:01 . Memory (MB): peak = 1494.082 ; gain = 386.832
---------------------------------------------------------------------------------
Synthesis finished with 0 errors, 0 critical warnings and 0 warnings.
Synthesis Optimization Runtime : Time (s): cpu = 00:00:27 ; elapsed = 00:00:56 . Memory (MB): peak = 1494.082 ; gain = 386.832
Synthesis Optimization Complete : Time (s): cpu = 00:00:54 ; elapsed = 00:01:01 . Memory (MB): peak = 1494.082 ; gain = 386.832
INFO: [Project 1-571] Translating synthesized netlist
Netlist sorting complete. Time (s): cpu = 00:00:00 ; elapsed = 00:00:00.132 . Memory (MB): peak = 1494.082 ; gain = 0.000
INFO: [Netlist 29-17] Analyzing 604 Unisim elements for replacement
INFO: [Netlist 29-28] Unisim Transformation completed in 0 CPU seconds
INFO: [Project 1-570] Preparing netlist for logic optimization
INFO: [Opt 31-138] Pushed 0 inverter(s) to 0 load pin(s).
Netlist sorting complete. Time (s): cpu = 00:00:00 ; elapsed = 00:00:00.004 . Memory (MB): peak = 1494.082 ; gain = 0.000
INFO: [Project 1-111] Unisim Transformation Summary:
  A total of 272 instances were transformed.
  (MUXCY,XORCY) => CARRY4: 38 instances
  FDC_1 => FDCE (inverted pins: C): 1 instance 
  FDR => FDRE: 93 instances
  FDRE_1 => FDRE (inverted pins: C): 1 instance 
  FDS => FDSE: 1 instance 
  IOBUF => IOBUF (IBUF, OBUFT): 40 instances
  LUT6_2 => LUT6_2 (LUT5, LUT6): 80 instances
  MULT_AND => LUT2: 1 instance 
  RAM32M => RAM32M (RAMD32(x6), RAMS32(x2)): 16 instances
  SRL16 => SRL16E: 1 instance 

INFO: [Common 17-83] Releasing license: Synthesis
357 Infos, 13 Warnings, 0 Critical Warnings and 0 Errors encountered.
synth_design completed successfully
synth_design: Time (s): cpu = 00:01:00 ; elapsed = 00:01:08 . Memory (MB): peak = 1494.082 ; gain = 386.832
INFO: [Common 17-1381] The checkpoint 'D:/jh_workspace/0629_axi_spi_uart_timer_gpio/0629_axi_spi_uart_timer_gpio.runs/synth_1/axi_system_wrapper.dcp' has been generated.
INFO: [runtcl-4] Executing : report_utilization -file axi_system_wrapper_utilization_synth.rpt -pb axi_system_wrapper_utilization_synth.pb
INFO: [Common 17-206] Exiting Vivado at Tue Jun 30 08:38:15 2026...
