TRACE::2026-06-30.01:45:04::SCWPlatform::Trying to open the hw design at D:/jh_workspace/0629_axi_spi_uart_timer_gpio/final/0630_faxi_spi_uart/hw/0630_faxi_spi_uart.xsa
TRACE::2026-06-30.01:45:04::SCWPlatform::DSA given D:/jh_workspace/0629_axi_spi_uart_timer_gpio/final/0630_faxi_spi_uart/hw/0630_faxi_spi_uart.xsa
TRACE::2026-06-30.01:45:04::SCWPlatform::DSA absoulate path D:/jh_workspace/0629_axi_spi_uart_timer_gpio/final/0630_faxi_spi_uart/hw/0630_faxi_spi_uart.xsa
TRACE::2026-06-30.01:45:06::SCWPlatform::DSA directory D:/jh_workspace/0629_axi_spi_uart_timer_gpio/final/0630_faxi_spi_uart/hw
TRACE::2026-06-30.01:45:06::SCWPlatform:: Platform Path D:/jh_workspace/0629_axi_spi_uart_timer_gpio/final/0630_faxi_spi_uart/hw/0630_faxi_spi_uart.xsa
TRACE::2026-06-30.01:45:06::SCWPlatform:: Unique name xilinx:basys3::0.0
TRACE::2026-06-30.01:45:06::SCWPlatform::Do not have an existing db opened. 
TRACE::2026-06-30.01:45:06::SCWPlatform::Opened new HwDB with name axi_system_wrapper_0
TRACE::2026-06-30.01:45:06::SCWWriter::formatted JSON is {
	"platformName":	"0630_faxi_spi_uart",
	"sprVersion":	"2.0",
	"mode":	"gui",
	"dsaType":	"Fixed",
	"platformDesc":	"0630_faxi_spi_uart",
	"platHandOff":	"D:/jh_workspace/0629_axi_spi_uart_timer_gpio/0630_faxi_spi_uart.xsa",
	"platIntHandOff":	"<platformDir>/hw/0630_faxi_spi_uart.xsa",
	"deviceType":	"FPGA",
	"platIsPrebuiltAutogen":	"false",
	"platIsNoBootBsp":	"false",
	"hasFsblMakeHasChanges":	"false",
	"hasPmufwMakeHasChanges":	"false",
	"platPreBuiltFlag":	false,
	"platformSamplesDir":	""
}
TRACE::2026-06-30.01:45:06::SCWWriter::formatted JSON is {
	"platformName":	"0630_faxi_spi_uart",
	"sprVersion":	"2.0",
	"mode":	"gui",
	"dsaType":	"Fixed",
	"platformDesc":	"0630_faxi_spi_uart",
	"platHandOff":	"D:/jh_workspace/0629_axi_spi_uart_timer_gpio/0630_faxi_spi_uart.xsa",
	"platIntHandOff":	"<platformDir>/hw/0630_faxi_spi_uart.xsa",
	"deviceType":	"FPGA",
	"platIsPrebuiltAutogen":	"false",
	"platIsNoBootBsp":	"false",
	"hasFsblMakeHasChanges":	"false",
	"hasPmufwMakeHasChanges":	"false",
	"platPreBuiltFlag":	false,
	"platformSamplesDir":	"",
	"platActiveSys":	"0630_faxi_spi_uart",
	"systems":	[{
			"systemName":	"0630_faxi_spi_uart",
			"systemDesc":	"0630_faxi_spi_uart",
			"sysIsBootAutoGen":	"true",
			"systemDispName":	"0630_faxi_spi_uart"
		}]
}
TRACE::2026-06-30.01:45:06::SCWPlatform::Boot application domains not present, creating them
TRACE::2026-06-30.01:45:06::SCWPlatform::Pure FPGA device, no boot application will be created.
TRACE::2026-06-30.01:45:06::SCWWriter::formatted JSON is {
	"platformName":	"0630_faxi_spi_uart",
	"sprVersion":	"2.0",
	"mode":	"gui",
	"dsaType":	"Fixed",
	"platformDesc":	"0630_faxi_spi_uart",
	"platHandOff":	"D:/jh_workspace/0629_axi_spi_uart_timer_gpio/0630_faxi_spi_uart.xsa",
	"platIntHandOff":	"<platformDir>/hw/0630_faxi_spi_uart.xsa",
	"deviceType":	"FPGA",
	"platIsPrebuiltAutogen":	"false",
	"platIsNoBootBsp":	"false",
	"hasFsblMakeHasChanges":	"false",
	"hasPmufwMakeHasChanges":	"false",
	"platPreBuiltFlag":	false,
	"platformSamplesDir":	"",
	"platActiveSys":	"0630_faxi_spi_uart",
	"systems":	[{
			"systemName":	"0630_faxi_spi_uart",
			"systemDesc":	"0630_faxi_spi_uart",
			"sysIsBootAutoGen":	"true",
			"systemDispName":	"0630_faxi_spi_uart"
		}]
}
TRACE::2026-06-30.01:45:06::SCWWriter::formatted JSON is {
	"platformName":	"0630_faxi_spi_uart",
	"sprVersion":	"2.0",
	"mode":	"gui",
	"dsaType":	"Fixed",
	"platformDesc":	"0630_faxi_spi_uart",
	"platHandOff":	"D:/jh_workspace/0629_axi_spi_uart_timer_gpio/0630_faxi_spi_uart.xsa",
	"platIntHandOff":	"<platformDir>/hw/0630_faxi_spi_uart.xsa",
	"deviceType":	"FPGA",
	"platIsPrebuiltAutogen":	"false",
	"platIsNoBootBsp":	"false",
	"hasFsblMakeHasChanges":	"false",
	"hasPmufwMakeHasChanges":	"false",
	"platPreBuiltFlag":	false,
	"platformSamplesDir":	"",
	"platActiveSys":	"0630_faxi_spi_uart",
	"systems":	[{
			"systemName":	"0630_faxi_spi_uart",
			"systemDesc":	"0630_faxi_spi_uart",
			"sysIsBootAutoGen":	"true",
			"systemDispName":	"0630_faxi_spi_uart"
		}]
}
TRACE::2026-06-30.01:45:06::SCWPlatform::Trying to open the hw design at D:/jh_workspace/0629_axi_spi_uart_timer_gpio/final/0630_faxi_spi_uart/hw/0630_faxi_spi_uart.xsa
TRACE::2026-06-30.01:45:06::SCWPlatform::DSA given D:/jh_workspace/0629_axi_spi_uart_timer_gpio/final/0630_faxi_spi_uart/hw/0630_faxi_spi_uart.xsa
TRACE::2026-06-30.01:45:06::SCWPlatform::DSA absoulate path D:/jh_workspace/0629_axi_spi_uart_timer_gpio/final/0630_faxi_spi_uart/hw/0630_faxi_spi_uart.xsa
TRACE::2026-06-30.01:45:06::SCWPlatform::DSA directory D:/jh_workspace/0629_axi_spi_uart_timer_gpio/final/0630_faxi_spi_uart/hw
TRACE::2026-06-30.01:45:06::SCWPlatform:: Platform Path D:/jh_workspace/0629_axi_spi_uart_timer_gpio/final/0630_faxi_spi_uart/hw/0630_faxi_spi_uart.xsa
TRACE::2026-06-30.01:45:06::SCWPlatform:: Unique name xilinx:basys3::0.0
TRACE::2026-06-30.01:45:06::SCWPlatform::Trying to set the existing hwdb with name axi_system_wrapper_0
TRACE::2026-06-30.01:45:06::SCWPlatform::Opened existing hwdb axi_system_wrapper_0
TRACE::2026-06-30.01:45:06::SCWPlatform::Found the Hw Db part of the input DSA
TRACE::2026-06-30.01:45:06::SCWDomain::checking for install qemu data   : 
TRACE::2026-06-30.01:45:06::SCWPlatform::Trying to open the hw design at D:/jh_workspace/0629_axi_spi_uart_timer_gpio/final/0630_faxi_spi_uart/hw/0630_faxi_spi_uart.xsa
TRACE::2026-06-30.01:45:06::SCWPlatform::DSA given D:/jh_workspace/0629_axi_spi_uart_timer_gpio/final/0630_faxi_spi_uart/hw/0630_faxi_spi_uart.xsa
TRACE::2026-06-30.01:45:06::SCWPlatform::DSA absoulate path D:/jh_workspace/0629_axi_spi_uart_timer_gpio/final/0630_faxi_spi_uart/hw/0630_faxi_spi_uart.xsa
TRACE::2026-06-30.01:45:06::SCWPlatform::DSA directory D:/jh_workspace/0629_axi_spi_uart_timer_gpio/final/0630_faxi_spi_uart/hw
TRACE::2026-06-30.01:45:06::SCWPlatform:: Platform Path D:/jh_workspace/0629_axi_spi_uart_timer_gpio/final/0630_faxi_spi_uart/hw/0630_faxi_spi_uart.xsa
TRACE::2026-06-30.01:45:06::SCWPlatform:: Unique name xilinx:basys3::0.0
TRACE::2026-06-30.01:45:06::SCWPlatform::Trying to set the existing hwdb with name axi_system_wrapper_0
TRACE::2026-06-30.01:45:06::SCWPlatform::Opened existing hwdb axi_system_wrapper_0
TRACE::2026-06-30.01:45:06::SCWPlatform::Found the Hw Db part of the input DSA
TRACE::2026-06-30.01:45:06::SCWPlatform::Trying to open the hw design at D:/jh_workspace/0629_axi_spi_uart_timer_gpio/final/0630_faxi_spi_uart/hw/0630_faxi_spi_uart.xsa
TRACE::2026-06-30.01:45:06::SCWPlatform::DSA given D:/jh_workspace/0629_axi_spi_uart_timer_gpio/final/0630_faxi_spi_uart/hw/0630_faxi_spi_uart.xsa
TRACE::2026-06-30.01:45:06::SCWPlatform::DSA absoulate path D:/jh_workspace/0629_axi_spi_uart_timer_gpio/final/0630_faxi_spi_uart/hw/0630_faxi_spi_uart.xsa
TRACE::2026-06-30.01:45:06::SCWPlatform::DSA directory D:/jh_workspace/0629_axi_spi_uart_timer_gpio/final/0630_faxi_spi_uart/hw
TRACE::2026-06-30.01:45:06::SCWPlatform:: Platform Path D:/jh_workspace/0629_axi_spi_uart_timer_gpio/final/0630_faxi_spi_uart/hw/0630_faxi_spi_uart.xsa
TRACE::2026-06-30.01:45:06::SCWPlatform:: Unique name xilinx:basys3::0.0
TRACE::2026-06-30.01:45:06::SCWPlatform::Trying to set the existing hwdb with name axi_system_wrapper_0
TRACE::2026-06-30.01:45:06::SCWPlatform::Opened existing hwdb axi_system_wrapper_0
TRACE::2026-06-30.01:45:06::SCWPlatform::Found the Hw Db part of the input DSA
TRACE::2026-06-30.01:45:06::SCWPlatform::Trying to open the hw design at D:/jh_workspace/0629_axi_spi_uart_timer_gpio/final/0630_faxi_spi_uart/hw/0630_faxi_spi_uart.xsa
TRACE::2026-06-30.01:45:06::SCWPlatform::DSA given D:/jh_workspace/0629_axi_spi_uart_timer_gpio/final/0630_faxi_spi_uart/hw/0630_faxi_spi_uart.xsa
TRACE::2026-06-30.01:45:06::SCWPlatform::DSA absoulate path D:/jh_workspace/0629_axi_spi_uart_timer_gpio/final/0630_faxi_spi_uart/hw/0630_faxi_spi_uart.xsa
TRACE::2026-06-30.01:45:06::SCWPlatform::DSA directory D:/jh_workspace/0629_axi_spi_uart_timer_gpio/final/0630_faxi_spi_uart/hw
TRACE::2026-06-30.01:45:06::SCWPlatform:: Platform Path D:/jh_workspace/0629_axi_spi_uart_timer_gpio/final/0630_faxi_spi_uart/hw/0630_faxi_spi_uart.xsa
TRACE::2026-06-30.01:45:06::SCWPlatform:: Unique name xilinx:basys3::0.0
TRACE::2026-06-30.01:45:06::SCWPlatform::Trying to set the existing hwdb with name axi_system_wrapper_0
TRACE::2026-06-30.01:45:06::SCWPlatform::Opened existing hwdb axi_system_wrapper_0
TRACE::2026-06-30.01:45:06::SCWPlatform::Found the Hw Db part of the input DSA
TRACE::2026-06-30.01:45:06::SCWMssOS::Checking the sw design at  D:/jh_workspace/0629_axi_spi_uart_timer_gpio/final/0630_faxi_spi_uart/microblaze_0/standalone_microblaze_0/bsp/system.mss
TRACE::2026-06-30.01:45:06::SCWMssOS::DEBUG:  swdes dump  
TRACE::2026-06-30.01:45:06::SCWMssOS::No sw design opened at  D:/jh_workspace/0629_axi_spi_uart_timer_gpio/final/0630_faxi_spi_uart/microblaze_0/standalone_microblaze_0/bsp/system.mss
TRACE::2026-06-30.01:45:06::SCWMssOS::mss does not exists at D:/jh_workspace/0629_axi_spi_uart_timer_gpio/final/0630_faxi_spi_uart/microblaze_0/standalone_microblaze_0/bsp/system.mss
TRACE::2026-06-30.01:45:06::SCWMssOS::Creating sw design at  D:/jh_workspace/0629_axi_spi_uart_timer_gpio/final/0630_faxi_spi_uart/microblaze_0/standalone_microblaze_0/bsp/system.mss
TRACE::2026-06-30.01:45:06::SCWMssOS::Adding the swdes entry, created swdb D:/jh_workspace/0629_axi_spi_uart_timer_gpio/final/0630_faxi_spi_uart/microblaze_0/standalone_microblaze_0/bsp/system.mss with des name D:/jh_workspace/0629_axi_spi_uart_timer_gpio/final/0630_faxi_spi_uart/microblaze_0/standalone_microblaze_0/bsp/system.mss
TRACE::2026-06-30.01:45:06::SCWMssOS::updating the scw layer changes to swdes at   D:/jh_workspace/0629_axi_spi_uart_timer_gpio/final/0630_faxi_spi_uart/microblaze_0/standalone_microblaze_0/bsp/system.mss
TRACE::2026-06-30.01:45:06::SCWMssOS::Writing mss at D:/jh_workspace/0629_axi_spi_uart_timer_gpio/final/0630_faxi_spi_uart/microblaze_0/standalone_microblaze_0/bsp/system.mss
TRACE::2026-06-30.01:45:06::SCWMssOS::Completed writing the mss file at D:/jh_workspace/0629_axi_spi_uart_timer_gpio/final/0630_faxi_spi_uart/microblaze_0/standalone_microblaze_0/bsp
TRACE::2026-06-30.01:45:06::SCWMssOS::Picking up changes from newly written mss file into SCW Layer. 
TRACE::2026-06-30.01:45:06::SCWMssOS::Updated the changes from newly written mss file into SCW Layer. 
TRACE::2026-06-30.01:45:06::SCWMssOS::Completed writing the mss file at D:/jh_workspace/0629_axi_spi_uart_timer_gpio/final/0630_faxi_spi_uart/microblaze_0/standalone_microblaze_0/bsp
TRACE::2026-06-30.01:45:06::SCWMssOS::Forcing BSP Sources regeneration.
TRACE::2026-06-30.01:45:07::SCWMssOS::Saving the mss changes D:/jh_workspace/0629_axi_spi_uart_timer_gpio/final/0630_faxi_spi_uart/microblaze_0/standalone_microblaze_0/bsp/system.mss
TRACE::2026-06-30.01:45:07::SCWMssOS::Found a swdesign opened with the mssfile.
TRACE::2026-06-30.01:45:07::SCWMssOS::Running validate of swdbs.
KEYINFO::2026-06-30.01:45:07::SCWMssOS::Could not open the swdb for D:/jh_workspace/0629_axi_spi_uart_timer_gpio/final/0630_faxi_spi_uart/microblaze_0/standalone_microblaze_0/bsp/system.mss
KEYINFO::2026-06-30.01:45:07::SCWMssOS::Could not open the sw design at  D:/jh_workspace/0629_axi_spi_uart_timer_gpio/final/0630_faxi_spi_uart/microblaze_0/standalone_microblaze_0/bsp/system.mss
ERROR: [Hsi 55-1558] Software Design D:/jh_workspace/0629_axi_spi_uart_timer_gpio/final/0630_faxi_spi_uart/microblaze_0/standalone_microblaze_0/bsp/system.mss is not found

TRACE::2026-06-30.01:45:07::SCWMssOS::Cleared the swdb table entry
TRACE::2026-06-30.01:45:07::SCWMssOS::Adding the swdes entry, mss present, able to open swdb D:/jh_workspace/0629_axi_spi_uart_timer_gpio/final/0630_faxi_spi_uart/microblaze_0/standalone_microblaze_0/bsp/system.mss with des name system
TRACE::2026-06-30.01:45:07::SCWMssOS::Writing the mss file completed D:/jh_workspace/0629_axi_spi_uart_timer_gpio/final/0630_faxi_spi_uart/microblaze_0/standalone_microblaze_0/bsp/system.mss
TRACE::2026-06-30.01:45:07::SCWMssOS::Commit changes completed.
TRACE::2026-06-30.01:45:07::SCWPlatform::Trying to open the hw design at D:/jh_workspace/0629_axi_spi_uart_timer_gpio/final/0630_faxi_spi_uart/hw/0630_faxi_spi_uart.xsa
TRACE::2026-06-30.01:45:07::SCWPlatform::DSA given D:/jh_workspace/0629_axi_spi_uart_timer_gpio/final/0630_faxi_spi_uart/hw/0630_faxi_spi_uart.xsa
TRACE::2026-06-30.01:45:07::SCWPlatform::DSA absoulate path D:/jh_workspace/0629_axi_spi_uart_timer_gpio/final/0630_faxi_spi_uart/hw/0630_faxi_spi_uart.xsa
TRACE::2026-06-30.01:45:07::SCWPlatform::DSA directory D:/jh_workspace/0629_axi_spi_uart_timer_gpio/final/0630_faxi_spi_uart/hw
TRACE::2026-06-30.01:45:07::SCWPlatform:: Platform Path D:/jh_workspace/0629_axi_spi_uart_timer_gpio/final/0630_faxi_spi_uart/hw/0630_faxi_spi_uart.xsa
TRACE::2026-06-30.01:45:07::SCWPlatform:: Unique name xilinx:basys3::0.0
TRACE::2026-06-30.01:45:07::SCWPlatform::Trying to set the existing hwdb with name axi_system_wrapper_0
TRACE::2026-06-30.01:45:07::SCWPlatform::Opened existing hwdb axi_system_wrapper_0
TRACE::2026-06-30.01:45:07::SCWPlatform::Found the Hw Db part of the input DSA
TRACE::2026-06-30.01:45:07::SCWMssOS::Checking the sw design at  D:/jh_workspace/0629_axi_spi_uart_timer_gpio/final/0630_faxi_spi_uart/microblaze_0/standalone_microblaze_0/bsp/system.mss
TRACE::2026-06-30.01:45:07::SCWMssOS::DEBUG:  swdes dump  D:/jh_workspace/0629_axi_spi_uart_timer_gpio/final/0630_faxi_spi_uart/microblaze_0/standalone_microblaze_0/bsp/system.mss|system||

TRACE::2026-06-30.01:45:07::SCWMssOS::Sw design exists and opened at  D:/jh_workspace/0629_axi_spi_uart_timer_gpio/final/0630_faxi_spi_uart/microblaze_0/standalone_microblaze_0/bsp/system.mss
TRACE::2026-06-30.01:45:07::SCWPlatform::Trying to open the hw design at D:/jh_workspace/0629_axi_spi_uart_timer_gpio/final/0630_faxi_spi_uart/hw/0630_faxi_spi_uart.xsa
TRACE::2026-06-30.01:45:07::SCWPlatform::DSA given D:/jh_workspace/0629_axi_spi_uart_timer_gpio/final/0630_faxi_spi_uart/hw/0630_faxi_spi_uart.xsa
TRACE::2026-06-30.01:45:07::SCWPlatform::DSA absoulate path D:/jh_workspace/0629_axi_spi_uart_timer_gpio/final/0630_faxi_spi_uart/hw/0630_faxi_spi_uart.xsa
TRACE::2026-06-30.01:45:07::SCWPlatform::DSA directory D:/jh_workspace/0629_axi_spi_uart_timer_gpio/final/0630_faxi_spi_uart/hw
TRACE::2026-06-30.01:45:07::SCWPlatform:: Platform Path D:/jh_workspace/0629_axi_spi_uart_timer_gpio/final/0630_faxi_spi_uart/hw/0630_faxi_spi_uart.xsa
TRACE::2026-06-30.01:45:07::SCWPlatform:: Unique name xilinx:basys3::0.0
TRACE::2026-06-30.01:45:07::SCWPlatform::Trying to set the existing hwdb with name axi_system_wrapper_0
TRACE::2026-06-30.01:45:07::SCWPlatform::Opened existing hwdb axi_system_wrapper_0
TRACE::2026-06-30.01:45:07::SCWPlatform::Found the Hw Db part of the input DSA
TRACE::2026-06-30.01:45:07::SCWMssOS::Checking the sw design at  D:/jh_workspace/0629_axi_spi_uart_timer_gpio/final/0630_faxi_spi_uart/microblaze_0/standalone_microblaze_0/bsp/system.mss
TRACE::2026-06-30.01:45:07::SCWMssOS::DEBUG:  swdes dump  D:/jh_workspace/0629_axi_spi_uart_timer_gpio/final/0630_faxi_spi_uart/microblaze_0/standalone_microblaze_0/bsp/system.mss|system||

TRACE::2026-06-30.01:45:07::SCWMssOS::Sw design exists and opened at  D:/jh_workspace/0629_axi_spi_uart_timer_gpio/final/0630_faxi_spi_uart/microblaze_0/standalone_microblaze_0/bsp/system.mss
TRACE::2026-06-30.01:45:07::SCWPlatform::Trying to open the hw design at D:/jh_workspace/0629_axi_spi_uart_timer_gpio/final/0630_faxi_spi_uart/hw/0630_faxi_spi_uart.xsa
TRACE::2026-06-30.01:45:07::SCWPlatform::DSA given D:/jh_workspace/0629_axi_spi_uart_timer_gpio/final/0630_faxi_spi_uart/hw/0630_faxi_spi_uart.xsa
TRACE::2026-06-30.01:45:07::SCWPlatform::DSA absoulate path D:/jh_workspace/0629_axi_spi_uart_timer_gpio/final/0630_faxi_spi_uart/hw/0630_faxi_spi_uart.xsa
TRACE::2026-06-30.01:45:07::SCWPlatform::DSA directory D:/jh_workspace/0629_axi_spi_uart_timer_gpio/final/0630_faxi_spi_uart/hw
TRACE::2026-06-30.01:45:07::SCWPlatform:: Platform Path D:/jh_workspace/0629_axi_spi_uart_timer_gpio/final/0630_faxi_spi_uart/hw/0630_faxi_spi_uart.xsa
TRACE::2026-06-30.01:45:07::SCWPlatform:: Unique name xilinx:basys3::0.0
TRACE::2026-06-30.01:45:07::SCWPlatform::Trying to set the existing hwdb with name axi_system_wrapper_0
TRACE::2026-06-30.01:45:07::SCWPlatform::Opened existing hwdb axi_system_wrapper_0
TRACE::2026-06-30.01:45:07::SCWPlatform::Found the Hw Db part of the input DSA
TRACE::2026-06-30.01:45:07::SCWMssOS::Checking the sw design at  D:/jh_workspace/0629_axi_spi_uart_timer_gpio/final/0630_faxi_spi_uart/microblaze_0/standalone_microblaze_0/bsp/system.mss
TRACE::2026-06-30.01:45:07::SCWMssOS::DEBUG:  swdes dump  D:/jh_workspace/0629_axi_spi_uart_timer_gpio/final/0630_faxi_spi_uart/microblaze_0/standalone_microblaze_0/bsp/system.mss|system||

TRACE::2026-06-30.01:45:07::SCWMssOS::Sw design exists and opened at  D:/jh_workspace/0629_axi_spi_uart_timer_gpio/final/0630_faxi_spi_uart/microblaze_0/standalone_microblaze_0/bsp/system.mss
TRACE::2026-06-30.01:45:07::SCWWriter::formatted JSON is {
	"platformName":	"0630_faxi_spi_uart",
	"sprVersion":	"2.0",
	"mode":	"gui",
	"dsaType":	"Fixed",
	"platformDesc":	"0630_faxi_spi_uart",
	"platHandOff":	"D:/jh_workspace/0629_axi_spi_uart_timer_gpio/0630_faxi_spi_uart.xsa",
	"platIntHandOff":	"<platformDir>/hw/0630_faxi_spi_uart.xsa",
	"deviceType":	"FPGA",
	"platIsPrebuiltAutogen":	"false",
	"platIsNoBootBsp":	"false",
	"hasFsblMakeHasChanges":	"false",
	"hasPmufwMakeHasChanges":	"false",
	"platPreBuiltFlag":	false,
	"platformSamplesDir":	"",
	"platActiveSys":	"0630_faxi_spi_uart",
	"systems":	[{
			"systemName":	"0630_faxi_spi_uart",
			"systemDesc":	"0630_faxi_spi_uart",
			"sysIsBootAutoGen":	"true",
			"systemDispName":	"0630_faxi_spi_uart",
			"sysActiveDom":	"standalone_microblaze_0",
			"sysDefaultDom":	"standalone_microblaze_0",
			"domains":	[{
					"domainName":	"standalone_microblaze_0",
					"domainDispName":	"standalone_microblaze_0",
					"domainDesc":	"standalone_microblaze_0",
					"processors":	"microblaze_0",
					"os":	"standalone",
					"sdxOs":	"standalone",
					"debugEnable":	"False",
					"domRuntimes":	["cpp"],
					"swRepo":	"",
					"mssOsVer":	"7.3",
					"mssFile":	"",
					"md5Digest":	"21a57f7a7515368fc1c8ff5369e72780",
					"compatibleApp":	"empty_application",
					"domType":	"mssDomain",
					"arch":	"32-bit",
					"appSettings":	{
						"appCompilerFlags":	"",
						"appLinkerFlags":	""
					},
					"addedLibs":	[],
					"libOptions":	{
						"libsContainingOptions":	[]
					},
					"prebuiltLibs":	{
						"prebuiltIncPath":	[],
						"prebuiltLibPath":	[]
					},
					"isolation":	{
					}
				}]
		}]
}
LOG::2026-06-30.01:45:07::SCWPlatform::Started generating the artifacts platform 0630_faxi_spi_uart
TRACE::2026-06-30.01:45:07::SCWPlatform::Sanity checking of platform is completed
LOG::2026-06-30.01:45:07::SCWPlatform::Started generating the artifacts for system configuration 0630_faxi_spi_uart
LOG::2026-06-30.01:45:07::SCWSystem::Checking the domain standalone_microblaze_0
LOG::2026-06-30.01:45:07::SCWSystem::Not a boot domain 
LOG::2026-06-30.01:45:07::SCWSystem::Started Processing the domain standalone_microblaze_0
TRACE::2026-06-30.01:45:07::SCWDomain::Generating domain artifcats
TRACE::2026-06-30.01:45:07::SCWMssOS::Generating standalone artifcats
TRACE::2026-06-30.01:45:07::SCWMssOS:: Copying the user libraries. 
TRACE::2026-06-30.01:45:07::SCWPlatform::Trying to open the hw design at D:/jh_workspace/0629_axi_spi_uart_timer_gpio/final/0630_faxi_spi_uart/hw/0630_faxi_spi_uart.xsa
TRACE::2026-06-30.01:45:07::SCWPlatform::DSA given D:/jh_workspace/0629_axi_spi_uart_timer_gpio/final/0630_faxi_spi_uart/hw/0630_faxi_spi_uart.xsa
TRACE::2026-06-30.01:45:07::SCWPlatform::DSA absoulate path D:/jh_workspace/0629_axi_spi_uart_timer_gpio/final/0630_faxi_spi_uart/hw/0630_faxi_spi_uart.xsa
TRACE::2026-06-30.01:45:07::SCWPlatform::DSA directory D:/jh_workspace/0629_axi_spi_uart_timer_gpio/final/0630_faxi_spi_uart/hw
TRACE::2026-06-30.01:45:07::SCWPlatform:: Platform Path D:/jh_workspace/0629_axi_spi_uart_timer_gpio/final/0630_faxi_spi_uart/hw/0630_faxi_spi_uart.xsa
TRACE::2026-06-30.01:45:07::SCWPlatform:: Unique name xilinx:basys3::0.0
TRACE::2026-06-30.01:45:07::SCWPlatform::Trying to set the existing hwdb with name axi_system_wrapper_0
TRACE::2026-06-30.01:45:07::SCWPlatform::Opened existing hwdb axi_system_wrapper_0
TRACE::2026-06-30.01:45:07::SCWPlatform::Found the Hw Db part of the input DSA
TRACE::2026-06-30.01:45:07::SCWMssOS::Checking the sw design at  D:/jh_workspace/0629_axi_spi_uart_timer_gpio/final/0630_faxi_spi_uart/microblaze_0/standalone_microblaze_0/bsp/system.mss
TRACE::2026-06-30.01:45:07::SCWMssOS::DEBUG:  swdes dump  D:/jh_workspace/0629_axi_spi_uart_timer_gpio/final/0630_faxi_spi_uart/microblaze_0/standalone_microblaze_0/bsp/system.mss|system||

TRACE::2026-06-30.01:45:07::SCWMssOS::Sw design exists and opened at  D:/jh_workspace/0629_axi_spi_uart_timer_gpio/final/0630_faxi_spi_uart/microblaze_0/standalone_microblaze_0/bsp/system.mss
TRACE::2026-06-30.01:45:07::SCWMssOS::Completed writing the mss file at D:/jh_workspace/0629_axi_spi_uart_timer_gpio/final/0630_faxi_spi_uart/microblaze_0/standalone_microblaze_0/bsp
TRACE::2026-06-30.01:45:07::SCWMssOS::Mss edits present, copying mssfile into export location D:/jh_workspace/0629_axi_spi_uart_timer_gpio/final/0630_faxi_spi_uart/microblaze_0/standalone_microblaze_0/bsp/system.mss
TRACE::2026-06-30.01:45:07::SCWMssOS::bsp generated is upto date with the mss file. Skipping bsp generation.
TRACE::2026-06-30.01:45:07::SCWMssOS::BSP is already built. skipping the bsp build ... 
TRACE::2026-06-30.01:45:07::SCWDomain::Skipping the build for domain :  standalone_microblaze_0
TRACE::2026-06-30.01:45:07::SCWMssOS::skipping the bsp build ... 
TRACE::2026-06-30.01:45:07::SCWMssOS::Copying to export directory.
TRACE::2026-06-30.01:45:07::SCWMssOS:: Checking if to create the Supporting Applications
TRACE::2026-06-30.01:45:07::SCWMssOS:: No Linux domain exists, trying to generate FSBL 
LOG::2026-06-30.01:45:07::SCWSystem::Completed Processing the domain standalone_microblaze_0
LOG::2026-06-30.01:45:07::SCWSystem::Completed Processing the sysconfig 0630_faxi_spi_uart
LOG::2026-06-30.01:45:07::SCWPlatform::Completed generating the artifacts for system configuration 0630_faxi_spi_uart
TRACE::2026-06-30.01:45:07::SCWPlatform::Started preparing the platform 
TRACE::2026-06-30.01:45:07::SCWSystem::Writing the bif file for system config 0630_faxi_spi_uart
TRACE::2026-06-30.01:45:07::SCWSystem::dir created 
TRACE::2026-06-30.01:45:07::SCWSystem::Writing the bif 
TRACE::2026-06-30.01:45:07::SCWPlatform::Started writing the spfm file 
TRACE::2026-06-30.01:45:07::SCWPlatform::Started writing the xpfm file 
TRACE::2026-06-30.01:45:07::SCWPlatform::Completed generating the platform
TRACE::2026-06-30.01:45:07::SCWMssOS::Saving the mss changes D:/jh_workspace/0629_axi_spi_uart_timer_gpio/final/0630_faxi_spi_uart/microblaze_0/standalone_microblaze_0/bsp/system.mss
TRACE::2026-06-30.01:45:07::SCWMssOS::Found a swdesign opened with the mssfile.
TRACE::2026-06-30.01:45:07::SCWMssOS::Completed writemss as part of save.
TRACE::2026-06-30.01:45:07::SCWMssOS::Commit changes completed.
TRACE::2026-06-30.01:45:07::SCWPlatform::Trying to open the hw design at D:/jh_workspace/0629_axi_spi_uart_timer_gpio/final/0630_faxi_spi_uart/hw/0630_faxi_spi_uart.xsa
TRACE::2026-06-30.01:45:07::SCWPlatform::DSA given D:/jh_workspace/0629_axi_spi_uart_timer_gpio/final/0630_faxi_spi_uart/hw/0630_faxi_spi_uart.xsa
TRACE::2026-06-30.01:45:07::SCWPlatform::DSA absoulate path D:/jh_workspace/0629_axi_spi_uart_timer_gpio/final/0630_faxi_spi_uart/hw/0630_faxi_spi_uart.xsa
TRACE::2026-06-30.01:45:07::SCWPlatform::DSA directory D:/jh_workspace/0629_axi_spi_uart_timer_gpio/final/0630_faxi_spi_uart/hw
TRACE::2026-06-30.01:45:07::SCWPlatform:: Platform Path D:/jh_workspace/0629_axi_spi_uart_timer_gpio/final/0630_faxi_spi_uart/hw/0630_faxi_spi_uart.xsa
TRACE::2026-06-30.01:45:07::SCWPlatform:: Unique name xilinx:basys3::0.0
TRACE::2026-06-30.01:45:07::SCWPlatform::Trying to set the existing hwdb with name axi_system_wrapper_0
TRACE::2026-06-30.01:45:07::SCWPlatform::Opened existing hwdb axi_system_wrapper_0
TRACE::2026-06-30.01:45:07::SCWPlatform::Found the Hw Db part of the input DSA
TRACE::2026-06-30.01:45:07::SCWMssOS::Checking the sw design at  D:/jh_workspace/0629_axi_spi_uart_timer_gpio/final/0630_faxi_spi_uart/microblaze_0/standalone_microblaze_0/bsp/system.mss
TRACE::2026-06-30.01:45:07::SCWMssOS::DEBUG:  swdes dump  D:/jh_workspace/0629_axi_spi_uart_timer_gpio/final/0630_faxi_spi_uart/microblaze_0/standalone_microblaze_0/bsp/system.mss|system||

TRACE::2026-06-30.01:45:07::SCWMssOS::Sw design exists and opened at  D:/jh_workspace/0629_axi_spi_uart_timer_gpio/final/0630_faxi_spi_uart/microblaze_0/standalone_microblaze_0/bsp/system.mss
TRACE::2026-06-30.01:45:07::SCWPlatform::Trying to open the hw design at D:/jh_workspace/0629_axi_spi_uart_timer_gpio/final/0630_faxi_spi_uart/hw/0630_faxi_spi_uart.xsa
TRACE::2026-06-30.01:45:07::SCWPlatform::DSA given D:/jh_workspace/0629_axi_spi_uart_timer_gpio/final/0630_faxi_spi_uart/hw/0630_faxi_spi_uart.xsa
TRACE::2026-06-30.01:45:07::SCWPlatform::DSA absoulate path D:/jh_workspace/0629_axi_spi_uart_timer_gpio/final/0630_faxi_spi_uart/hw/0630_faxi_spi_uart.xsa
TRACE::2026-06-30.01:45:07::SCWPlatform::DSA directory D:/jh_workspace/0629_axi_spi_uart_timer_gpio/final/0630_faxi_spi_uart/hw
TRACE::2026-06-30.01:45:07::SCWPlatform:: Platform Path D:/jh_workspace/0629_axi_spi_uart_timer_gpio/final/0630_faxi_spi_uart/hw/0630_faxi_spi_uart.xsa
TRACE::2026-06-30.01:45:07::SCWPlatform:: Unique name xilinx:basys3::0.0
TRACE::2026-06-30.01:45:07::SCWPlatform::Trying to set the existing hwdb with name axi_system_wrapper_0
TRACE::2026-06-30.01:45:07::SCWPlatform::Opened existing hwdb axi_system_wrapper_0
TRACE::2026-06-30.01:45:07::SCWPlatform::Found the Hw Db part of the input DSA
TRACE::2026-06-30.01:45:07::SCWMssOS::Checking the sw design at  D:/jh_workspace/0629_axi_spi_uart_timer_gpio/final/0630_faxi_spi_uart/microblaze_0/standalone_microblaze_0/bsp/system.mss
TRACE::2026-06-30.01:45:07::SCWMssOS::DEBUG:  swdes dump  D:/jh_workspace/0629_axi_spi_uart_timer_gpio/final/0630_faxi_spi_uart/microblaze_0/standalone_microblaze_0/bsp/system.mss|system||

TRACE::2026-06-30.01:45:07::SCWMssOS::Sw design exists and opened at  D:/jh_workspace/0629_axi_spi_uart_timer_gpio/final/0630_faxi_spi_uart/microblaze_0/standalone_microblaze_0/bsp/system.mss
TRACE::2026-06-30.01:45:07::SCWPlatform::Trying to open the hw design at D:/jh_workspace/0629_axi_spi_uart_timer_gpio/final/0630_faxi_spi_uart/hw/0630_faxi_spi_uart.xsa
TRACE::2026-06-30.01:45:07::SCWPlatform::DSA given D:/jh_workspace/0629_axi_spi_uart_timer_gpio/final/0630_faxi_spi_uart/hw/0630_faxi_spi_uart.xsa
TRACE::2026-06-30.01:45:07::SCWPlatform::DSA absoulate path D:/jh_workspace/0629_axi_spi_uart_timer_gpio/final/0630_faxi_spi_uart/hw/0630_faxi_spi_uart.xsa
TRACE::2026-06-30.01:45:07::SCWPlatform::DSA directory D:/jh_workspace/0629_axi_spi_uart_timer_gpio/final/0630_faxi_spi_uart/hw
TRACE::2026-06-30.01:45:07::SCWPlatform:: Platform Path D:/jh_workspace/0629_axi_spi_uart_timer_gpio/final/0630_faxi_spi_uart/hw/0630_faxi_spi_uart.xsa
TRACE::2026-06-30.01:45:07::SCWPlatform:: Unique name xilinx:basys3::0.0
TRACE::2026-06-30.01:45:07::SCWPlatform::Trying to set the existing hwdb with name axi_system_wrapper_0
TRACE::2026-06-30.01:45:07::SCWPlatform::Opened existing hwdb axi_system_wrapper_0
TRACE::2026-06-30.01:45:07::SCWPlatform::Found the Hw Db part of the input DSA
TRACE::2026-06-30.01:45:07::SCWMssOS::Checking the sw design at  D:/jh_workspace/0629_axi_spi_uart_timer_gpio/final/0630_faxi_spi_uart/microblaze_0/standalone_microblaze_0/bsp/system.mss
TRACE::2026-06-30.01:45:07::SCWMssOS::DEBUG:  swdes dump  D:/jh_workspace/0629_axi_spi_uart_timer_gpio/final/0630_faxi_spi_uart/microblaze_0/standalone_microblaze_0/bsp/system.mss|system||

TRACE::2026-06-30.01:45:07::SCWMssOS::Sw design exists and opened at  D:/jh_workspace/0629_axi_spi_uart_timer_gpio/final/0630_faxi_spi_uart/microblaze_0/standalone_microblaze_0/bsp/system.mss
TRACE::2026-06-30.01:45:07::SCWWriter::formatted JSON is {
	"platformName":	"0630_faxi_spi_uart",
	"sprVersion":	"2.0",
	"mode":	"gui",
	"dsaType":	"Fixed",
	"platformDesc":	"0630_faxi_spi_uart",
	"platHandOff":	"D:/jh_workspace/0629_axi_spi_uart_timer_gpio/0630_faxi_spi_uart.xsa",
	"platIntHandOff":	"<platformDir>/hw/0630_faxi_spi_uart.xsa",
	"deviceType":	"FPGA",
	"platIsPrebuiltAutogen":	"false",
	"platIsNoBootBsp":	"false",
	"hasFsblMakeHasChanges":	"false",
	"hasPmufwMakeHasChanges":	"false",
	"platPreBuiltFlag":	false,
	"platformSamplesDir":	"",
	"platActiveSys":	"0630_faxi_spi_uart",
	"systems":	[{
			"systemName":	"0630_faxi_spi_uart",
			"systemDesc":	"0630_faxi_spi_uart",
			"sysIsBootAutoGen":	"true",
			"systemDispName":	"0630_faxi_spi_uart",
			"sysActiveDom":	"standalone_microblaze_0",
			"sysDefaultDom":	"standalone_microblaze_0",
			"domains":	[{
					"domainName":	"standalone_microblaze_0",
					"domainDispName":	"standalone_microblaze_0",
					"domainDesc":	"standalone_microblaze_0",
					"processors":	"microblaze_0",
					"os":	"standalone",
					"sdxOs":	"standalone",
					"debugEnable":	"False",
					"domRuntimes":	["cpp"],
					"swRepo":	"",
					"mssOsVer":	"7.3",
					"mssFile":	"",
					"md5Digest":	"21a57f7a7515368fc1c8ff5369e72780",
					"compatibleApp":	"empty_application",
					"domType":	"mssDomain",
					"arch":	"32-bit",
					"appSettings":	{
						"appCompilerFlags":	"",
						"appLinkerFlags":	""
					},
					"addedLibs":	[],
					"libOptions":	{
						"libsContainingOptions":	[]
					},
					"prebuiltLibs":	{
						"prebuiltIncPath":	[],
						"prebuiltLibPath":	[]
					},
					"isolation":	{
					}
				}]
		}]
}
KEYINFO::2026-06-30.01:45:07::SCWPlatform::updated the xpfm file.
TRACE::2026-06-30.01:45:07::SCWPlatform::Trying to open the hw design at D:/jh_workspace/0629_axi_spi_uart_timer_gpio/final/0630_faxi_spi_uart/hw/0630_faxi_spi_uart.xsa
TRACE::2026-06-30.01:45:07::SCWPlatform::DSA given D:/jh_workspace/0629_axi_spi_uart_timer_gpio/final/0630_faxi_spi_uart/hw/0630_faxi_spi_uart.xsa
TRACE::2026-06-30.01:45:07::SCWPlatform::DSA absoulate path D:/jh_workspace/0629_axi_spi_uart_timer_gpio/final/0630_faxi_spi_uart/hw/0630_faxi_spi_uart.xsa
TRACE::2026-06-30.01:45:07::SCWPlatform::DSA directory D:/jh_workspace/0629_axi_spi_uart_timer_gpio/final/0630_faxi_spi_uart/hw
TRACE::2026-06-30.01:45:07::SCWPlatform:: Platform Path D:/jh_workspace/0629_axi_spi_uart_timer_gpio/final/0630_faxi_spi_uart/hw/0630_faxi_spi_uart.xsa
TRACE::2026-06-30.01:45:07::SCWPlatform:: Unique name xilinx:basys3::0.0
TRACE::2026-06-30.01:45:07::SCWPlatform::Trying to set the existing hwdb with name axi_system_wrapper_0
TRACE::2026-06-30.01:45:07::SCWPlatform::Opened existing hwdb axi_system_wrapper_0
TRACE::2026-06-30.01:45:07::SCWPlatform::Found the Hw Db part of the input DSA
TRACE::2026-06-30.01:45:07::SCWMssOS::Checking the sw design at  D:/jh_workspace/0629_axi_spi_uart_timer_gpio/final/0630_faxi_spi_uart/microblaze_0/standalone_microblaze_0/bsp/system.mss
TRACE::2026-06-30.01:45:07::SCWMssOS::DEBUG:  swdes dump  D:/jh_workspace/0629_axi_spi_uart_timer_gpio/final/0630_faxi_spi_uart/microblaze_0/standalone_microblaze_0/bsp/system.mss|system||

TRACE::2026-06-30.01:45:07::SCWMssOS::Sw design exists and opened at  D:/jh_workspace/0629_axi_spi_uart_timer_gpio/final/0630_faxi_spi_uart/microblaze_0/standalone_microblaze_0/bsp/system.mss
TRACE::2026-06-30.01:45:07::SCWMssOS::Saving the mss changes D:/jh_workspace/0629_axi_spi_uart_timer_gpio/final/0630_faxi_spi_uart/microblaze_0/standalone_microblaze_0/bsp/system.mss
TRACE::2026-06-30.01:45:07::SCWMssOS::Found a swdesign opened with the mssfile.
TRACE::2026-06-30.01:45:07::SCWMssOS::Completed writemss as part of save.
TRACE::2026-06-30.01:45:07::SCWMssOS::Commit changes completed.
TRACE::2026-06-30.01:45:07::SCWPlatform::Trying to open the hw design at D:/jh_workspace/0629_axi_spi_uart_timer_gpio/final/0630_faxi_spi_uart/hw/0630_faxi_spi_uart.xsa
TRACE::2026-06-30.01:45:07::SCWPlatform::DSA given D:/jh_workspace/0629_axi_spi_uart_timer_gpio/final/0630_faxi_spi_uart/hw/0630_faxi_spi_uart.xsa
TRACE::2026-06-30.01:45:07::SCWPlatform::DSA absoulate path D:/jh_workspace/0629_axi_spi_uart_timer_gpio/final/0630_faxi_spi_uart/hw/0630_faxi_spi_uart.xsa
TRACE::2026-06-30.01:45:07::SCWPlatform::DSA directory D:/jh_workspace/0629_axi_spi_uart_timer_gpio/final/0630_faxi_spi_uart/hw
TRACE::2026-06-30.01:45:07::SCWPlatform:: Platform Path D:/jh_workspace/0629_axi_spi_uart_timer_gpio/final/0630_faxi_spi_uart/hw/0630_faxi_spi_uart.xsa
TRACE::2026-06-30.01:45:07::SCWPlatform:: Unique name xilinx:basys3::0.0
TRACE::2026-06-30.01:45:07::SCWPlatform::Trying to set the existing hwdb with name axi_system_wrapper_0
TRACE::2026-06-30.01:45:07::SCWPlatform::Opened existing hwdb axi_system_wrapper_0
TRACE::2026-06-30.01:45:07::SCWPlatform::Found the Hw Db part of the input DSA
TRACE::2026-06-30.01:45:07::SCWMssOS::Checking the sw design at  D:/jh_workspace/0629_axi_spi_uart_timer_gpio/final/0630_faxi_spi_uart/microblaze_0/standalone_microblaze_0/bsp/system.mss
TRACE::2026-06-30.01:45:07::SCWMssOS::DEBUG:  swdes dump  D:/jh_workspace/0629_axi_spi_uart_timer_gpio/final/0630_faxi_spi_uart/microblaze_0/standalone_microblaze_0/bsp/system.mss|system||

TRACE::2026-06-30.01:45:07::SCWMssOS::Sw design exists and opened at  D:/jh_workspace/0629_axi_spi_uart_timer_gpio/final/0630_faxi_spi_uart/microblaze_0/standalone_microblaze_0/bsp/system.mss
TRACE::2026-06-30.01:45:07::SCWPlatform::Trying to open the hw design at D:/jh_workspace/0629_axi_spi_uart_timer_gpio/final/0630_faxi_spi_uart/hw/0630_faxi_spi_uart.xsa
TRACE::2026-06-30.01:45:07::SCWPlatform::DSA given D:/jh_workspace/0629_axi_spi_uart_timer_gpio/final/0630_faxi_spi_uart/hw/0630_faxi_spi_uart.xsa
TRACE::2026-06-30.01:45:07::SCWPlatform::DSA absoulate path D:/jh_workspace/0629_axi_spi_uart_timer_gpio/final/0630_faxi_spi_uart/hw/0630_faxi_spi_uart.xsa
TRACE::2026-06-30.01:45:07::SCWPlatform::DSA directory D:/jh_workspace/0629_axi_spi_uart_timer_gpio/final/0630_faxi_spi_uart/hw
TRACE::2026-06-30.01:45:07::SCWPlatform:: Platform Path D:/jh_workspace/0629_axi_spi_uart_timer_gpio/final/0630_faxi_spi_uart/hw/0630_faxi_spi_uart.xsa
TRACE::2026-06-30.01:45:07::SCWPlatform:: Unique name xilinx:basys3::0.0
TRACE::2026-06-30.01:45:07::SCWPlatform::Trying to set the existing hwdb with name axi_system_wrapper_0
TRACE::2026-06-30.01:45:07::SCWPlatform::Opened existing hwdb axi_system_wrapper_0
TRACE::2026-06-30.01:45:07::SCWPlatform::Found the Hw Db part of the input DSA
TRACE::2026-06-30.01:45:07::SCWMssOS::Checking the sw design at  D:/jh_workspace/0629_axi_spi_uart_timer_gpio/final/0630_faxi_spi_uart/microblaze_0/standalone_microblaze_0/bsp/system.mss
TRACE::2026-06-30.01:45:07::SCWMssOS::DEBUG:  swdes dump  D:/jh_workspace/0629_axi_spi_uart_timer_gpio/final/0630_faxi_spi_uart/microblaze_0/standalone_microblaze_0/bsp/system.mss|system||

TRACE::2026-06-30.01:45:07::SCWMssOS::Sw design exists and opened at  D:/jh_workspace/0629_axi_spi_uart_timer_gpio/final/0630_faxi_spi_uart/microblaze_0/standalone_microblaze_0/bsp/system.mss
TRACE::2026-06-30.01:45:07::SCWPlatform::Trying to open the hw design at D:/jh_workspace/0629_axi_spi_uart_timer_gpio/final/0630_faxi_spi_uart/hw/0630_faxi_spi_uart.xsa
TRACE::2026-06-30.01:45:07::SCWPlatform::DSA given D:/jh_workspace/0629_axi_spi_uart_timer_gpio/final/0630_faxi_spi_uart/hw/0630_faxi_spi_uart.xsa
TRACE::2026-06-30.01:45:07::SCWPlatform::DSA absoulate path D:/jh_workspace/0629_axi_spi_uart_timer_gpio/final/0630_faxi_spi_uart/hw/0630_faxi_spi_uart.xsa
TRACE::2026-06-30.01:45:07::SCWPlatform::DSA directory D:/jh_workspace/0629_axi_spi_uart_timer_gpio/final/0630_faxi_spi_uart/hw
TRACE::2026-06-30.01:45:07::SCWPlatform:: Platform Path D:/jh_workspace/0629_axi_spi_uart_timer_gpio/final/0630_faxi_spi_uart/hw/0630_faxi_spi_uart.xsa
TRACE::2026-06-30.01:45:07::SCWPlatform:: Unique name xilinx:basys3::0.0
TRACE::2026-06-30.01:45:07::SCWPlatform::Trying to set the existing hwdb with name axi_system_wrapper_0
TRACE::2026-06-30.01:45:07::SCWPlatform::Opened existing hwdb axi_system_wrapper_0
TRACE::2026-06-30.01:45:07::SCWPlatform::Found the Hw Db part of the input DSA
TRACE::2026-06-30.01:45:07::SCWMssOS::Checking the sw design at  D:/jh_workspace/0629_axi_spi_uart_timer_gpio/final/0630_faxi_spi_uart/microblaze_0/standalone_microblaze_0/bsp/system.mss
TRACE::2026-06-30.01:45:07::SCWMssOS::DEBUG:  swdes dump  D:/jh_workspace/0629_axi_spi_uart_timer_gpio/final/0630_faxi_spi_uart/microblaze_0/standalone_microblaze_0/bsp/system.mss|system||

TRACE::2026-06-30.01:45:07::SCWMssOS::Sw design exists and opened at  D:/jh_workspace/0629_axi_spi_uart_timer_gpio/final/0630_faxi_spi_uart/microblaze_0/standalone_microblaze_0/bsp/system.mss
TRACE::2026-06-30.01:45:07::SCWWriter::formatted JSON is {
	"platformName":	"0630_faxi_spi_uart",
	"sprVersion":	"2.0",
	"mode":	"gui",
	"dsaType":	"Fixed",
	"platformDesc":	"0630_faxi_spi_uart",
	"platHandOff":	"D:/jh_workspace/0629_axi_spi_uart_timer_gpio/0630_faxi_spi_uart.xsa",
	"platIntHandOff":	"<platformDir>/hw/0630_faxi_spi_uart.xsa",
	"deviceType":	"FPGA",
	"platIsPrebuiltAutogen":	"false",
	"platIsNoBootBsp":	"false",
	"hasFsblMakeHasChanges":	"false",
	"hasPmufwMakeHasChanges":	"false",
	"platPreBuiltFlag":	false,
	"platformSamplesDir":	"",
	"platActiveSys":	"0630_faxi_spi_uart",
	"systems":	[{
			"systemName":	"0630_faxi_spi_uart",
			"systemDesc":	"0630_faxi_spi_uart",
			"sysIsBootAutoGen":	"true",
			"systemDispName":	"0630_faxi_spi_uart",
			"sysActiveDom":	"standalone_microblaze_0",
			"sysDefaultDom":	"standalone_microblaze_0",
			"domains":	[{
					"domainName":	"standalone_microblaze_0",
					"domainDispName":	"standalone_microblaze_0",
					"domainDesc":	"standalone_microblaze_0",
					"processors":	"microblaze_0",
					"os":	"standalone",
					"sdxOs":	"standalone",
					"debugEnable":	"False",
					"domRuntimes":	["cpp"],
					"swRepo":	"",
					"mssOsVer":	"7.3",
					"mssFile":	"",
					"md5Digest":	"21a57f7a7515368fc1c8ff5369e72780",
					"compatibleApp":	"empty_application",
					"domType":	"mssDomain",
					"arch":	"32-bit",
					"appSettings":	{
						"appCompilerFlags":	"",
						"appLinkerFlags":	""
					},
					"addedLibs":	[],
					"libOptions":	{
						"libsContainingOptions":	[]
					},
					"prebuiltLibs":	{
						"prebuiltIncPath":	[],
						"prebuiltLibPath":	[]
					},
					"isolation":	{
					}
				}]
		}]
}
TRACE::2026-06-30.01:45:07::SCWPlatform::Trying to open the hw design at D:/jh_workspace/0629_axi_spi_uart_timer_gpio/final/0630_faxi_spi_uart/hw/0630_faxi_spi_uart.xsa
TRACE::2026-06-30.01:45:07::SCWPlatform::DSA given D:/jh_workspace/0629_axi_spi_uart_timer_gpio/final/0630_faxi_spi_uart/hw/0630_faxi_spi_uart.xsa
TRACE::2026-06-30.01:45:07::SCWPlatform::DSA absoulate path D:/jh_workspace/0629_axi_spi_uart_timer_gpio/final/0630_faxi_spi_uart/hw/0630_faxi_spi_uart.xsa
TRACE::2026-06-30.01:45:07::SCWPlatform::DSA directory D:/jh_workspace/0629_axi_spi_uart_timer_gpio/final/0630_faxi_spi_uart/hw
TRACE::2026-06-30.01:45:07::SCWPlatform:: Platform Path D:/jh_workspace/0629_axi_spi_uart_timer_gpio/final/0630_faxi_spi_uart/hw/0630_faxi_spi_uart.xsa
TRACE::2026-06-30.01:45:07::SCWPlatform:: Unique name xilinx:basys3::0.0
TRACE::2026-06-30.01:45:07::SCWPlatform::Trying to set the existing hwdb with name axi_system_wrapper_0
TRACE::2026-06-30.01:45:07::SCWPlatform::Opened existing hwdb axi_system_wrapper_0
TRACE::2026-06-30.01:45:07::SCWPlatform::Found the Hw Db part of the input DSA
TRACE::2026-06-30.01:45:07::SCWMssOS::Checking the sw design at  D:/jh_workspace/0629_axi_spi_uart_timer_gpio/final/0630_faxi_spi_uart/microblaze_0/standalone_microblaze_0/bsp/system.mss
TRACE::2026-06-30.01:45:07::SCWMssOS::DEBUG:  swdes dump  D:/jh_workspace/0629_axi_spi_uart_timer_gpio/final/0630_faxi_spi_uart/microblaze_0/standalone_microblaze_0/bsp/system.mss|system||

TRACE::2026-06-30.01:45:07::SCWMssOS::Sw design exists and opened at  D:/jh_workspace/0629_axi_spi_uart_timer_gpio/final/0630_faxi_spi_uart/microblaze_0/standalone_microblaze_0/bsp/system.mss
TRACE::2026-06-30.01:45:07::SCWPlatform::Trying to open the hw design at D:/jh_workspace/0629_axi_spi_uart_timer_gpio/final/0630_faxi_spi_uart/hw/0630_faxi_spi_uart.xsa
TRACE::2026-06-30.01:45:07::SCWPlatform::DSA given D:/jh_workspace/0629_axi_spi_uart_timer_gpio/final/0630_faxi_spi_uart/hw/0630_faxi_spi_uart.xsa
TRACE::2026-06-30.01:45:07::SCWPlatform::DSA absoulate path D:/jh_workspace/0629_axi_spi_uart_timer_gpio/final/0630_faxi_spi_uart/hw/0630_faxi_spi_uart.xsa
TRACE::2026-06-30.01:45:07::SCWPlatform::DSA directory D:/jh_workspace/0629_axi_spi_uart_timer_gpio/final/0630_faxi_spi_uart/hw
TRACE::2026-06-30.01:45:07::SCWPlatform:: Platform Path D:/jh_workspace/0629_axi_spi_uart_timer_gpio/final/0630_faxi_spi_uart/hw/0630_faxi_spi_uart.xsa
TRACE::2026-06-30.01:45:07::SCWPlatform:: Unique name xilinx:basys3::0.0
TRACE::2026-06-30.01:45:07::SCWPlatform::Trying to set the existing hwdb with name axi_system_wrapper_0
TRACE::2026-06-30.01:45:07::SCWPlatform::Opened existing hwdb axi_system_wrapper_0
TRACE::2026-06-30.01:45:07::SCWPlatform::Found the Hw Db part of the input DSA
TRACE::2026-06-30.01:45:07::SCWMssOS::Checking the sw design at  D:/jh_workspace/0629_axi_spi_uart_timer_gpio/final/0630_faxi_spi_uart/microblaze_0/standalone_microblaze_0/bsp/system.mss
TRACE::2026-06-30.01:45:07::SCWMssOS::DEBUG:  swdes dump  D:/jh_workspace/0629_axi_spi_uart_timer_gpio/final/0630_faxi_spi_uart/microblaze_0/standalone_microblaze_0/bsp/system.mss|system||

TRACE::2026-06-30.01:45:07::SCWMssOS::Sw design exists and opened at  D:/jh_workspace/0629_axi_spi_uart_timer_gpio/final/0630_faxi_spi_uart/microblaze_0/standalone_microblaze_0/bsp/system.mss
TRACE::2026-06-30.01:45:07::SCWMssOS::Saving the mss changes D:/jh_workspace/0629_axi_spi_uart_timer_gpio/final/0630_faxi_spi_uart/microblaze_0/standalone_microblaze_0/bsp/system.mss
TRACE::2026-06-30.01:45:07::SCWMssOS::Found a swdesign opened with the mssfile.
TRACE::2026-06-30.01:45:07::SCWMssOS::Completed writemss as part of save.
TRACE::2026-06-30.01:45:07::SCWMssOS::Commit changes completed.
TRACE::2026-06-30.01:45:07::SCWPlatform::Trying to open the hw design at D:/jh_workspace/0629_axi_spi_uart_timer_gpio/final/0630_faxi_spi_uart/hw/0630_faxi_spi_uart.xsa
TRACE::2026-06-30.01:45:07::SCWPlatform::DSA given D:/jh_workspace/0629_axi_spi_uart_timer_gpio/final/0630_faxi_spi_uart/hw/0630_faxi_spi_uart.xsa
TRACE::2026-06-30.01:45:07::SCWPlatform::DSA absoulate path D:/jh_workspace/0629_axi_spi_uart_timer_gpio/final/0630_faxi_spi_uart/hw/0630_faxi_spi_uart.xsa
TRACE::2026-06-30.01:45:07::SCWPlatform::DSA directory D:/jh_workspace/0629_axi_spi_uart_timer_gpio/final/0630_faxi_spi_uart/hw
TRACE::2026-06-30.01:45:07::SCWPlatform:: Platform Path D:/jh_workspace/0629_axi_spi_uart_timer_gpio/final/0630_faxi_spi_uart/hw/0630_faxi_spi_uart.xsa
TRACE::2026-06-30.01:45:07::SCWPlatform:: Unique name xilinx:basys3::0.0
TRACE::2026-06-30.01:45:07::SCWPlatform::Trying to set the existing hwdb with name axi_system_wrapper_0
TRACE::2026-06-30.01:45:07::SCWPlatform::Opened existing hwdb axi_system_wrapper_0
TRACE::2026-06-30.01:45:07::SCWPlatform::Found the Hw Db part of the input DSA
TRACE::2026-06-30.01:45:07::SCWMssOS::Checking the sw design at  D:/jh_workspace/0629_axi_spi_uart_timer_gpio/final/0630_faxi_spi_uart/microblaze_0/standalone_microblaze_0/bsp/system.mss
TRACE::2026-06-30.01:45:07::SCWMssOS::DEBUG:  swdes dump  D:/jh_workspace/0629_axi_spi_uart_timer_gpio/final/0630_faxi_spi_uart/microblaze_0/standalone_microblaze_0/bsp/system.mss|system||

TRACE::2026-06-30.01:45:07::SCWMssOS::Sw design exists and opened at  D:/jh_workspace/0629_axi_spi_uart_timer_gpio/final/0630_faxi_spi_uart/microblaze_0/standalone_microblaze_0/bsp/system.mss
TRACE::2026-06-30.01:45:07::SCWPlatform::Trying to open the hw design at D:/jh_workspace/0629_axi_spi_uart_timer_gpio/final/0630_faxi_spi_uart/hw/0630_faxi_spi_uart.xsa
TRACE::2026-06-30.01:45:07::SCWPlatform::DSA given D:/jh_workspace/0629_axi_spi_uart_timer_gpio/final/0630_faxi_spi_uart/hw/0630_faxi_spi_uart.xsa
TRACE::2026-06-30.01:45:07::SCWPlatform::DSA absoulate path D:/jh_workspace/0629_axi_spi_uart_timer_gpio/final/0630_faxi_spi_uart/hw/0630_faxi_spi_uart.xsa
TRACE::2026-06-30.01:45:07::SCWPlatform::DSA directory D:/jh_workspace/0629_axi_spi_uart_timer_gpio/final/0630_faxi_spi_uart/hw
TRACE::2026-06-30.01:45:07::SCWPlatform:: Platform Path D:/jh_workspace/0629_axi_spi_uart_timer_gpio/final/0630_faxi_spi_uart/hw/0630_faxi_spi_uart.xsa
TRACE::2026-06-30.01:45:07::SCWPlatform:: Unique name xilinx:basys3::0.0
TRACE::2026-06-30.01:45:07::SCWPlatform::Trying to set the existing hwdb with name axi_system_wrapper_0
TRACE::2026-06-30.01:45:07::SCWPlatform::Opened existing hwdb axi_system_wrapper_0
TRACE::2026-06-30.01:45:07::SCWPlatform::Found the Hw Db part of the input DSA
TRACE::2026-06-30.01:45:07::SCWMssOS::Checking the sw design at  D:/jh_workspace/0629_axi_spi_uart_timer_gpio/final/0630_faxi_spi_uart/microblaze_0/standalone_microblaze_0/bsp/system.mss
TRACE::2026-06-30.01:45:07::SCWMssOS::DEBUG:  swdes dump  D:/jh_workspace/0629_axi_spi_uart_timer_gpio/final/0630_faxi_spi_uart/microblaze_0/standalone_microblaze_0/bsp/system.mss|system||

TRACE::2026-06-30.01:45:07::SCWMssOS::Sw design exists and opened at  D:/jh_workspace/0629_axi_spi_uart_timer_gpio/final/0630_faxi_spi_uart/microblaze_0/standalone_microblaze_0/bsp/system.mss
TRACE::2026-06-30.01:45:07::SCWPlatform::Trying to open the hw design at D:/jh_workspace/0629_axi_spi_uart_timer_gpio/final/0630_faxi_spi_uart/hw/0630_faxi_spi_uart.xsa
TRACE::2026-06-30.01:45:07::SCWPlatform::DSA given D:/jh_workspace/0629_axi_spi_uart_timer_gpio/final/0630_faxi_spi_uart/hw/0630_faxi_spi_uart.xsa
TRACE::2026-06-30.01:45:07::SCWPlatform::DSA absoulate path D:/jh_workspace/0629_axi_spi_uart_timer_gpio/final/0630_faxi_spi_uart/hw/0630_faxi_spi_uart.xsa
TRACE::2026-06-30.01:45:07::SCWPlatform::DSA directory D:/jh_workspace/0629_axi_spi_uart_timer_gpio/final/0630_faxi_spi_uart/hw
TRACE::2026-06-30.01:45:07::SCWPlatform:: Platform Path D:/jh_workspace/0629_axi_spi_uart_timer_gpio/final/0630_faxi_spi_uart/hw/0630_faxi_spi_uart.xsa
TRACE::2026-06-30.01:45:07::SCWPlatform:: Unique name xilinx:basys3::0.0
TRACE::2026-06-30.01:45:07::SCWPlatform::Trying to set the existing hwdb with name axi_system_wrapper_0
TRACE::2026-06-30.01:45:07::SCWPlatform::Opened existing hwdb axi_system_wrapper_0
TRACE::2026-06-30.01:45:07::SCWPlatform::Found the Hw Db part of the input DSA
TRACE::2026-06-30.01:45:07::SCWMssOS::Checking the sw design at  D:/jh_workspace/0629_axi_spi_uart_timer_gpio/final/0630_faxi_spi_uart/microblaze_0/standalone_microblaze_0/bsp/system.mss
TRACE::2026-06-30.01:45:07::SCWMssOS::DEBUG:  swdes dump  D:/jh_workspace/0629_axi_spi_uart_timer_gpio/final/0630_faxi_spi_uart/microblaze_0/standalone_microblaze_0/bsp/system.mss|system||

TRACE::2026-06-30.01:45:07::SCWMssOS::Sw design exists and opened at  D:/jh_workspace/0629_axi_spi_uart_timer_gpio/final/0630_faxi_spi_uart/microblaze_0/standalone_microblaze_0/bsp/system.mss
TRACE::2026-06-30.01:45:07::SCWWriter::formatted JSON is {
	"platformName":	"0630_faxi_spi_uart",
	"sprVersion":	"2.0",
	"mode":	"gui",
	"dsaType":	"Fixed",
	"platformDesc":	"0630_faxi_spi_uart",
	"platHandOff":	"D:/jh_workspace/0629_axi_spi_uart_timer_gpio/0630_faxi_spi_uart.xsa",
	"platIntHandOff":	"<platformDir>/hw/0630_faxi_spi_uart.xsa",
	"deviceType":	"FPGA",
	"platIsPrebuiltAutogen":	"false",
	"platIsNoBootBsp":	"false",
	"hasFsblMakeHasChanges":	"false",
	"hasPmufwMakeHasChanges":	"false",
	"platPreBuiltFlag":	false,
	"platformSamplesDir":	"",
	"platActiveSys":	"0630_faxi_spi_uart",
	"systems":	[{
			"systemName":	"0630_faxi_spi_uart",
			"systemDesc":	"0630_faxi_spi_uart",
			"sysIsBootAutoGen":	"true",
			"systemDispName":	"0630_faxi_spi_uart",
			"sysActiveDom":	"standalone_microblaze_0",
			"sysDefaultDom":	"standalone_microblaze_0",
			"domains":	[{
					"domainName":	"standalone_microblaze_0",
					"domainDispName":	"standalone_microblaze_0",
					"domainDesc":	"standalone_microblaze_0",
					"processors":	"microblaze_0",
					"os":	"standalone",
					"sdxOs":	"standalone",
					"debugEnable":	"False",
					"domRuntimes":	["cpp"],
					"swRepo":	"",
					"mssOsVer":	"7.3",
					"mssFile":	"",
					"md5Digest":	"21a57f7a7515368fc1c8ff5369e72780",
					"compatibleApp":	"empty_application",
					"domType":	"mssDomain",
					"arch":	"32-bit",
					"appSettings":	{
						"appCompilerFlags":	"",
						"appLinkerFlags":	""
					},
					"addedLibs":	[],
					"libOptions":	{
						"libsContainingOptions":	[]
					},
					"prebuiltLibs":	{
						"prebuiltIncPath":	[],
						"prebuiltLibPath":	[]
					},
					"isolation":	{
					}
				}]
		}]
}
LOG::2026-06-30.01:45:07::SCWPlatform::Started generating the artifacts platform 0630_faxi_spi_uart
TRACE::2026-06-30.01:45:07::SCWPlatform::Sanity checking of platform is completed
LOG::2026-06-30.01:45:07::SCWPlatform::Started generating the artifacts for system configuration 0630_faxi_spi_uart
LOG::2026-06-30.01:45:07::SCWSystem::Started Processing the domain standalone_microblaze_0
TRACE::2026-06-30.01:45:07::SCWDomain::Generating domain artifcats
TRACE::2026-06-30.01:45:07::SCWMssOS::Generating standalone artifcats
TRACE::2026-06-30.01:45:07::SCWMssOS:: Copying the user libraries. 
TRACE::2026-06-30.01:45:07::SCWPlatform::Trying to open the hw design at D:/jh_workspace/0629_axi_spi_uart_timer_gpio/final/0630_faxi_spi_uart/hw/0630_faxi_spi_uart.xsa
TRACE::2026-06-30.01:45:07::SCWPlatform::DSA given D:/jh_workspace/0629_axi_spi_uart_timer_gpio/final/0630_faxi_spi_uart/hw/0630_faxi_spi_uart.xsa
TRACE::2026-06-30.01:45:07::SCWPlatform::DSA absoulate path D:/jh_workspace/0629_axi_spi_uart_timer_gpio/final/0630_faxi_spi_uart/hw/0630_faxi_spi_uart.xsa
TRACE::2026-06-30.01:45:07::SCWPlatform::DSA directory D:/jh_workspace/0629_axi_spi_uart_timer_gpio/final/0630_faxi_spi_uart/hw
TRACE::2026-06-30.01:45:07::SCWPlatform:: Platform Path D:/jh_workspace/0629_axi_spi_uart_timer_gpio/final/0630_faxi_spi_uart/hw/0630_faxi_spi_uart.xsa
TRACE::2026-06-30.01:45:07::SCWPlatform:: Unique name xilinx:basys3::0.0
TRACE::2026-06-30.01:45:07::SCWPlatform::Trying to set the existing hwdb with name axi_system_wrapper_0
TRACE::2026-06-30.01:45:07::SCWPlatform::Opened existing hwdb axi_system_wrapper_0
TRACE::2026-06-30.01:45:07::SCWPlatform::Found the Hw Db part of the input DSA
TRACE::2026-06-30.01:45:07::SCWMssOS::Checking the sw design at  D:/jh_workspace/0629_axi_spi_uart_timer_gpio/final/0630_faxi_spi_uart/microblaze_0/standalone_microblaze_0/bsp/system.mss
TRACE::2026-06-30.01:45:07::SCWMssOS::DEBUG:  swdes dump  D:/jh_workspace/0629_axi_spi_uart_timer_gpio/final/0630_faxi_spi_uart/microblaze_0/standalone_microblaze_0/bsp/system.mss|system||

TRACE::2026-06-30.01:45:07::SCWMssOS::Sw design exists and opened at  D:/jh_workspace/0629_axi_spi_uart_timer_gpio/final/0630_faxi_spi_uart/microblaze_0/standalone_microblaze_0/bsp/system.mss
TRACE::2026-06-30.01:45:07::SCWMssOS::Completed writing the mss file at D:/jh_workspace/0629_axi_spi_uart_timer_gpio/final/0630_faxi_spi_uart/microblaze_0/standalone_microblaze_0/bsp
TRACE::2026-06-30.01:45:07::SCWMssOS::Mss edits present, copying mssfile into export location D:/jh_workspace/0629_axi_spi_uart_timer_gpio/final/0630_faxi_spi_uart/microblaze_0/standalone_microblaze_0/bsp/system.mss
TRACE::2026-06-30.01:45:07::SCWMssOS::bsp generated is upto date with the mss file. Skipping bsp generation.
TRACE::2026-06-30.01:45:07::SCWMssOS::BSP is already built. skipping the bsp build ... 
TRACE::2026-06-30.01:45:07::SCWDomain::Building the domain as part of full build :  standalone_microblaze_0
TRACE::2026-06-30.01:45:07::SCWMssOS::skipping the bsp build ... 
TRACE::2026-06-30.01:45:07::SCWMssOS::Copying to export directory.
TRACE::2026-06-30.01:45:07::SCWMssOS:: Checking if to create the Supporting Applications
TRACE::2026-06-30.01:45:07::SCWMssOS:: No Linux domain exists, trying to generate FSBL 
LOG::2026-06-30.01:45:07::SCWSystem::Completed Processing the domain standalone_microblaze_0
LOG::2026-06-30.01:45:07::SCWSystem::Completed Processing the sysconfig 0630_faxi_spi_uart
LOG::2026-06-30.01:45:07::SCWPlatform::Completed generating the artifacts for system configuration 0630_faxi_spi_uart
TRACE::2026-06-30.01:45:07::SCWPlatform::Started preparing the platform 
TRACE::2026-06-30.01:45:07::SCWSystem::Writing the bif file for system config 0630_faxi_spi_uart
TRACE::2026-06-30.01:45:07::SCWSystem::dir created 
TRACE::2026-06-30.01:45:07::SCWSystem::Writing the bif 
TRACE::2026-06-30.01:45:07::SCWPlatform::Started writing the spfm file 
TRACE::2026-06-30.01:45:07::SCWPlatform::Started writing the xpfm file 
TRACE::2026-06-30.01:45:07::SCWPlatform::Completed generating the platform
TRACE::2026-06-30.01:45:07::SCWMssOS::Saving the mss changes D:/jh_workspace/0629_axi_spi_uart_timer_gpio/final/0630_faxi_spi_uart/microblaze_0/standalone_microblaze_0/bsp/system.mss
TRACE::2026-06-30.01:45:07::SCWMssOS::Found a swdesign opened with the mssfile.
TRACE::2026-06-30.01:45:07::SCWMssOS::Completed writemss as part of save.
TRACE::2026-06-30.01:45:07::SCWMssOS::Commit changes completed.
TRACE::2026-06-30.01:45:07::SCWPlatform::Trying to open the hw design at D:/jh_workspace/0629_axi_spi_uart_timer_gpio/final/0630_faxi_spi_uart/hw/0630_faxi_spi_uart.xsa
TRACE::2026-06-30.01:45:07::SCWPlatform::DSA given D:/jh_workspace/0629_axi_spi_uart_timer_gpio/final/0630_faxi_spi_uart/hw/0630_faxi_spi_uart.xsa
TRACE::2026-06-30.01:45:07::SCWPlatform::DSA absoulate path D:/jh_workspace/0629_axi_spi_uart_timer_gpio/final/0630_faxi_spi_uart/hw/0630_faxi_spi_uart.xsa
TRACE::2026-06-30.01:45:07::SCWPlatform::DSA directory D:/jh_workspace/0629_axi_spi_uart_timer_gpio/final/0630_faxi_spi_uart/hw
TRACE::2026-06-30.01:45:07::SCWPlatform:: Platform Path D:/jh_workspace/0629_axi_spi_uart_timer_gpio/final/0630_faxi_spi_uart/hw/0630_faxi_spi_uart.xsa
TRACE::2026-06-30.01:45:07::SCWPlatform:: Unique name xilinx:basys3::0.0
TRACE::2026-06-30.01:45:07::SCWPlatform::Trying to set the existing hwdb with name axi_system_wrapper_0
TRACE::2026-06-30.01:45:07::SCWPlatform::Opened existing hwdb axi_system_wrapper_0
TRACE::2026-06-30.01:45:07::SCWPlatform::Found the Hw Db part of the input DSA
TRACE::2026-06-30.01:45:07::SCWMssOS::Checking the sw design at  D:/jh_workspace/0629_axi_spi_uart_timer_gpio/final/0630_faxi_spi_uart/microblaze_0/standalone_microblaze_0/bsp/system.mss
TRACE::2026-06-30.01:45:07::SCWMssOS::DEBUG:  swdes dump  D:/jh_workspace/0629_axi_spi_uart_timer_gpio/final/0630_faxi_spi_uart/microblaze_0/standalone_microblaze_0/bsp/system.mss|system||

TRACE::2026-06-30.01:45:07::SCWMssOS::Sw design exists and opened at  D:/jh_workspace/0629_axi_spi_uart_timer_gpio/final/0630_faxi_spi_uart/microblaze_0/standalone_microblaze_0/bsp/system.mss
TRACE::2026-06-30.01:45:07::SCWPlatform::Trying to open the hw design at D:/jh_workspace/0629_axi_spi_uart_timer_gpio/final/0630_faxi_spi_uart/hw/0630_faxi_spi_uart.xsa
TRACE::2026-06-30.01:45:07::SCWPlatform::DSA given D:/jh_workspace/0629_axi_spi_uart_timer_gpio/final/0630_faxi_spi_uart/hw/0630_faxi_spi_uart.xsa
TRACE::2026-06-30.01:45:07::SCWPlatform::DSA absoulate path D:/jh_workspace/0629_axi_spi_uart_timer_gpio/final/0630_faxi_spi_uart/hw/0630_faxi_spi_uart.xsa
TRACE::2026-06-30.01:45:07::SCWPlatform::DSA directory D:/jh_workspace/0629_axi_spi_uart_timer_gpio/final/0630_faxi_spi_uart/hw
TRACE::2026-06-30.01:45:07::SCWPlatform:: Platform Path D:/jh_workspace/0629_axi_spi_uart_timer_gpio/final/0630_faxi_spi_uart/hw/0630_faxi_spi_uart.xsa
TRACE::2026-06-30.01:45:07::SCWPlatform:: Unique name xilinx:basys3::0.0
TRACE::2026-06-30.01:45:07::SCWPlatform::Trying to set the existing hwdb with name axi_system_wrapper_0
TRACE::2026-06-30.01:45:07::SCWPlatform::Opened existing hwdb axi_system_wrapper_0
TRACE::2026-06-30.01:45:07::SCWPlatform::Found the Hw Db part of the input DSA
TRACE::2026-06-30.01:45:07::SCWMssOS::Checking the sw design at  D:/jh_workspace/0629_axi_spi_uart_timer_gpio/final/0630_faxi_spi_uart/microblaze_0/standalone_microblaze_0/bsp/system.mss
TRACE::2026-06-30.01:45:07::SCWMssOS::DEBUG:  swdes dump  D:/jh_workspace/0629_axi_spi_uart_timer_gpio/final/0630_faxi_spi_uart/microblaze_0/standalone_microblaze_0/bsp/system.mss|system||

TRACE::2026-06-30.01:45:07::SCWMssOS::Sw design exists and opened at  D:/jh_workspace/0629_axi_spi_uart_timer_gpio/final/0630_faxi_spi_uart/microblaze_0/standalone_microblaze_0/bsp/system.mss
TRACE::2026-06-30.01:45:07::SCWPlatform::Trying to open the hw design at D:/jh_workspace/0629_axi_spi_uart_timer_gpio/final/0630_faxi_spi_uart/hw/0630_faxi_spi_uart.xsa
TRACE::2026-06-30.01:45:07::SCWPlatform::DSA given D:/jh_workspace/0629_axi_spi_uart_timer_gpio/final/0630_faxi_spi_uart/hw/0630_faxi_spi_uart.xsa
TRACE::2026-06-30.01:45:08::SCWPlatform::DSA absoulate path D:/jh_workspace/0629_axi_spi_uart_timer_gpio/final/0630_faxi_spi_uart/hw/0630_faxi_spi_uart.xsa
TRACE::2026-06-30.01:45:08::SCWPlatform::DSA directory D:/jh_workspace/0629_axi_spi_uart_timer_gpio/final/0630_faxi_spi_uart/hw
TRACE::2026-06-30.01:45:08::SCWPlatform:: Platform Path D:/jh_workspace/0629_axi_spi_uart_timer_gpio/final/0630_faxi_spi_uart/hw/0630_faxi_spi_uart.xsa
TRACE::2026-06-30.01:45:08::SCWPlatform:: Unique name xilinx:basys3::0.0
TRACE::2026-06-30.01:45:08::SCWPlatform::Trying to set the existing hwdb with name axi_system_wrapper_0
TRACE::2026-06-30.01:45:08::SCWPlatform::Opened existing hwdb axi_system_wrapper_0
TRACE::2026-06-30.01:45:08::SCWPlatform::Found the Hw Db part of the input DSA
TRACE::2026-06-30.01:45:08::SCWMssOS::Checking the sw design at  D:/jh_workspace/0629_axi_spi_uart_timer_gpio/final/0630_faxi_spi_uart/microblaze_0/standalone_microblaze_0/bsp/system.mss
TRACE::2026-06-30.01:45:08::SCWMssOS::DEBUG:  swdes dump  D:/jh_workspace/0629_axi_spi_uart_timer_gpio/final/0630_faxi_spi_uart/microblaze_0/standalone_microblaze_0/bsp/system.mss|system||

TRACE::2026-06-30.01:45:08::SCWMssOS::Sw design exists and opened at  D:/jh_workspace/0629_axi_spi_uart_timer_gpio/final/0630_faxi_spi_uart/microblaze_0/standalone_microblaze_0/bsp/system.mss
TRACE::2026-06-30.01:45:08::SCWWriter::formatted JSON is {
	"platformName":	"0630_faxi_spi_uart",
	"sprVersion":	"2.0",
	"mode":	"gui",
	"dsaType":	"Fixed",
	"platformDesc":	"0630_faxi_spi_uart",
	"platHandOff":	"D:/jh_workspace/0629_axi_spi_uart_timer_gpio/0630_faxi_spi_uart.xsa",
	"platIntHandOff":	"<platformDir>/hw/0630_faxi_spi_uart.xsa",
	"deviceType":	"FPGA",
	"platIsPrebuiltAutogen":	"false",
	"platIsNoBootBsp":	"false",
	"hasFsblMakeHasChanges":	"false",
	"hasPmufwMakeHasChanges":	"false",
	"platPreBuiltFlag":	false,
	"platformSamplesDir":	"",
	"platActiveSys":	"0630_faxi_spi_uart",
	"systems":	[{
			"systemName":	"0630_faxi_spi_uart",
			"systemDesc":	"0630_faxi_spi_uart",
			"sysIsBootAutoGen":	"true",
			"systemDispName":	"0630_faxi_spi_uart",
			"sysActiveDom":	"standalone_microblaze_0",
			"sysDefaultDom":	"standalone_microblaze_0",
			"domains":	[{
					"domainName":	"standalone_microblaze_0",
					"domainDispName":	"standalone_microblaze_0",
					"domainDesc":	"standalone_microblaze_0",
					"processors":	"microblaze_0",
					"os":	"standalone",
					"sdxOs":	"standalone",
					"debugEnable":	"False",
					"domRuntimes":	["cpp"],
					"swRepo":	"",
					"mssOsVer":	"7.3",
					"mssFile":	"",
					"md5Digest":	"21a57f7a7515368fc1c8ff5369e72780",
					"compatibleApp":	"empty_application",
					"domType":	"mssDomain",
					"arch":	"32-bit",
					"appSettings":	{
						"appCompilerFlags":	"",
						"appLinkerFlags":	""
					},
					"addedLibs":	[],
					"libOptions":	{
						"libsContainingOptions":	[]
					},
					"prebuiltLibs":	{
						"prebuiltIncPath":	[],
						"prebuiltLibPath":	[]
					},
					"isolation":	{
					}
				}]
		}]
}
KEYINFO::2026-06-30.01:45:08::SCWPlatform::updated the xpfm file.
TRACE::2026-06-30.01:46:27::SCWMssOS::cleaning the bsp 
TRACE::2026-06-30.01:46:27::SCWMssOS::System Command Ran  D: & cd  D:/jh_workspace/0629_axi_spi_uart_timer_gpio/final/0630_faxi_spi_uart/microblaze_0/standalone_microblaze_0/bsp & make clean 
TRACE::2026-06-30.01:46:27::SCWMssOS::make -C microblaze_0/libsrc/bram_v4_5/src -s clean 

TRACE::2026-06-30.01:46:27::SCWMssOS::make -C microblaze_0/libsrc/cpu_v2_12/src -s clean 

TRACE::2026-06-30.01:46:27::SCWMssOS::make -C microblaze_0/libsrc/gpio_v1_0/src -s clean 

TRACE::2026-06-30.01:46:27::SCWMssOS::make -C microblaze_0/libsrc/intc_v3_12/src -s clean 

TRACE::2026-06-30.01:46:27::SCWMssOS::make -C microblaze_0/libsrc/spi_axi_v1_0/src -s clean 

TRACE::2026-06-30.01:46:27::SCWMssOS::make -C microblaze_0/libsrc/standalone_v7_3/src -s clean 

TRACE::2026-06-30.01:46:27::SCWMssOS::make -C microblaze_0/libsrc/timer_two_v1_0/src -s clean 

TRACE::2026-06-30.01:46:27::SCWMssOS::make -C microblaze_0/libsrc/uart_two_v1_0/src -s clean 

TRACE::2026-06-30.01:46:27::SCWMssOS::rm -f microblaze_0/lib/libxil.a

LOG::2026-06-30.01:46:30::SCWPlatform::Started generating the artifacts platform 0630_faxi_spi_uart
TRACE::2026-06-30.01:46:30::SCWPlatform::Sanity checking of platform is completed
LOG::2026-06-30.01:46:30::SCWPlatform::Started generating the artifacts for system configuration 0630_faxi_spi_uart
LOG::2026-06-30.01:46:30::SCWSystem::Checking the domain standalone_microblaze_0
LOG::2026-06-30.01:46:30::SCWSystem::Not a boot domain 
LOG::2026-06-30.01:46:30::SCWSystem::Started Processing the domain standalone_microblaze_0
TRACE::2026-06-30.01:46:30::SCWDomain::Generating domain artifcats
TRACE::2026-06-30.01:46:30::SCWMssOS::Generating standalone artifcats
TRACE::2026-06-30.01:46:30::SCWMssOS:: Copying the user libraries. 
TRACE::2026-06-30.01:46:30::SCWPlatform::Trying to open the hw design at D:/jh_workspace/0629_axi_spi_uart_timer_gpio/final/0630_faxi_spi_uart/hw/0630_faxi_spi_uart.xsa
TRACE::2026-06-30.01:46:30::SCWPlatform::DSA given D:/jh_workspace/0629_axi_spi_uart_timer_gpio/final/0630_faxi_spi_uart/hw/0630_faxi_spi_uart.xsa
TRACE::2026-06-30.01:46:30::SCWPlatform::DSA absoulate path D:/jh_workspace/0629_axi_spi_uart_timer_gpio/final/0630_faxi_spi_uart/hw/0630_faxi_spi_uart.xsa
TRACE::2026-06-30.01:46:30::SCWPlatform::DSA directory D:/jh_workspace/0629_axi_spi_uart_timer_gpio/final/0630_faxi_spi_uart/hw
TRACE::2026-06-30.01:46:30::SCWPlatform:: Platform Path D:/jh_workspace/0629_axi_spi_uart_timer_gpio/final/0630_faxi_spi_uart/hw/0630_faxi_spi_uart.xsa
TRACE::2026-06-30.01:46:30::SCWPlatform:: Unique name xilinx:basys3::0.0
TRACE::2026-06-30.01:46:30::SCWPlatform::Trying to set the existing hwdb with name axi_system_wrapper_0
TRACE::2026-06-30.01:46:30::SCWPlatform::Opened existing hwdb axi_system_wrapper_0
TRACE::2026-06-30.01:46:30::SCWPlatform::Found the Hw Db part of the input DSA
TRACE::2026-06-30.01:46:30::SCWMssOS::Checking the sw design at  D:/jh_workspace/0629_axi_spi_uart_timer_gpio/final/0630_faxi_spi_uart/microblaze_0/standalone_microblaze_0/bsp/system.mss
TRACE::2026-06-30.01:46:30::SCWMssOS::DEBUG:  swdes dump  D:/jh_workspace/0629_axi_spi_uart_timer_gpio/final/0630_faxi_spi_uart/microblaze_0/standalone_microblaze_0/bsp/system.mss|system||

TRACE::2026-06-30.01:46:30::SCWMssOS::Sw design exists and opened at  D:/jh_workspace/0629_axi_spi_uart_timer_gpio/final/0630_faxi_spi_uart/microblaze_0/standalone_microblaze_0/bsp/system.mss
TRACE::2026-06-30.01:46:30::SCWMssOS::Completed writing the mss file at D:/jh_workspace/0629_axi_spi_uart_timer_gpio/final/0630_faxi_spi_uart/microblaze_0/standalone_microblaze_0/bsp
TRACE::2026-06-30.01:46:30::SCWMssOS::Mss edits present, copying mssfile into export location D:/jh_workspace/0629_axi_spi_uart_timer_gpio/final/0630_faxi_spi_uart/microblaze_0/standalone_microblaze_0/bsp/system.mss
TRACE::2026-06-30.01:46:30::SCWMssOS::bsp generated is upto date with the mss file. Skipping bsp generation.
TRACE::2026-06-30.01:46:30::SCWMssOS::BSP is already built. skipping the bsp build ... 
TRACE::2026-06-30.01:46:30::SCWDomain::Building the domain as part of full build :  standalone_microblaze_0
TRACE::2026-06-30.01:46:30::SCWMssOS::doing bsp build ... 
TRACE::2026-06-30.01:46:30::SCWMssOS::System Command Ran  D: & cd  D:/jh_workspace/0629_axi_spi_uart_timer_gpio/final/0630_faxi_spi_uart/microblaze_0/standalone_microblaze_0/bsp & make 
TRACE::2026-06-30.01:46:30::SCWMssOS::make --no-print-directory seq_libs

TRACE::2026-06-30.01:46:30::SCWMssOS::"Running Make include in microblaze_0/libsrc/bram_v4_5/src"

TRACE::2026-06-30.01:46:30::SCWMssOS::make -C microblaze_0/libsrc/bram_v4_5/src -s include  "SHELL=CMD" "COMPILER=mb-gcc" "ASSEMBLER=mb-as" "ARCHIVER=mb-ar" "COMPILE
TRACE::2026-06-30.01:46:30::SCWMssOS::R_FLAGS=  -O2 -c -mcpu=v11.0 -mlittle-endian -mxl-soft-mul" "EXTRA_COMPILER_FLAGS=-g -ffunction-sections -fdata-sections -Wall 
TRACE::2026-06-30.01:46:30::SCWMssOS::-Wextra"

TRACE::2026-06-30.01:46:30::SCWMssOS::"Running Make include in microblaze_0/libsrc/cpu_v2_12/src"

TRACE::2026-06-30.01:46:30::SCWMssOS::make -C microblaze_0/libsrc/cpu_v2_12/src -s include  "SHELL=CMD" "COMPILER=mb-gcc" "ASSEMBLER=mb-as" "ARCHIVER=mb-ar" "COMPILE
TRACE::2026-06-30.01:46:30::SCWMssOS::R_FLAGS=  -O2 -c -mcpu=v11.0 -mlittle-endian -mxl-soft-mul" "EXTRA_COMPILER_FLAGS=-g -ffunction-sections -fdata-sections -Wall 
TRACE::2026-06-30.01:46:30::SCWMssOS::-Wextra"

TRACE::2026-06-30.01:46:30::SCWMssOS::"Running Make include in microblaze_0/libsrc/gpio_v1_0/src"

TRACE::2026-06-30.01:46:30::SCWMssOS::make -C microblaze_0/libsrc/gpio_v1_0/src -s include  "SHELL=CMD" "COMPILER=mb-gcc" "ASSEMBLER=mb-as" "ARCHIVER=mb-ar" "COMPILE
TRACE::2026-06-30.01:46:30::SCWMssOS::R_FLAGS=  -O2 -c -mcpu=v11.0 -mlittle-endian -mxl-soft-mul" "EXTRA_COMPILER_FLAGS=-g -ffunction-sections -fdata-sections -Wall 
TRACE::2026-06-30.01:46:30::SCWMssOS::-Wextra"

TRACE::2026-06-30.01:46:30::SCWMssOS::"Running Make include in microblaze_0/libsrc/intc_v3_12/src"

TRACE::2026-06-30.01:46:30::SCWMssOS::make -C microblaze_0/libsrc/intc_v3_12/src -s include  "SHELL=CMD" "COMPILER=mb-gcc" "ASSEMBLER=mb-as" "ARCHIVER=mb-ar" "COMPIL
TRACE::2026-06-30.01:46:30::SCWMssOS::ER_FLAGS=  -O2 -c -mcpu=v11.0 -mlittle-endian -mxl-soft-mul" "EXTRA_COMPILER_FLAGS=-g -ffunction-sections -fdata-sections -Wall
TRACE::2026-06-30.01:46:30::SCWMssOS:: -Wextra"

TRACE::2026-06-30.01:46:30::SCWMssOS::"Running Make include in microblaze_0/libsrc/spi_axi_v1_0/src"

TRACE::2026-06-30.01:46:30::SCWMssOS::make -C microblaze_0/libsrc/spi_axi_v1_0/src -s include  "SHELL=CMD" "COMPILER=mb-gcc" "ASSEMBLER=mb-as" "ARCHIVER=mb-ar" "COMP
TRACE::2026-06-30.01:46:30::SCWMssOS::ILER_FLAGS=  -O2 -c -mcpu=v11.0 -mlittle-endian -mxl-soft-mul" "EXTRA_COMPILER_FLAGS=-g -ffunction-sections -fdata-sections -Wa
TRACE::2026-06-30.01:46:30::SCWMssOS::ll -Wextra"

TRACE::2026-06-30.01:46:30::SCWMssOS::"Running Make include in microblaze_0/libsrc/standalone_v7_3/src"

TRACE::2026-06-30.01:46:30::SCWMssOS::make -C microblaze_0/libsrc/standalone_v7_3/src -s include  "SHELL=CMD" "COMPILER=mb-gcc" "ASSEMBLER=mb-as" "ARCHIVER=mb-ar" "C
TRACE::2026-06-30.01:46:30::SCWMssOS::OMPILER_FLAGS=  -O2 -c -mcpu=v11.0 -mlittle-endian -mxl-soft-mul" "EXTRA_COMPILER_FLAGS=-g -ffunction-sections -fdata-sections 
TRACE::2026-06-30.01:46:30::SCWMssOS::-Wall -Wextra"

TRACE::2026-06-30.01:46:31::SCWMssOS::"Running Make include in microblaze_0/libsrc/timer_two_v1_0/src"

TRACE::2026-06-30.01:46:31::SCWMssOS::make -C microblaze_0/libsrc/timer_two_v1_0/src -s include  "SHELL=CMD" "COMPILER=mb-gcc" "ASSEMBLER=mb-as" "ARCHIVER=mb-ar" "CO
TRACE::2026-06-30.01:46:31::SCWMssOS::MPILER_FLAGS=  -O2 -c -mcpu=v11.0 -mlittle-endian -mxl-soft-mul" "EXTRA_COMPILER_FLAGS=-g -ffunction-sections -fdata-sections -
TRACE::2026-06-30.01:46:31::SCWMssOS::Wall -Wextra"

TRACE::2026-06-30.01:46:31::SCWMssOS::"Running Make include in microblaze_0/libsrc/uart_two_v1_0/src"

TRACE::2026-06-30.01:46:31::SCWMssOS::make -C microblaze_0/libsrc/uart_two_v1_0/src -s include  "SHELL=CMD" "COMPILER=mb-gcc" "ASSEMBLER=mb-as" "ARCHIVER=mb-ar" "COM
TRACE::2026-06-30.01:46:31::SCWMssOS::PILER_FLAGS=  -O2 -c -mcpu=v11.0 -mlittle-endian -mxl-soft-mul" "EXTRA_COMPILER_FLAGS=-g -ffunction-sections -fdata-sections -W
TRACE::2026-06-30.01:46:31::SCWMssOS::all -Wextra"

TRACE::2026-06-30.01:46:31::SCWMssOS::"Running Make libs in microblaze_0/libsrc/gpio_v1_0/src"

TRACE::2026-06-30.01:46:31::SCWMssOS::make -C microblaze_0/libsrc/gpio_v1_0/src -s libs  "SHELL=CMD" "COMPILER=mb-gcc" "ASSEMBLER=mb-as" "ARCHIVER=mb-ar" "COMPILER_F
TRACE::2026-06-30.01:46:31::SCWMssOS::LAGS=  -O2 -c -mcpu=v11.0 -mlittle-endian -mxl-soft-mul" "EXTRA_COMPILER_FLAGS=-g -ffunction-sections -fdata-sections -Wall -We
TRACE::2026-06-30.01:46:31::SCWMssOS::xtra"

TRACE::2026-06-30.01:46:31::SCWMssOS::"Compiling gpio..."

TRACE::2026-06-30.01:46:32::SCWMssOS::"Running Make libs in microblaze_0/libsrc/spi_axi_v1_0/src"

TRACE::2026-06-30.01:46:32::SCWMssOS::make -C microblaze_0/libsrc/spi_axi_v1_0/src -s libs  "SHELL=CMD" "COMPILER=mb-gcc" "ASSEMBLER=mb-as" "ARCHIVER=mb-ar" "COMPILE
TRACE::2026-06-30.01:46:32::SCWMssOS::R_FLAGS=  -O2 -c -mcpu=v11.0 -mlittle-endian -mxl-soft-mul" "EXTRA_COMPILER_FLAGS=-g -ffunction-sections -fdata-sections -Wall 
TRACE::2026-06-30.01:46:32::SCWMssOS::-Wextra"

TRACE::2026-06-30.01:46:32::SCWMssOS::"Compiling spi_axi..."

TRACE::2026-06-30.01:46:32::SCWMssOS::"Running Make libs in microblaze_0/libsrc/timer_two_v1_0/src"

TRACE::2026-06-30.01:46:32::SCWMssOS::make -C microblaze_0/libsrc/timer_two_v1_0/src -s libs  "SHELL=CMD" "COMPILER=mb-gcc" "ASSEMBLER=mb-as" "ARCHIVER=mb-ar" "COMPI
TRACE::2026-06-30.01:46:32::SCWMssOS::LER_FLAGS=  -O2 -c -mcpu=v11.0 -mlittle-endian -mxl-soft-mul" "EXTRA_COMPILER_FLAGS=-g -ffunction-sections -fdata-sections -Wal
TRACE::2026-06-30.01:46:32::SCWMssOS::l -Wextra"

TRACE::2026-06-30.01:46:32::SCWMssOS::"Compiling timer_two..."

TRACE::2026-06-30.01:46:32::SCWMssOS::"Running Make libs in microblaze_0/libsrc/uart_two_v1_0/src"

TRACE::2026-06-30.01:46:32::SCWMssOS::make -C microblaze_0/libsrc/uart_two_v1_0/src -s libs  "SHELL=CMD" "COMPILER=mb-gcc" "ASSEMBLER=mb-as" "ARCHIVER=mb-ar" "COMPIL
TRACE::2026-06-30.01:46:32::SCWMssOS::ER_FLAGS=  -O2 -c -mcpu=v11.0 -mlittle-endian -mxl-soft-mul" "EXTRA_COMPILER_FLAGS=-g -ffunction-sections -fdata-sections -Wall
TRACE::2026-06-30.01:46:32::SCWMssOS:: -Wextra"

TRACE::2026-06-30.01:46:33::SCWMssOS::"Compiling uart_two..."

TRACE::2026-06-30.01:46:33::SCWMssOS::'Finished building libraries sequentially.'

TRACE::2026-06-30.01:46:33::SCWMssOS::make -j --no-print-directory par_libs

TRACE::2026-06-30.01:46:33::SCWMssOS::"Running Make include in microblaze_0/libsrc/bram_v4_5/src"

TRACE::2026-06-30.01:46:33::SCWMssOS::make -C microblaze_0/libsrc/bram_v4_5/src -s include  "SHELL=CMD" "COMPILER=mb-gcc" "ASSEMBLER=mb-as" "ARCHIVER=mb-ar" "COMPILE
TRACE::2026-06-30.01:46:33::SCWMssOS::R_FLAGS=  -O2 -c -mcpu=v11.0 -mlittle-endian -mxl-soft-mul" "EXTRA_COMPILER_FLAGS=-g -ffunction-sections -fdata-sections -Wall 
TRACE::2026-06-30.01:46:33::SCWMssOS::-Wextra"

TRACE::2026-06-30.01:46:33::SCWMssOS::"Running Make include in microblaze_0/libsrc/cpu_v2_12/src"

TRACE::2026-06-30.01:46:33::SCWMssOS::make -C microblaze_0/libsrc/cpu_v2_12/src -s include  "SHELL=CMD" "COMPILER=mb-gcc" "ASSEMBLER=mb-as" "ARCHIVER=mb-ar" "COMPILE
TRACE::2026-06-30.01:46:33::SCWMssOS::R_FLAGS=  -O2 -c -mcpu=v11.0 -mlittle-endian -mxl-soft-mul" "EXTRA_COMPILER_FLAGS=-g -ffunction-sections -fdata-sections -Wall 
TRACE::2026-06-30.01:46:33::SCWMssOS::-Wextra"

TRACE::2026-06-30.01:46:33::SCWMssOS::"Running Make include in microblaze_0/libsrc/gpio_v1_0/src"

TRACE::2026-06-30.01:46:33::SCWMssOS::make -C microblaze_0/libsrc/gpio_v1_0/src -s include  "SHELL=CMD" "COMPILER=mb-gcc" "ASSEMBLER=mb-as" "ARCHIVER=mb-ar" "COMPILE
TRACE::2026-06-30.01:46:33::SCWMssOS::R_FLAGS=  -O2 -c -mcpu=v11.0 -mlittle-endian -mxl-soft-mul" "EXTRA_COMPILER_FLAGS=-g -ffunction-sections -fdata-sections -Wall 
TRACE::2026-06-30.01:46:33::SCWMssOS::-Wextra"

TRACE::2026-06-30.01:46:33::SCWMssOS::"Running Make include in microblaze_0/libsrc/intc_v3_12/src"

TRACE::2026-06-30.01:46:33::SCWMssOS::make -C microblaze_0/libsrc/intc_v3_12/src -s include  "SHELL=CMD" "COMPILER=mb-gcc" "ASSEMBLER=mb-as" "ARCHIVER=mb-ar" "COMPIL
TRACE::2026-06-30.01:46:33::SCWMssOS::ER_FLAGS=  -O2 -c -mcpu=v11.0 -mlittle-endian -mxl-soft-mul" "EXTRA_COMPILER_FLAGS=-g -ffunction-sections -fdata-sections -Wall
TRACE::2026-06-30.01:46:33::SCWMssOS:: -Wextra"

TRACE::2026-06-30.01:46:33::SCWMssOS::"Running Make include in microblaze_0/libsrc/spi_axi_v1_0/src"

TRACE::2026-06-30.01:46:33::SCWMssOS::make -C microblaze_0/libsrc/spi_axi_v1_0/src -s include  "SHELL=CMD" "COMPILER=mb-gcc" "ASSEMBLER=mb-as" "ARCHIVER=mb-ar" "COMP
TRACE::2026-06-30.01:46:33::SCWMssOS::ILER_FLAGS=  -O2 -c -mcpu=v11.0 -mlittle-endian -mxl-soft-mul" "EXTRA_COMPILER_FLAGS=-g -ffunction-sections -fdata-sections -Wa
TRACE::2026-06-30.01:46:33::SCWMssOS::ll -Wextra"

TRACE::2026-06-30.01:46:33::SCWMssOS::"Running Make include in microblaze_0/libsrc/standalone_v7_3/src"

TRACE::2026-06-30.01:46:33::SCWMssOS::make -C microblaze_0/libsrc/standalone_v7_3/src -s include  "SHELL=CMD" "COMPILER=mb-gcc" "ASSEMBLER=mb-as" "ARCHIVER=mb-ar" "C
TRACE::2026-06-30.01:46:33::SCWMssOS::OMPILER_FLAGS=  -O2 -c -mcpu=v11.0 -mlittle-endian -mxl-soft-mul" "EXTRA_COMPILER_FLAGS=-g -ffunction-sections -fdata-sections 
TRACE::2026-06-30.01:46:33::SCWMssOS::-Wall -Wextra"

TRACE::2026-06-30.01:46:33::SCWMssOS::"Running Make include in microblaze_0/libsrc/timer_two_v1_0/src"

TRACE::2026-06-30.01:46:33::SCWMssOS::make -C microblaze_0/libsrc/timer_two_v1_0/src -s include  "SHELL=CMD" "COMPILER=mb-gcc" "ASSEMBLER=mb-as" "ARCHIVER=mb-ar" "CO
TRACE::2026-06-30.01:46:33::SCWMssOS::MPILER_FLAGS=  -O2 -c -mcpu=v11.0 -mlittle-endian -mxl-soft-mul" "EXTRA_COMPILER_FLAGS=-g -ffunction-sections -fdata-sections -
TRACE::2026-06-30.01:46:33::SCWMssOS::Wall -Wextra"

TRACE::2026-06-30.01:46:33::SCWMssOS::"Running Make include in microblaze_0/libsrc/uart_two_v1_0/src"

TRACE::2026-06-30.01:46:33::SCWMssOS::make -C microblaze_0/libsrc/uart_two_v1_0/src -s include  "SHELL=CMD" "COMPILER=mb-gcc" "ASSEMBLER=mb-as" "ARCHIVER=mb-ar" "COM
TRACE::2026-06-30.01:46:33::SCWMssOS::PILER_FLAGS=  -O2 -c -mcpu=v11.0 -mlittle-endian -mxl-soft-mul" "EXTRA_COMPILER_FLAGS=-g -ffunction-sections -fdata-sections -W
TRACE::2026-06-30.01:46:33::SCWMssOS::all -Wextra"

TRACE::2026-06-30.01:46:33::SCWMssOS::"Running Make libs in microblaze_0/libsrc/bram_v4_5/src"

TRACE::2026-06-30.01:46:33::SCWMssOS::make -C microblaze_0/libsrc/bram_v4_5/src -s libs  "SHELL=CMD" "COMPILER=mb-gcc" "ASSEMBLER=mb-as" "ARCHIVER=mb-ar" "COMPILER_F
TRACE::2026-06-30.01:46:33::SCWMssOS::LAGS=  -O2 -c -mcpu=v11.0 -mlittle-endian -mxl-soft-mul" "EXTRA_COMPILER_FLAGS=-g -ffunction-sections -fdata-sections -Wall -We
TRACE::2026-06-30.01:46:33::SCWMssOS::xtra"

TRACE::2026-06-30.01:46:33::SCWMssOS::"Running Make libs in microblaze_0/libsrc/cpu_v2_12/src"

TRACE::2026-06-30.01:46:33::SCWMssOS::make -C microblaze_0/libsrc/cpu_v2_12/src -s libs  "SHELL=CMD" "COMPILER=mb-gcc" "ASSEMBLER=mb-as" "ARCHIVER=mb-ar" "COMPILER_F
TRACE::2026-06-30.01:46:33::SCWMssOS::LAGS=  -O2 -c -mcpu=v11.0 -mlittle-endian -mxl-soft-mul" "EXTRA_COMPILER_FLAGS=-g -ffunction-sections -fdata-sections -Wall -We
TRACE::2026-06-30.01:46:33::SCWMssOS::xtra"

TRACE::2026-06-30.01:46:33::SCWMssOS::"Running Make libs in microblaze_0/libsrc/intc_v3_12/src"

TRACE::2026-06-30.01:46:33::SCWMssOS::make -C microblaze_0/libsrc/intc_v3_12/src -s libs  "SHELL=CMD" "COMPILER=mb-gcc" "ASSEMBLER=mb-as" "ARCHIVER=mb-ar" "COMPILER_
TRACE::2026-06-30.01:46:33::SCWMssOS::FLAGS=  -O2 -c -mcpu=v11.0 -mlittle-endian -mxl-soft-mul" "EXTRA_COMPILER_FLAGS=-g -ffunction-sections -fdata-sections -Wall -W
TRACE::2026-06-30.01:46:33::SCWMssOS::extra"

TRACE::2026-06-30.01:46:33::SCWMssOS::"Running Make libs in microblaze_0/libsrc/standalone_v7_3/src"

TRACE::2026-06-30.01:46:33::SCWMssOS::make -C microblaze_0/libsrc/standalone_v7_3/src -s libs  "SHELL=CMD" "COMPILER=mb-gcc" "ASSEMBLER=mb-as" "ARCHIVER=mb-ar" "COMP
TRACE::2026-06-30.01:46:33::SCWMssOS::ILER_FLAGS=  -O2 -c -mcpu=v11.0 -mlittle-endian -mxl-soft-mul" "EXTRA_COMPILER_FLAGS=-g -ffunction-sections -fdata-sections -Wa
TRACE::2026-06-30.01:46:33::SCWMssOS::ll -Wextra"

TRACE::2026-06-30.01:46:34::SCWMssOS::"DEBUG NON_LTO_OBJECTS is ../../../lib/microblaze_interrupt_handler.o"

TRACE::2026-06-30.01:46:34::SCWMssOS::'Finished building libraries parallelly.'

TRACE::2026-06-30.01:46:34::SCWMssOS::make --no-print-directory archive

TRACE::2026-06-30.01:46:34::SCWMssOS::mb-ar -r  microblaze_0/lib/libxil.a microblaze_0/lib/xplatform_info.o microblaze_0/lib/microblaze_disable_exceptions.o microbla
TRACE::2026-06-30.01:46:34::SCWMssOS::ze_0/lib/print.o microblaze_0/lib/_exit.o microblaze_0/lib/xil_testio.o microblaze_0/lib/microblaze_disable_dcache.o microblaze
TRACE::2026-06-30.01:46:34::SCWMssOS::_0/lib/microblaze_flush_dcache_range.o microblaze_0/lib/microblaze_flush_cache_ext.o microblaze_0/lib/xbram_sinit.o microblaze_
TRACE::2026-06-30.01:46:34::SCWMssOS::0/lib/xil_misc_psreset_api.o microblaze_0/lib/xil_cache.o microblaze_0/lib/xil_util.o microblaze_0/lib/inbyte.o microblaze_0/li
TRACE::2026-06-30.01:46:34::SCWMssOS::b/xbram_g.o microblaze_0/lib/microblaze_exception_handler.o microblaze_0/lib/microblaze_scrub.o microblaze_0/lib/microblaze_inv
TRACE::2026-06-30.01:46:34::SCWMssOS::alidate_dcache.o microblaze_0/lib/microblaze_disable_interrupts.o microblaze_0/lib/xbram_selftest.o microblaze_0/lib/microblaze
TRACE::2026-06-30.01:46:34::SCWMssOS::_interrupt_handler.o microblaze_0/lib/microblaze_disable_icache.o microblaze_0/lib/xil_mem.o microblaze_0/lib/microblaze_flush_
TRACE::2026-06-30.01:46:34::SCWMssOS::cache_ext_range.o microblaze_0/lib/xbram_intr.o microblaze_0/lib/xil_sleepcommon.o microblaze_0/lib/xil_printf.o microblaze_0/l
TRACE::2026-06-30.01:46:34::SCWMssOS::ib/xintc_g.o microblaze_0/lib/xintc_selftest.o microblaze_0/lib/xintc_l.o microblaze_0/lib/outbyte.o microblaze_0/lib/microblaz
TRACE::2026-06-30.01:46:34::SCWMssOS::e_invalidate_dcache_range.o microblaze_0/lib/microblaze_invalidate_cache_ext.o microblaze_0/lib/microblaze_sleep.o microblaze_0
TRACE::2026-06-30.01:46:34::SCWMssOS::/lib/hw_exception_handler.o microblaze_0/lib/xintc_intr.o microblaze_0/lib/microblaze_update_dcache.o microblaze_0/lib/xil_test
TRACE::2026-06-30.01:46:34::SCWMssOS::cache.o microblaze_0/lib/microblaze_selftest.o microblaze_0/lib/microblaze_interrupts_g.o microblaze_0/lib/microblaze_enable_ex
TRACE::2026-06-30.01:46:34::SCWMssOS::ceptions.o microblaze_0/lib/xio.o microblaze_0/lib/microblaze_enable_dcache.o microblaze_0/lib/xbram.o microblaze_0/lib/microbl
TRACE::2026-06-30.01:46:34::SCWMssOS::aze_invalidate_icache_range.o microblaze_0/lib/microblaze_init_dcache_range.o microblaze_0/lib/microblaze_invalidate_icache.o m
TRACE::2026-06-30.01:46:34::SCWMssOS::icroblaze_0/lib/errno.o microblaze_0/lib/xintc_options.o microblaze_0/lib/microblaze_invalidate_cache_ext_range.o microblaze_0/
TRACE::2026-06-30.01:46:34::SCWMssOS::lib/xil_exception.o microblaze_0/lib/pvr.o microblaze_0/lib/xil_testmem.o microblaze_0/lib/microblaze_update_icache.o microblaz
TRACE::2026-06-30.01:46:34::SCWMssOS::e_0/lib/microblaze_flush_dcache.o microblaze_0/lib/xil_clocking.o microblaze_0/lib/xil_assert.o microblaze_0/lib/microblaze_ena
TRACE::2026-06-30.01:46:34::SCWMssOS::ble_interrupts.o microblaze_0/lib/microblaze_enable_icache.o microblaze_0/lib/xintc.o microblaze_0/lib/fcntl.o microblaze_0/lib
TRACE::2026-06-30.01:46:34::SCWMssOS::/microblaze_init_icache_range.o

TRACE::2026-06-30.01:46:34::SCWMssOS::'Finished building libraries'

TRACE::2026-06-30.01:46:34::SCWMssOS::Copying to export directory.
TRACE::2026-06-30.01:46:34::SCWMssOS:: Checking if to create the Supporting Applications
TRACE::2026-06-30.01:46:34::SCWMssOS:: No Linux domain exists, trying to generate FSBL 
LOG::2026-06-30.01:46:34::SCWSystem::Completed Processing the domain standalone_microblaze_0
LOG::2026-06-30.01:46:34::SCWSystem::Completed Processing the sysconfig 0630_faxi_spi_uart
LOG::2026-06-30.01:46:34::SCWPlatform::Completed generating the artifacts for system configuration 0630_faxi_spi_uart
TRACE::2026-06-30.01:46:34::SCWPlatform::Started preparing the platform 
TRACE::2026-06-30.01:46:34::SCWSystem::Writing the bif file for system config 0630_faxi_spi_uart
TRACE::2026-06-30.01:46:34::SCWSystem::dir created 
TRACE::2026-06-30.01:46:34::SCWSystem::Writing the bif 
TRACE::2026-06-30.01:46:34::SCWPlatform::Started writing the spfm file 
TRACE::2026-06-30.01:46:34::SCWPlatform::Started writing the xpfm file 
TRACE::2026-06-30.01:46:34::SCWPlatform::Completed generating the platform
TRACE::2026-06-30.01:46:34::SCWMssOS::Saving the mss changes D:/jh_workspace/0629_axi_spi_uart_timer_gpio/final/0630_faxi_spi_uart/microblaze_0/standalone_microblaze_0/bsp/system.mss
TRACE::2026-06-30.01:46:34::SCWMssOS::Found a swdesign opened with the mssfile.
TRACE::2026-06-30.01:46:34::SCWMssOS::Completed writemss as part of save.
TRACE::2026-06-30.01:46:34::SCWMssOS::Commit changes completed.
TRACE::2026-06-30.01:46:34::SCWPlatform::Trying to open the hw design at D:/jh_workspace/0629_axi_spi_uart_timer_gpio/final/0630_faxi_spi_uart/hw/0630_faxi_spi_uart.xsa
TRACE::2026-06-30.01:46:34::SCWPlatform::DSA given D:/jh_workspace/0629_axi_spi_uart_timer_gpio/final/0630_faxi_spi_uart/hw/0630_faxi_spi_uart.xsa
TRACE::2026-06-30.01:46:34::SCWPlatform::DSA absoulate path D:/jh_workspace/0629_axi_spi_uart_timer_gpio/final/0630_faxi_spi_uart/hw/0630_faxi_spi_uart.xsa
TRACE::2026-06-30.01:46:34::SCWPlatform::DSA directory D:/jh_workspace/0629_axi_spi_uart_timer_gpio/final/0630_faxi_spi_uart/hw
TRACE::2026-06-30.01:46:34::SCWPlatform:: Platform Path D:/jh_workspace/0629_axi_spi_uart_timer_gpio/final/0630_faxi_spi_uart/hw/0630_faxi_spi_uart.xsa
TRACE::2026-06-30.01:46:34::SCWPlatform:: Unique name xilinx:basys3::0.0
TRACE::2026-06-30.01:46:34::SCWPlatform::Trying to set the existing hwdb with name axi_system_wrapper_0
TRACE::2026-06-30.01:46:34::SCWPlatform::Opened existing hwdb axi_system_wrapper_0
TRACE::2026-06-30.01:46:34::SCWPlatform::Found the Hw Db part of the input DSA
TRACE::2026-06-30.01:46:34::SCWMssOS::Checking the sw design at  D:/jh_workspace/0629_axi_spi_uart_timer_gpio/final/0630_faxi_spi_uart/microblaze_0/standalone_microblaze_0/bsp/system.mss
TRACE::2026-06-30.01:46:34::SCWMssOS::DEBUG:  swdes dump  D:/jh_workspace/0629_axi_spi_uart_timer_gpio/final/0630_faxi_spi_uart/microblaze_0/standalone_microblaze_0/bsp/system.mss|system||

TRACE::2026-06-30.01:46:34::SCWMssOS::Sw design exists and opened at  D:/jh_workspace/0629_axi_spi_uart_timer_gpio/final/0630_faxi_spi_uart/microblaze_0/standalone_microblaze_0/bsp/system.mss
TRACE::2026-06-30.01:46:34::SCWPlatform::Trying to open the hw design at D:/jh_workspace/0629_axi_spi_uart_timer_gpio/final/0630_faxi_spi_uart/hw/0630_faxi_spi_uart.xsa
TRACE::2026-06-30.01:46:34::SCWPlatform::DSA given D:/jh_workspace/0629_axi_spi_uart_timer_gpio/final/0630_faxi_spi_uart/hw/0630_faxi_spi_uart.xsa
TRACE::2026-06-30.01:46:34::SCWPlatform::DSA absoulate path D:/jh_workspace/0629_axi_spi_uart_timer_gpio/final/0630_faxi_spi_uart/hw/0630_faxi_spi_uart.xsa
TRACE::2026-06-30.01:46:34::SCWPlatform::DSA directory D:/jh_workspace/0629_axi_spi_uart_timer_gpio/final/0630_faxi_spi_uart/hw
TRACE::2026-06-30.01:46:34::SCWPlatform:: Platform Path D:/jh_workspace/0629_axi_spi_uart_timer_gpio/final/0630_faxi_spi_uart/hw/0630_faxi_spi_uart.xsa
TRACE::2026-06-30.01:46:34::SCWPlatform:: Unique name xilinx:basys3::0.0
TRACE::2026-06-30.01:46:34::SCWPlatform::Trying to set the existing hwdb with name axi_system_wrapper_0
TRACE::2026-06-30.01:46:34::SCWPlatform::Opened existing hwdb axi_system_wrapper_0
TRACE::2026-06-30.01:46:34::SCWPlatform::Found the Hw Db part of the input DSA
TRACE::2026-06-30.01:46:34::SCWMssOS::Checking the sw design at  D:/jh_workspace/0629_axi_spi_uart_timer_gpio/final/0630_faxi_spi_uart/microblaze_0/standalone_microblaze_0/bsp/system.mss
TRACE::2026-06-30.01:46:34::SCWMssOS::DEBUG:  swdes dump  D:/jh_workspace/0629_axi_spi_uart_timer_gpio/final/0630_faxi_spi_uart/microblaze_0/standalone_microblaze_0/bsp/system.mss|system||

TRACE::2026-06-30.01:46:34::SCWMssOS::Sw design exists and opened at  D:/jh_workspace/0629_axi_spi_uart_timer_gpio/final/0630_faxi_spi_uart/microblaze_0/standalone_microblaze_0/bsp/system.mss
TRACE::2026-06-30.01:46:34::SCWPlatform::Trying to open the hw design at D:/jh_workspace/0629_axi_spi_uart_timer_gpio/final/0630_faxi_spi_uart/hw/0630_faxi_spi_uart.xsa
TRACE::2026-06-30.01:46:34::SCWPlatform::DSA given D:/jh_workspace/0629_axi_spi_uart_timer_gpio/final/0630_faxi_spi_uart/hw/0630_faxi_spi_uart.xsa
TRACE::2026-06-30.01:46:34::SCWPlatform::DSA absoulate path D:/jh_workspace/0629_axi_spi_uart_timer_gpio/final/0630_faxi_spi_uart/hw/0630_faxi_spi_uart.xsa
TRACE::2026-06-30.01:46:34::SCWPlatform::DSA directory D:/jh_workspace/0629_axi_spi_uart_timer_gpio/final/0630_faxi_spi_uart/hw
TRACE::2026-06-30.01:46:34::SCWPlatform:: Platform Path D:/jh_workspace/0629_axi_spi_uart_timer_gpio/final/0630_faxi_spi_uart/hw/0630_faxi_spi_uart.xsa
TRACE::2026-06-30.01:46:34::SCWPlatform:: Unique name xilinx:basys3::0.0
TRACE::2026-06-30.01:46:34::SCWPlatform::Trying to set the existing hwdb with name axi_system_wrapper_0
TRACE::2026-06-30.01:46:34::SCWPlatform::Opened existing hwdb axi_system_wrapper_0
TRACE::2026-06-30.01:46:34::SCWPlatform::Found the Hw Db part of the input DSA
TRACE::2026-06-30.01:46:34::SCWMssOS::Checking the sw design at  D:/jh_workspace/0629_axi_spi_uart_timer_gpio/final/0630_faxi_spi_uart/microblaze_0/standalone_microblaze_0/bsp/system.mss
TRACE::2026-06-30.01:46:34::SCWMssOS::DEBUG:  swdes dump  D:/jh_workspace/0629_axi_spi_uart_timer_gpio/final/0630_faxi_spi_uart/microblaze_0/standalone_microblaze_0/bsp/system.mss|system||

TRACE::2026-06-30.01:46:34::SCWMssOS::Sw design exists and opened at  D:/jh_workspace/0629_axi_spi_uart_timer_gpio/final/0630_faxi_spi_uart/microblaze_0/standalone_microblaze_0/bsp/system.mss
TRACE::2026-06-30.01:46:34::SCWWriter::formatted JSON is {
	"platformName":	"0630_faxi_spi_uart",
	"sprVersion":	"2.0",
	"mode":	"gui",
	"dsaType":	"Fixed",
	"platformDesc":	"0630_faxi_spi_uart",
	"platHandOff":	"D:/jh_workspace/0629_axi_spi_uart_timer_gpio/0630_faxi_spi_uart.xsa",
	"platIntHandOff":	"<platformDir>/hw/0630_faxi_spi_uart.xsa",
	"deviceType":	"FPGA",
	"platIsPrebuiltAutogen":	"false",
	"platIsNoBootBsp":	"false",
	"hasFsblMakeHasChanges":	"false",
	"hasPmufwMakeHasChanges":	"false",
	"platPreBuiltFlag":	false,
	"platformSamplesDir":	"",
	"platActiveSys":	"0630_faxi_spi_uart",
	"systems":	[{
			"systemName":	"0630_faxi_spi_uart",
			"systemDesc":	"0630_faxi_spi_uart",
			"sysIsBootAutoGen":	"true",
			"systemDispName":	"0630_faxi_spi_uart",
			"sysActiveDom":	"standalone_microblaze_0",
			"sysDefaultDom":	"standalone_microblaze_0",
			"domains":	[{
					"domainName":	"standalone_microblaze_0",
					"domainDispName":	"standalone_microblaze_0",
					"domainDesc":	"standalone_microblaze_0",
					"processors":	"microblaze_0",
					"os":	"standalone",
					"sdxOs":	"standalone",
					"debugEnable":	"False",
					"domRuntimes":	["cpp"],
					"swRepo":	"",
					"mssOsVer":	"7.3",
					"mssFile":	"",
					"md5Digest":	"21a57f7a7515368fc1c8ff5369e72780",
					"compatibleApp":	"empty_application",
					"domType":	"mssDomain",
					"arch":	"32-bit",
					"appSettings":	{
						"appCompilerFlags":	"",
						"appLinkerFlags":	""
					},
					"addedLibs":	[],
					"libOptions":	{
						"libsContainingOptions":	[]
					},
					"prebuiltLibs":	{
						"prebuiltIncPath":	[],
						"prebuiltLibPath":	[]
					},
					"isolation":	{
					}
				}]
		}]
}
KEYINFO::2026-06-30.01:46:34::SCWPlatform::updated the xpfm file.
TRACE::2026-06-30.01:46:35::SCWPlatform::Trying to open the hw design at D:/jh_workspace/0629_axi_spi_uart_timer_gpio/final/0630_faxi_spi_uart/hw/0630_faxi_spi_uart.xsa
TRACE::2026-06-30.01:46:35::SCWPlatform::DSA given D:/jh_workspace/0629_axi_spi_uart_timer_gpio/final/0630_faxi_spi_uart/hw/0630_faxi_spi_uart.xsa
TRACE::2026-06-30.01:46:35::SCWPlatform::DSA absoulate path D:/jh_workspace/0629_axi_spi_uart_timer_gpio/final/0630_faxi_spi_uart/hw/0630_faxi_spi_uart.xsa
TRACE::2026-06-30.01:46:35::SCWPlatform::DSA directory D:/jh_workspace/0629_axi_spi_uart_timer_gpio/final/0630_faxi_spi_uart/hw
TRACE::2026-06-30.01:46:35::SCWPlatform:: Platform Path D:/jh_workspace/0629_axi_spi_uart_timer_gpio/final/0630_faxi_spi_uart/hw/0630_faxi_spi_uart.xsa
TRACE::2026-06-30.01:46:35::SCWPlatform:: Unique name xilinx:basys3::0.0
TRACE::2026-06-30.01:46:35::SCWPlatform::Trying to set the existing hwdb with name axi_system_wrapper_0
TRACE::2026-06-30.01:46:35::SCWPlatform::Opened existing hwdb axi_system_wrapper_0
TRACE::2026-06-30.01:46:35::SCWPlatform::Found the Hw Db part of the input DSA
TRACE::2026-06-30.01:46:35::SCWMssOS::Checking the sw design at  D:/jh_workspace/0629_axi_spi_uart_timer_gpio/final/0630_faxi_spi_uart/microblaze_0/standalone_microblaze_0/bsp/system.mss
TRACE::2026-06-30.01:46:35::SCWMssOS::DEBUG:  swdes dump  D:/jh_workspace/0629_axi_spi_uart_timer_gpio/final/0630_faxi_spi_uart/microblaze_0/standalone_microblaze_0/bsp/system.mss|system||

TRACE::2026-06-30.01:46:35::SCWMssOS::Sw design exists and opened at  D:/jh_workspace/0629_axi_spi_uart_timer_gpio/final/0630_faxi_spi_uart/microblaze_0/standalone_microblaze_0/bsp/system.mss
TRACE::2026-06-30.06:54:53::SCWMssOS::cleaning the bsp 
TRACE::2026-06-30.06:54:53::SCWMssOS::System Command Ran  D: & cd  D:/jh_workspace/0629_axi_spi_uart_timer_gpio/final/0630_faxi_spi_uart/microblaze_0/standalone_microblaze_0/bsp & make clean 
TRACE::2026-06-30.06:54:54::SCWMssOS::make -C microblaze_0/libsrc/bram_v4_5/src -s clean 

TRACE::2026-06-30.06:54:54::SCWMssOS::make -C microblaze_0/libsrc/cpu_v2_12/src -s clean 

TRACE::2026-06-30.06:54:54::SCWMssOS::make -C microblaze_0/libsrc/gpio_v1_0/src -s clean 

TRACE::2026-06-30.06:54:54::SCWMssOS::make -C microblaze_0/libsrc/intc_v3_12/src -s clean 

TRACE::2026-06-30.06:54:54::SCWMssOS::make -C microblaze_0/libsrc/spi_axi_v1_0/src -s clean 

TRACE::2026-06-30.06:54:54::SCWMssOS::make -C microblaze_0/libsrc/standalone_v7_3/src -s clean 

TRACE::2026-06-30.06:54:54::SCWMssOS::make -C microblaze_0/libsrc/timer_two_v1_0/src -s clean 

TRACE::2026-06-30.06:54:54::SCWMssOS::make -C microblaze_0/libsrc/uart_two_v1_0/src -s clean 

TRACE::2026-06-30.06:54:54::SCWMssOS::rm -f microblaze_0/lib/libxil.a

LOG::2026-06-30.06:55:22::SCWPlatform::Started generating the artifacts platform 0630_faxi_spi_uart
TRACE::2026-06-30.06:55:22::SCWPlatform::Sanity checking of platform is completed
LOG::2026-06-30.06:55:22::SCWPlatform::Started generating the artifacts for system configuration 0630_faxi_spi_uart
LOG::2026-06-30.06:55:22::SCWSystem::Checking the domain standalone_microblaze_0
LOG::2026-06-30.06:55:22::SCWSystem::Not a boot domain 
LOG::2026-06-30.06:55:22::SCWSystem::Started Processing the domain standalone_microblaze_0
TRACE::2026-06-30.06:55:22::SCWDomain::Generating domain artifcats
TRACE::2026-06-30.06:55:22::SCWMssOS::Generating standalone artifcats
TRACE::2026-06-30.06:55:22::SCWMssOS:: Copying the user libraries. 
TRACE::2026-06-30.06:55:22::SCWPlatform::Trying to open the hw design at D:/jh_workspace/0629_axi_spi_uart_timer_gpio/final/0630_faxi_spi_uart/hw/0630_faxi_spi_uart.xsa
TRACE::2026-06-30.06:55:22::SCWPlatform::DSA given D:/jh_workspace/0629_axi_spi_uart_timer_gpio/final/0630_faxi_spi_uart/hw/0630_faxi_spi_uart.xsa
TRACE::2026-06-30.06:55:22::SCWPlatform::DSA absoulate path D:/jh_workspace/0629_axi_spi_uart_timer_gpio/final/0630_faxi_spi_uart/hw/0630_faxi_spi_uart.xsa
TRACE::2026-06-30.06:55:22::SCWPlatform::DSA directory D:/jh_workspace/0629_axi_spi_uart_timer_gpio/final/0630_faxi_spi_uart/hw
TRACE::2026-06-30.06:55:22::SCWPlatform:: Platform Path D:/jh_workspace/0629_axi_spi_uart_timer_gpio/final/0630_faxi_spi_uart/hw/0630_faxi_spi_uart.xsa
TRACE::2026-06-30.06:55:22::SCWPlatform:: Unique name xilinx:basys3::0.0
TRACE::2026-06-30.06:55:22::SCWPlatform::Trying to set the existing hwdb with name axi_system_wrapper_0
TRACE::2026-06-30.06:55:22::SCWPlatform::Opened existing hwdb axi_system_wrapper_0
TRACE::2026-06-30.06:55:22::SCWPlatform::Found the Hw Db part of the input DSA
TRACE::2026-06-30.06:55:22::SCWMssOS::Checking the sw design at  D:/jh_workspace/0629_axi_spi_uart_timer_gpio/final/0630_faxi_spi_uart/microblaze_0/standalone_microblaze_0/bsp/system.mss
TRACE::2026-06-30.06:55:22::SCWMssOS::DEBUG:  swdes dump  D:/jh_workspace/0629_axi_spi_uart_timer_gpio/final/0630_faxi_spi_uart/microblaze_0/standalone_microblaze_0/bsp/system.mss|system||

TRACE::2026-06-30.06:55:22::SCWMssOS::Sw design exists and opened at  D:/jh_workspace/0629_axi_spi_uart_timer_gpio/final/0630_faxi_spi_uart/microblaze_0/standalone_microblaze_0/bsp/system.mss
TRACE::2026-06-30.06:55:22::SCWMssOS::Completed writing the mss file at D:/jh_workspace/0629_axi_spi_uart_timer_gpio/final/0630_faxi_spi_uart/microblaze_0/standalone_microblaze_0/bsp
TRACE::2026-06-30.06:55:22::SCWMssOS::Mss edits present, copying mssfile into export location D:/jh_workspace/0629_axi_spi_uart_timer_gpio/final/0630_faxi_spi_uart/microblaze_0/standalone_microblaze_0/bsp/system.mss
TRACE::2026-06-30.06:55:22::SCWMssOS::bsp generated is upto date with the mss file. Skipping bsp generation.
TRACE::2026-06-30.06:55:22::SCWMssOS::BSP is already built. skipping the bsp build ... 
TRACE::2026-06-30.06:55:22::SCWDomain::Building the domain as part of full build :  standalone_microblaze_0
TRACE::2026-06-30.06:55:22::SCWMssOS::doing bsp build ... 
TRACE::2026-06-30.06:55:22::SCWMssOS::System Command Ran  D: & cd  D:/jh_workspace/0629_axi_spi_uart_timer_gpio/final/0630_faxi_spi_uart/microblaze_0/standalone_microblaze_0/bsp & make 
TRACE::2026-06-30.06:55:22::SCWMssOS::make --no-print-directory seq_libs

TRACE::2026-06-30.06:55:22::SCWMssOS::"Running Make include in microblaze_0/libsrc/bram_v4_5/src"

TRACE::2026-06-30.06:55:22::SCWMssOS::make -C microblaze_0/libsrc/bram_v4_5/src -s include  "SHELL=CMD" "COMPILER=mb-gcc" "ASSEMBLER=mb-as" "ARCHIVER=mb-ar" "COMPILE
TRACE::2026-06-30.06:55:22::SCWMssOS::R_FLAGS=  -O2 -c -mcpu=v11.0 -mlittle-endian -mxl-soft-mul" "EXTRA_COMPILER_FLAGS=-g -ffunction-sections -fdata-sections -Wall 
TRACE::2026-06-30.06:55:22::SCWMssOS::-Wextra"

TRACE::2026-06-30.06:55:22::SCWMssOS::"Running Make include in microblaze_0/libsrc/cpu_v2_12/src"

TRACE::2026-06-30.06:55:22::SCWMssOS::make -C microblaze_0/libsrc/cpu_v2_12/src -s include  "SHELL=CMD" "COMPILER=mb-gcc" "ASSEMBLER=mb-as" "ARCHIVER=mb-ar" "COMPILE
TRACE::2026-06-30.06:55:22::SCWMssOS::R_FLAGS=  -O2 -c -mcpu=v11.0 -mlittle-endian -mxl-soft-mul" "EXTRA_COMPILER_FLAGS=-g -ffunction-sections -fdata-sections -Wall 
TRACE::2026-06-30.06:55:22::SCWMssOS::-Wextra"

TRACE::2026-06-30.06:55:22::SCWMssOS::"Running Make include in microblaze_0/libsrc/gpio_v1_0/src"

TRACE::2026-06-30.06:55:22::SCWMssOS::make -C microblaze_0/libsrc/gpio_v1_0/src -s include  "SHELL=CMD" "COMPILER=mb-gcc" "ASSEMBLER=mb-as" "ARCHIVER=mb-ar" "COMPILE
TRACE::2026-06-30.06:55:22::SCWMssOS::R_FLAGS=  -O2 -c -mcpu=v11.0 -mlittle-endian -mxl-soft-mul" "EXTRA_COMPILER_FLAGS=-g -ffunction-sections -fdata-sections -Wall 
TRACE::2026-06-30.06:55:22::SCWMssOS::-Wextra"

TRACE::2026-06-30.06:55:23::SCWMssOS::"Running Make include in microblaze_0/libsrc/intc_v3_12/src"

TRACE::2026-06-30.06:55:23::SCWMssOS::make -C microblaze_0/libsrc/intc_v3_12/src -s include  "SHELL=CMD" "COMPILER=mb-gcc" "ASSEMBLER=mb-as" "ARCHIVER=mb-ar" "COMPIL
TRACE::2026-06-30.06:55:23::SCWMssOS::ER_FLAGS=  -O2 -c -mcpu=v11.0 -mlittle-endian -mxl-soft-mul" "EXTRA_COMPILER_FLAGS=-g -ffunction-sections -fdata-sections -Wall
TRACE::2026-06-30.06:55:23::SCWMssOS:: -Wextra"

TRACE::2026-06-30.06:55:23::SCWMssOS::"Running Make include in microblaze_0/libsrc/spi_axi_v1_0/src"

TRACE::2026-06-30.06:55:23::SCWMssOS::make -C microblaze_0/libsrc/spi_axi_v1_0/src -s include  "SHELL=CMD" "COMPILER=mb-gcc" "ASSEMBLER=mb-as" "ARCHIVER=mb-ar" "COMP
TRACE::2026-06-30.06:55:23::SCWMssOS::ILER_FLAGS=  -O2 -c -mcpu=v11.0 -mlittle-endian -mxl-soft-mul" "EXTRA_COMPILER_FLAGS=-g -ffunction-sections -fdata-sections -Wa
TRACE::2026-06-30.06:55:23::SCWMssOS::ll -Wextra"

TRACE::2026-06-30.06:55:23::SCWMssOS::"Running Make include in microblaze_0/libsrc/standalone_v7_3/src"

TRACE::2026-06-30.06:55:23::SCWMssOS::make -C microblaze_0/libsrc/standalone_v7_3/src -s include  "SHELL=CMD" "COMPILER=mb-gcc" "ASSEMBLER=mb-as" "ARCHIVER=mb-ar" "C
TRACE::2026-06-30.06:55:23::SCWMssOS::OMPILER_FLAGS=  -O2 -c -mcpu=v11.0 -mlittle-endian -mxl-soft-mul" "EXTRA_COMPILER_FLAGS=-g -ffunction-sections -fdata-sections 
TRACE::2026-06-30.06:55:23::SCWMssOS::-Wall -Wextra"

TRACE::2026-06-30.06:55:23::SCWMssOS::"Running Make include in microblaze_0/libsrc/timer_two_v1_0/src"

TRACE::2026-06-30.06:55:23::SCWMssOS::make -C microblaze_0/libsrc/timer_two_v1_0/src -s include  "SHELL=CMD" "COMPILER=mb-gcc" "ASSEMBLER=mb-as" "ARCHIVER=mb-ar" "CO
TRACE::2026-06-30.06:55:23::SCWMssOS::MPILER_FLAGS=  -O2 -c -mcpu=v11.0 -mlittle-endian -mxl-soft-mul" "EXTRA_COMPILER_FLAGS=-g -ffunction-sections -fdata-sections -
TRACE::2026-06-30.06:55:23::SCWMssOS::Wall -Wextra"

TRACE::2026-06-30.06:55:23::SCWMssOS::"Running Make include in microblaze_0/libsrc/uart_two_v1_0/src"

TRACE::2026-06-30.06:55:23::SCWMssOS::make -C microblaze_0/libsrc/uart_two_v1_0/src -s include  "SHELL=CMD" "COMPILER=mb-gcc" "ASSEMBLER=mb-as" "ARCHIVER=mb-ar" "COM
TRACE::2026-06-30.06:55:23::SCWMssOS::PILER_FLAGS=  -O2 -c -mcpu=v11.0 -mlittle-endian -mxl-soft-mul" "EXTRA_COMPILER_FLAGS=-g -ffunction-sections -fdata-sections -W
TRACE::2026-06-30.06:55:23::SCWMssOS::all -Wextra"

TRACE::2026-06-30.06:55:23::SCWMssOS::"Running Make libs in microblaze_0/libsrc/gpio_v1_0/src"

TRACE::2026-06-30.06:55:23::SCWMssOS::make -C microblaze_0/libsrc/gpio_v1_0/src -s libs  "SHELL=CMD" "COMPILER=mb-gcc" "ASSEMBLER=mb-as" "ARCHIVER=mb-ar" "COMPILER_F
TRACE::2026-06-30.06:55:23::SCWMssOS::LAGS=  -O2 -c -mcpu=v11.0 -mlittle-endian -mxl-soft-mul" "EXTRA_COMPILER_FLAGS=-g -ffunction-sections -fdata-sections -Wall -We
TRACE::2026-06-30.06:55:23::SCWMssOS::xtra"

TRACE::2026-06-30.06:55:23::SCWMssOS::"Compiling gpio..."

TRACE::2026-06-30.06:55:24::SCWMssOS::"Running Make libs in microblaze_0/libsrc/spi_axi_v1_0/src"

TRACE::2026-06-30.06:55:24::SCWMssOS::make -C microblaze_0/libsrc/spi_axi_v1_0/src -s libs  "SHELL=CMD" "COMPILER=mb-gcc" "ASSEMBLER=mb-as" "ARCHIVER=mb-ar" "COMPILE
TRACE::2026-06-30.06:55:24::SCWMssOS::R_FLAGS=  -O2 -c -mcpu=v11.0 -mlittle-endian -mxl-soft-mul" "EXTRA_COMPILER_FLAGS=-g -ffunction-sections -fdata-sections -Wall 
TRACE::2026-06-30.06:55:24::SCWMssOS::-Wextra"

TRACE::2026-06-30.06:55:24::SCWMssOS::"Compiling spi_axi..."

TRACE::2026-06-30.06:55:24::SCWMssOS::"Running Make libs in microblaze_0/libsrc/timer_two_v1_0/src"

TRACE::2026-06-30.06:55:24::SCWMssOS::make -C microblaze_0/libsrc/timer_two_v1_0/src -s libs  "SHELL=CMD" "COMPILER=mb-gcc" "ASSEMBLER=mb-as" "ARCHIVER=mb-ar" "COMPI
TRACE::2026-06-30.06:55:24::SCWMssOS::LER_FLAGS=  -O2 -c -mcpu=v11.0 -mlittle-endian -mxl-soft-mul" "EXTRA_COMPILER_FLAGS=-g -ffunction-sections -fdata-sections -Wal
TRACE::2026-06-30.06:55:24::SCWMssOS::l -Wextra"

TRACE::2026-06-30.06:55:24::SCWMssOS::"Compiling timer_two..."

TRACE::2026-06-30.06:55:25::SCWMssOS::"Running Make libs in microblaze_0/libsrc/uart_two_v1_0/src"

TRACE::2026-06-30.06:55:25::SCWMssOS::make -C microblaze_0/libsrc/uart_two_v1_0/src -s libs  "SHELL=CMD" "COMPILER=mb-gcc" "ASSEMBLER=mb-as" "ARCHIVER=mb-ar" "COMPIL
TRACE::2026-06-30.06:55:25::SCWMssOS::ER_FLAGS=  -O2 -c -mcpu=v11.0 -mlittle-endian -mxl-soft-mul" "EXTRA_COMPILER_FLAGS=-g -ffunction-sections -fdata-sections -Wall
TRACE::2026-06-30.06:55:25::SCWMssOS:: -Wextra"

TRACE::2026-06-30.06:55:25::SCWMssOS::"Compiling uart_two..."

TRACE::2026-06-30.06:55:25::SCWMssOS::'Finished building libraries sequentially.'

TRACE::2026-06-30.06:55:25::SCWMssOS::make -j --no-print-directory par_libs

TRACE::2026-06-30.06:55:25::SCWMssOS::"Running Make include in microblaze_0/libsrc/bram_v4_5/src"

TRACE::2026-06-30.06:55:25::SCWMssOS::make -C microblaze_0/libsrc/bram_v4_5/src -s include  "SHELL=CMD" "COMPILER=mb-gcc" "ASSEMBLER=mb-as" "ARCHIVER=mb-ar" "COMPILE
TRACE::2026-06-30.06:55:25::SCWMssOS::R_FLAGS=  -O2 -c -mcpu=v11.0 -mlittle-endian -mxl-soft-mul" "EXTRA_COMPILER_FLAGS=-g -ffunction-sections -fdata-sections -Wall 
TRACE::2026-06-30.06:55:25::SCWMssOS::-Wextra"

TRACE::2026-06-30.06:55:25::SCWMssOS::"Running Make include in microblaze_0/libsrc/cpu_v2_12/src"

TRACE::2026-06-30.06:55:25::SCWMssOS::make -C microblaze_0/libsrc/cpu_v2_12/src -s include  "SHELL=CMD" "COMPILER=mb-gcc" "ASSEMBLER=mb-as" "ARCHIVER=mb-ar" "COMPILE
TRACE::2026-06-30.06:55:25::SCWMssOS::R_FLAGS=  -O2 -c -mcpu=v11.0 -mlittle-endian -mxl-soft-mul" "EXTRA_COMPILER_FLAGS=-g -ffunction-sections -fdata-sections -Wall 
TRACE::2026-06-30.06:55:25::SCWMssOS::-Wextra"

TRACE::2026-06-30.06:55:25::SCWMssOS::"Running Make include in microblaze_0/libsrc/gpio_v1_0/src"

TRACE::2026-06-30.06:55:25::SCWMssOS::make -C microblaze_0/libsrc/gpio_v1_0/src -s include  "SHELL=CMD" "COMPILER=mb-gcc" "ASSEMBLER=mb-as" "ARCHIVER=mb-ar" "COMPILE
TRACE::2026-06-30.06:55:25::SCWMssOS::R_FLAGS=  -O2 -c -mcpu=v11.0 -mlittle-endian -mxl-soft-mul" "EXTRA_COMPILER_FLAGS=-g -ffunction-sections -fdata-sections -Wall 
TRACE::2026-06-30.06:55:25::SCWMssOS::-Wextra"

TRACE::2026-06-30.06:55:25::SCWMssOS::"Running Make include in microblaze_0/libsrc/intc_v3_12/src"

TRACE::2026-06-30.06:55:25::SCWMssOS::make -C microblaze_0/libsrc/intc_v3_12/src -s include  "SHELL=CMD" "COMPILER=mb-gcc" "ASSEMBLER=mb-as" "ARCHIVER=mb-ar" "COMPIL
TRACE::2026-06-30.06:55:25::SCWMssOS::ER_FLAGS=  -O2 -c -mcpu=v11.0 -mlittle-endian -mxl-soft-mul" "EXTRA_COMPILER_FLAGS=-g -ffunction-sections -fdata-sections -Wall
TRACE::2026-06-30.06:55:25::SCWMssOS:: -Wextra"

TRACE::2026-06-30.06:55:25::SCWMssOS::"Running Make include in microblaze_0/libsrc/spi_axi_v1_0/src"

TRACE::2026-06-30.06:55:25::SCWMssOS::make -C microblaze_0/libsrc/spi_axi_v1_0/src -s include  "SHELL=CMD" "COMPILER=mb-gcc" "ASSEMBLER=mb-as" "ARCHIVER=mb-ar" "COMP
TRACE::2026-06-30.06:55:25::SCWMssOS::ILER_FLAGS=  -O2 -c -mcpu=v11.0 -mlittle-endian -mxl-soft-mul" "EXTRA_COMPILER_FLAGS=-g -ffunction-sections -fdata-sections -Wa
TRACE::2026-06-30.06:55:25::SCWMssOS::ll -Wextra"

TRACE::2026-06-30.06:55:25::SCWMssOS::"Running Make include in microblaze_0/libsrc/standalone_v7_3/src"

TRACE::2026-06-30.06:55:25::SCWMssOS::make -C microblaze_0/libsrc/standalone_v7_3/src -s include  "SHELL=CMD" "COMPILER=mb-gcc" "ASSEMBLER=mb-as" "ARCHIVER=mb-ar" "C
TRACE::2026-06-30.06:55:25::SCWMssOS::OMPILER_FLAGS=  -O2 -c -mcpu=v11.0 -mlittle-endian -mxl-soft-mul" "EXTRA_COMPILER_FLAGS=-g -ffunction-sections -fdata-sections 
TRACE::2026-06-30.06:55:25::SCWMssOS::-Wall -Wextra"

TRACE::2026-06-30.06:55:25::SCWMssOS::"Running Make include in microblaze_0/libsrc/timer_two_v1_0/src"

TRACE::2026-06-30.06:55:25::SCWMssOS::make -C microblaze_0/libsrc/timer_two_v1_0/src -s include  "SHELL=CMD" "COMPILER=mb-gcc" "ASSEMBLER=mb-as" "ARCHIVER=mb-ar" "CO
TRACE::2026-06-30.06:55:25::SCWMssOS::MPILER_FLAGS=  -O2 -c -mcpu=v11.0 -mlittle-endian -mxl-soft-mul" "EXTRA_COMPILER_FLAGS=-g -ffunction-sections -fdata-sections -
TRACE::2026-06-30.06:55:25::SCWMssOS::Wall -Wextra"

TRACE::2026-06-30.06:55:25::SCWMssOS::"Running Make include in microblaze_0/libsrc/uart_two_v1_0/src"

TRACE::2026-06-30.06:55:25::SCWMssOS::make -C microblaze_0/libsrc/uart_two_v1_0/src -s include  "SHELL=CMD" "COMPILER=mb-gcc" "ASSEMBLER=mb-as" "ARCHIVER=mb-ar" "COM
TRACE::2026-06-30.06:55:25::SCWMssOS::PILER_FLAGS=  -O2 -c -mcpu=v11.0 -mlittle-endian -mxl-soft-mul" "EXTRA_COMPILER_FLAGS=-g -ffunction-sections -fdata-sections -W
TRACE::2026-06-30.06:55:25::SCWMssOS::all -Wextra"

TRACE::2026-06-30.06:55:25::SCWMssOS::"Running Make libs in microblaze_0/libsrc/bram_v4_5/src"

TRACE::2026-06-30.06:55:25::SCWMssOS::make -C microblaze_0/libsrc/bram_v4_5/src -s libs  "SHELL=CMD" "COMPILER=mb-gcc" "ASSEMBLER=mb-as" "ARCHIVER=mb-ar" "COMPILER_F
TRACE::2026-06-30.06:55:25::SCWMssOS::LAGS=  -O2 -c -mcpu=v11.0 -mlittle-endian -mxl-soft-mul" "EXTRA_COMPILER_FLAGS=-g -ffunction-sections -fdata-sections -Wall -We
TRACE::2026-06-30.06:55:25::SCWMssOS::xtra"

TRACE::2026-06-30.06:55:25::SCWMssOS::"Running Make libs in microblaze_0/libsrc/cpu_v2_12/src"

TRACE::2026-06-30.06:55:25::SCWMssOS::make -C microblaze_0/libsrc/cpu_v2_12/src -s libs  "SHELL=CMD" "COMPILER=mb-gcc" "ASSEMBLER=mb-as" "ARCHIVER=mb-ar" "COMPILER_F
TRACE::2026-06-30.06:55:25::SCWMssOS::LAGS=  -O2 -c -mcpu=v11.0 -mlittle-endian -mxl-soft-mul" "EXTRA_COMPILER_FLAGS=-g -ffunction-sections -fdata-sections -Wall -We
TRACE::2026-06-30.06:55:25::SCWMssOS::xtra"

TRACE::2026-06-30.06:55:25::SCWMssOS::"Running Make libs in microblaze_0/libsrc/intc_v3_12/src"

TRACE::2026-06-30.06:55:25::SCWMssOS::make -C microblaze_0/libsrc/intc_v3_12/src -s libs  "SHELL=CMD" "COMPILER=mb-gcc" "ASSEMBLER=mb-as" "ARCHIVER=mb-ar" "COMPILER_
TRACE::2026-06-30.06:55:25::SCWMssOS::FLAGS=  -O2 -c -mcpu=v11.0 -mlittle-endian -mxl-soft-mul" "EXTRA_COMPILER_FLAGS=-g -ffunction-sections -fdata-sections -Wall -W
TRACE::2026-06-30.06:55:25::SCWMssOS::extra"

TRACE::2026-06-30.06:55:25::SCWMssOS::"Running Make libs in microblaze_0/libsrc/standalone_v7_3/src"

TRACE::2026-06-30.06:55:25::SCWMssOS::make -C microblaze_0/libsrc/standalone_v7_3/src -s libs  "SHELL=CMD" "COMPILER=mb-gcc" "ASSEMBLER=mb-as" "ARCHIVER=mb-ar" "COMP
TRACE::2026-06-30.06:55:25::SCWMssOS::ILER_FLAGS=  -O2 -c -mcpu=v11.0 -mlittle-endian -mxl-soft-mul" "EXTRA_COMPILER_FLAGS=-g -ffunction-sections -fdata-sections -Wa
TRACE::2026-06-30.06:55:25::SCWMssOS::ll -Wextra"

TRACE::2026-06-30.06:55:26::SCWMssOS::"DEBUG NON_LTO_OBJECTS is ../../../lib/microblaze_interrupt_handler.o"

TRACE::2026-06-30.06:55:26::SCWMssOS::'Finished building libraries parallelly.'

TRACE::2026-06-30.06:55:26::SCWMssOS::make --no-print-directory archive

TRACE::2026-06-30.06:55:26::SCWMssOS::mb-ar -r  microblaze_0/lib/libxil.a microblaze_0/lib/xplatform_info.o microblaze_0/lib/microblaze_disable_exceptions.o microbla
TRACE::2026-06-30.06:55:26::SCWMssOS::ze_0/lib/print.o microblaze_0/lib/_exit.o microblaze_0/lib/xil_testio.o microblaze_0/lib/microblaze_disable_dcache.o microblaze
TRACE::2026-06-30.06:55:26::SCWMssOS::_0/lib/microblaze_flush_dcache_range.o microblaze_0/lib/microblaze_flush_cache_ext.o microblaze_0/lib/xbram_sinit.o microblaze_
TRACE::2026-06-30.06:55:26::SCWMssOS::0/lib/xil_misc_psreset_api.o microblaze_0/lib/xil_cache.o microblaze_0/lib/xil_util.o microblaze_0/lib/inbyte.o microblaze_0/li
TRACE::2026-06-30.06:55:26::SCWMssOS::b/xbram_g.o microblaze_0/lib/microblaze_exception_handler.o microblaze_0/lib/microblaze_scrub.o microblaze_0/lib/microblaze_inv
TRACE::2026-06-30.06:55:26::SCWMssOS::alidate_dcache.o microblaze_0/lib/microblaze_disable_interrupts.o microblaze_0/lib/xbram_selftest.o microblaze_0/lib/microblaze
TRACE::2026-06-30.06:55:26::SCWMssOS::_interrupt_handler.o microblaze_0/lib/microblaze_disable_icache.o microblaze_0/lib/xil_mem.o microblaze_0/lib/microblaze_flush_
TRACE::2026-06-30.06:55:26::SCWMssOS::cache_ext_range.o microblaze_0/lib/xbram_intr.o microblaze_0/lib/xil_sleepcommon.o microblaze_0/lib/xil_printf.o microblaze_0/l
TRACE::2026-06-30.06:55:26::SCWMssOS::ib/xintc_g.o microblaze_0/lib/xintc_selftest.o microblaze_0/lib/xintc_l.o microblaze_0/lib/outbyte.o microblaze_0/lib/microblaz
TRACE::2026-06-30.06:55:26::SCWMssOS::e_invalidate_dcache_range.o microblaze_0/lib/microblaze_invalidate_cache_ext.o microblaze_0/lib/microblaze_sleep.o microblaze_0
TRACE::2026-06-30.06:55:26::SCWMssOS::/lib/hw_exception_handler.o microblaze_0/lib/xintc_intr.o microblaze_0/lib/microblaze_update_dcache.o microblaze_0/lib/xil_test
TRACE::2026-06-30.06:55:26::SCWMssOS::cache.o microblaze_0/lib/microblaze_selftest.o microblaze_0/lib/microblaze_interrupts_g.o microblaze_0/lib/microblaze_enable_ex
TRACE::2026-06-30.06:55:26::SCWMssOS::ceptions.o microblaze_0/lib/xio.o microblaze_0/lib/microblaze_enable_dcache.o microblaze_0/lib/xbram.o microblaze_0/lib/microbl
TRACE::2026-06-30.06:55:26::SCWMssOS::aze_invalidate_icache_range.o microblaze_0/lib/microblaze_init_dcache_range.o microblaze_0/lib/microblaze_invalidate_icache.o m
TRACE::2026-06-30.06:55:26::SCWMssOS::icroblaze_0/lib/errno.o microblaze_0/lib/xintc_options.o microblaze_0/lib/microblaze_invalidate_cache_ext_range.o microblaze_0/
TRACE::2026-06-30.06:55:26::SCWMssOS::lib/xil_exception.o microblaze_0/lib/pvr.o microblaze_0/lib/xil_testmem.o microblaze_0/lib/microblaze_update_icache.o microblaz
TRACE::2026-06-30.06:55:26::SCWMssOS::e_0/lib/microblaze_flush_dcache.o microblaze_0/lib/xil_clocking.o microblaze_0/lib/xil_assert.o microblaze_0/lib/microblaze_ena
TRACE::2026-06-30.06:55:26::SCWMssOS::ble_interrupts.o microblaze_0/lib/microblaze_enable_icache.o microblaze_0/lib/xintc.o microblaze_0/lib/fcntl.o microblaze_0/lib
TRACE::2026-06-30.06:55:26::SCWMssOS::/microblaze_init_icache_range.o

TRACE::2026-06-30.06:55:26::SCWMssOS::'Finished building libraries'

TRACE::2026-06-30.06:55:26::SCWMssOS::Copying to export directory.
TRACE::2026-06-30.06:55:26::SCWMssOS:: Checking if to create the Supporting Applications
TRACE::2026-06-30.06:55:26::SCWMssOS:: No Linux domain exists, trying to generate FSBL 
LOG::2026-06-30.06:55:26::SCWSystem::Completed Processing the domain standalone_microblaze_0
LOG::2026-06-30.06:55:26::SCWSystem::Completed Processing the sysconfig 0630_faxi_spi_uart
LOG::2026-06-30.06:55:26::SCWPlatform::Completed generating the artifacts for system configuration 0630_faxi_spi_uart
TRACE::2026-06-30.06:55:26::SCWPlatform::Started preparing the platform 
TRACE::2026-06-30.06:55:26::SCWSystem::Writing the bif file for system config 0630_faxi_spi_uart
TRACE::2026-06-30.06:55:26::SCWSystem::dir created 
TRACE::2026-06-30.06:55:26::SCWSystem::Writing the bif 
TRACE::2026-06-30.06:55:26::SCWPlatform::Started writing the spfm file 
TRACE::2026-06-30.06:55:26::SCWPlatform::Started writing the xpfm file 
TRACE::2026-06-30.06:55:26::SCWPlatform::Completed generating the platform
TRACE::2026-06-30.06:55:26::SCWMssOS::Saving the mss changes D:/jh_workspace/0629_axi_spi_uart_timer_gpio/final/0630_faxi_spi_uart/microblaze_0/standalone_microblaze_0/bsp/system.mss
TRACE::2026-06-30.06:55:26::SCWMssOS::Found a swdesign opened with the mssfile.
TRACE::2026-06-30.06:55:26::SCWMssOS::Completed writemss as part of save.
TRACE::2026-06-30.06:55:26::SCWMssOS::Commit changes completed.
TRACE::2026-06-30.06:55:26::SCWPlatform::Trying to open the hw design at D:/jh_workspace/0629_axi_spi_uart_timer_gpio/final/0630_faxi_spi_uart/hw/0630_faxi_spi_uart.xsa
TRACE::2026-06-30.06:55:26::SCWPlatform::DSA given D:/jh_workspace/0629_axi_spi_uart_timer_gpio/final/0630_faxi_spi_uart/hw/0630_faxi_spi_uart.xsa
TRACE::2026-06-30.06:55:26::SCWPlatform::DSA absoulate path D:/jh_workspace/0629_axi_spi_uart_timer_gpio/final/0630_faxi_spi_uart/hw/0630_faxi_spi_uart.xsa
TRACE::2026-06-30.06:55:26::SCWPlatform::DSA directory D:/jh_workspace/0629_axi_spi_uart_timer_gpio/final/0630_faxi_spi_uart/hw
TRACE::2026-06-30.06:55:26::SCWPlatform:: Platform Path D:/jh_workspace/0629_axi_spi_uart_timer_gpio/final/0630_faxi_spi_uart/hw/0630_faxi_spi_uart.xsa
TRACE::2026-06-30.06:55:26::SCWPlatform:: Unique name xilinx:basys3::0.0
TRACE::2026-06-30.06:55:26::SCWPlatform::Trying to set the existing hwdb with name axi_system_wrapper_0
TRACE::2026-06-30.06:55:26::SCWPlatform::Opened existing hwdb axi_system_wrapper_0
TRACE::2026-06-30.06:55:26::SCWPlatform::Found the Hw Db part of the input DSA
TRACE::2026-06-30.06:55:26::SCWMssOS::Checking the sw design at  D:/jh_workspace/0629_axi_spi_uart_timer_gpio/final/0630_faxi_spi_uart/microblaze_0/standalone_microblaze_0/bsp/system.mss
TRACE::2026-06-30.06:55:26::SCWMssOS::DEBUG:  swdes dump  D:/jh_workspace/0629_axi_spi_uart_timer_gpio/final/0630_faxi_spi_uart/microblaze_0/standalone_microblaze_0/bsp/system.mss|system||

TRACE::2026-06-30.06:55:26::SCWMssOS::Sw design exists and opened at  D:/jh_workspace/0629_axi_spi_uart_timer_gpio/final/0630_faxi_spi_uart/microblaze_0/standalone_microblaze_0/bsp/system.mss
TRACE::2026-06-30.06:55:26::SCWPlatform::Trying to open the hw design at D:/jh_workspace/0629_axi_spi_uart_timer_gpio/final/0630_faxi_spi_uart/hw/0630_faxi_spi_uart.xsa
TRACE::2026-06-30.06:55:26::SCWPlatform::DSA given D:/jh_workspace/0629_axi_spi_uart_timer_gpio/final/0630_faxi_spi_uart/hw/0630_faxi_spi_uart.xsa
TRACE::2026-06-30.06:55:26::SCWPlatform::DSA absoulate path D:/jh_workspace/0629_axi_spi_uart_timer_gpio/final/0630_faxi_spi_uart/hw/0630_faxi_spi_uart.xsa
TRACE::2026-06-30.06:55:26::SCWPlatform::DSA directory D:/jh_workspace/0629_axi_spi_uart_timer_gpio/final/0630_faxi_spi_uart/hw
TRACE::2026-06-30.06:55:26::SCWPlatform:: Platform Path D:/jh_workspace/0629_axi_spi_uart_timer_gpio/final/0630_faxi_spi_uart/hw/0630_faxi_spi_uart.xsa
TRACE::2026-06-30.06:55:26::SCWPlatform:: Unique name xilinx:basys3::0.0
TRACE::2026-06-30.06:55:26::SCWPlatform::Trying to set the existing hwdb with name axi_system_wrapper_0
TRACE::2026-06-30.06:55:26::SCWPlatform::Opened existing hwdb axi_system_wrapper_0
TRACE::2026-06-30.06:55:26::SCWPlatform::Found the Hw Db part of the input DSA
TRACE::2026-06-30.06:55:26::SCWMssOS::Checking the sw design at  D:/jh_workspace/0629_axi_spi_uart_timer_gpio/final/0630_faxi_spi_uart/microblaze_0/standalone_microblaze_0/bsp/system.mss
TRACE::2026-06-30.06:55:26::SCWMssOS::DEBUG:  swdes dump  D:/jh_workspace/0629_axi_spi_uart_timer_gpio/final/0630_faxi_spi_uart/microblaze_0/standalone_microblaze_0/bsp/system.mss|system||

TRACE::2026-06-30.06:55:26::SCWMssOS::Sw design exists and opened at  D:/jh_workspace/0629_axi_spi_uart_timer_gpio/final/0630_faxi_spi_uart/microblaze_0/standalone_microblaze_0/bsp/system.mss
TRACE::2026-06-30.06:55:26::SCWPlatform::Trying to open the hw design at D:/jh_workspace/0629_axi_spi_uart_timer_gpio/final/0630_faxi_spi_uart/hw/0630_faxi_spi_uart.xsa
TRACE::2026-06-30.06:55:26::SCWPlatform::DSA given D:/jh_workspace/0629_axi_spi_uart_timer_gpio/final/0630_faxi_spi_uart/hw/0630_faxi_spi_uart.xsa
TRACE::2026-06-30.06:55:26::SCWPlatform::DSA absoulate path D:/jh_workspace/0629_axi_spi_uart_timer_gpio/final/0630_faxi_spi_uart/hw/0630_faxi_spi_uart.xsa
TRACE::2026-06-30.06:55:26::SCWPlatform::DSA directory D:/jh_workspace/0629_axi_spi_uart_timer_gpio/final/0630_faxi_spi_uart/hw
TRACE::2026-06-30.06:55:26::SCWPlatform:: Platform Path D:/jh_workspace/0629_axi_spi_uart_timer_gpio/final/0630_faxi_spi_uart/hw/0630_faxi_spi_uart.xsa
TRACE::2026-06-30.06:55:26::SCWPlatform:: Unique name xilinx:basys3::0.0
TRACE::2026-06-30.06:55:26::SCWPlatform::Trying to set the existing hwdb with name axi_system_wrapper_0
TRACE::2026-06-30.06:55:26::SCWPlatform::Opened existing hwdb axi_system_wrapper_0
TRACE::2026-06-30.06:55:26::SCWPlatform::Found the Hw Db part of the input DSA
TRACE::2026-06-30.06:55:26::SCWMssOS::Checking the sw design at  D:/jh_workspace/0629_axi_spi_uart_timer_gpio/final/0630_faxi_spi_uart/microblaze_0/standalone_microblaze_0/bsp/system.mss
TRACE::2026-06-30.06:55:26::SCWMssOS::DEBUG:  swdes dump  D:/jh_workspace/0629_axi_spi_uart_timer_gpio/final/0630_faxi_spi_uart/microblaze_0/standalone_microblaze_0/bsp/system.mss|system||

TRACE::2026-06-30.06:55:26::SCWMssOS::Sw design exists and opened at  D:/jh_workspace/0629_axi_spi_uart_timer_gpio/final/0630_faxi_spi_uart/microblaze_0/standalone_microblaze_0/bsp/system.mss
TRACE::2026-06-30.06:55:26::SCWWriter::formatted JSON is {
	"platformName":	"0630_faxi_spi_uart",
	"sprVersion":	"2.0",
	"mode":	"gui",
	"dsaType":	"Fixed",
	"platformDesc":	"0630_faxi_spi_uart",
	"platHandOff":	"D:/jh_workspace/0629_axi_spi_uart_timer_gpio/0630_faxi_spi_uart.xsa",
	"platIntHandOff":	"<platformDir>/hw/0630_faxi_spi_uart.xsa",
	"deviceType":	"FPGA",
	"platIsPrebuiltAutogen":	"false",
	"platIsNoBootBsp":	"false",
	"hasFsblMakeHasChanges":	"false",
	"hasPmufwMakeHasChanges":	"false",
	"platPreBuiltFlag":	false,
	"platformSamplesDir":	"",
	"platActiveSys":	"0630_faxi_spi_uart",
	"systems":	[{
			"systemName":	"0630_faxi_spi_uart",
			"systemDesc":	"0630_faxi_spi_uart",
			"sysIsBootAutoGen":	"true",
			"systemDispName":	"0630_faxi_spi_uart",
			"sysActiveDom":	"standalone_microblaze_0",
			"sysDefaultDom":	"standalone_microblaze_0",
			"domains":	[{
					"domainName":	"standalone_microblaze_0",
					"domainDispName":	"standalone_microblaze_0",
					"domainDesc":	"standalone_microblaze_0",
					"processors":	"microblaze_0",
					"os":	"standalone",
					"sdxOs":	"standalone",
					"debugEnable":	"False",
					"domRuntimes":	["cpp"],
					"swRepo":	"",
					"mssOsVer":	"7.3",
					"mssFile":	"",
					"md5Digest":	"21a57f7a7515368fc1c8ff5369e72780",
					"compatibleApp":	"empty_application",
					"domType":	"mssDomain",
					"arch":	"32-bit",
					"appSettings":	{
						"appCompilerFlags":	"",
						"appLinkerFlags":	""
					},
					"addedLibs":	[],
					"libOptions":	{
						"libsContainingOptions":	[]
					},
					"prebuiltLibs":	{
						"prebuiltIncPath":	[],
						"prebuiltLibPath":	[]
					},
					"isolation":	{
					}
				}]
		}]
}
KEYINFO::2026-06-30.06:55:26::SCWPlatform::updated the xpfm file.
TRACE::2026-06-30.06:55:26::SCWPlatform::Trying to open the hw design at D:/jh_workspace/0629_axi_spi_uart_timer_gpio/final/0630_faxi_spi_uart/hw/0630_faxi_spi_uart.xsa
TRACE::2026-06-30.06:55:26::SCWPlatform::DSA given D:/jh_workspace/0629_axi_spi_uart_timer_gpio/final/0630_faxi_spi_uart/hw/0630_faxi_spi_uart.xsa
TRACE::2026-06-30.06:55:26::SCWPlatform::DSA absoulate path D:/jh_workspace/0629_axi_spi_uart_timer_gpio/final/0630_faxi_spi_uart/hw/0630_faxi_spi_uart.xsa
TRACE::2026-06-30.06:55:26::SCWPlatform::DSA directory D:/jh_workspace/0629_axi_spi_uart_timer_gpio/final/0630_faxi_spi_uart/hw
TRACE::2026-06-30.06:55:26::SCWPlatform:: Platform Path D:/jh_workspace/0629_axi_spi_uart_timer_gpio/final/0630_faxi_spi_uart/hw/0630_faxi_spi_uart.xsa
TRACE::2026-06-30.06:55:26::SCWPlatform:: Unique name xilinx:basys3::0.0
TRACE::2026-06-30.06:55:26::SCWPlatform::Trying to set the existing hwdb with name axi_system_wrapper_0
TRACE::2026-06-30.06:55:26::SCWPlatform::Opened existing hwdb axi_system_wrapper_0
TRACE::2026-06-30.06:55:26::SCWPlatform::Found the Hw Db part of the input DSA
TRACE::2026-06-30.06:55:26::SCWMssOS::Checking the sw design at  D:/jh_workspace/0629_axi_spi_uart_timer_gpio/final/0630_faxi_spi_uart/microblaze_0/standalone_microblaze_0/bsp/system.mss
TRACE::2026-06-30.06:55:26::SCWMssOS::DEBUG:  swdes dump  D:/jh_workspace/0629_axi_spi_uart_timer_gpio/final/0630_faxi_spi_uart/microblaze_0/standalone_microblaze_0/bsp/system.mss|system||

TRACE::2026-06-30.06:55:26::SCWMssOS::Sw design exists and opened at  D:/jh_workspace/0629_axi_spi_uart_timer_gpio/final/0630_faxi_spi_uart/microblaze_0/standalone_microblaze_0/bsp/system.mss
TRACE::2026-06-30.07:34:42::SCWMssOS::cleaning the bsp 
TRACE::2026-06-30.07:34:42::SCWMssOS::System Command Ran  D: & cd  D:/jh_workspace/0629_axi_spi_uart_timer_gpio/final/0630_faxi_spi_uart/microblaze_0/standalone_microblaze_0/bsp & make clean 
TRACE::2026-06-30.07:34:42::SCWMssOS::make -C microblaze_0/libsrc/bram_v4_5/src -s clean 

TRACE::2026-06-30.07:34:42::SCWMssOS::make -C microblaze_0/libsrc/cpu_v2_12/src -s clean 

TRACE::2026-06-30.07:34:42::SCWMssOS::make -C microblaze_0/libsrc/gpio_v1_0/src -s clean 

TRACE::2026-06-30.07:34:42::SCWMssOS::make -C microblaze_0/libsrc/intc_v3_12/src -s clean 

TRACE::2026-06-30.07:34:42::SCWMssOS::make -C microblaze_0/libsrc/spi_axi_v1_0/src -s clean 

TRACE::2026-06-30.07:34:42::SCWMssOS::make -C microblaze_0/libsrc/standalone_v7_3/src -s clean 

TRACE::2026-06-30.07:34:43::SCWMssOS::make -C microblaze_0/libsrc/timer_two_v1_0/src -s clean 

TRACE::2026-06-30.07:34:43::SCWMssOS::make -C microblaze_0/libsrc/uart_two_v1_0/src -s clean 

TRACE::2026-06-30.07:34:43::SCWMssOS::rm -f microblaze_0/lib/libxil.a

LOG::2026-06-30.07:34:48::SCWPlatform::Started generating the artifacts platform 0630_faxi_spi_uart
TRACE::2026-06-30.07:34:48::SCWPlatform::Sanity checking of platform is completed
LOG::2026-06-30.07:34:48::SCWPlatform::Started generating the artifacts for system configuration 0630_faxi_spi_uart
LOG::2026-06-30.07:34:48::SCWSystem::Checking the domain standalone_microblaze_0
LOG::2026-06-30.07:34:48::SCWSystem::Not a boot domain 
LOG::2026-06-30.07:34:48::SCWSystem::Started Processing the domain standalone_microblaze_0
TRACE::2026-06-30.07:34:48::SCWDomain::Generating domain artifcats
TRACE::2026-06-30.07:34:48::SCWMssOS::Generating standalone artifcats
TRACE::2026-06-30.07:34:48::SCWMssOS:: Copying the user libraries. 
TRACE::2026-06-30.07:34:48::SCWPlatform::Trying to open the hw design at D:/jh_workspace/0629_axi_spi_uart_timer_gpio/final/0630_faxi_spi_uart/hw/0630_faxi_spi_uart.xsa
TRACE::2026-06-30.07:34:48::SCWPlatform::DSA given D:/jh_workspace/0629_axi_spi_uart_timer_gpio/final/0630_faxi_spi_uart/hw/0630_faxi_spi_uart.xsa
TRACE::2026-06-30.07:34:48::SCWPlatform::DSA absoulate path D:/jh_workspace/0629_axi_spi_uart_timer_gpio/final/0630_faxi_spi_uart/hw/0630_faxi_spi_uart.xsa
TRACE::2026-06-30.07:34:48::SCWPlatform::DSA directory D:/jh_workspace/0629_axi_spi_uart_timer_gpio/final/0630_faxi_spi_uart/hw
TRACE::2026-06-30.07:34:48::SCWPlatform:: Platform Path D:/jh_workspace/0629_axi_spi_uart_timer_gpio/final/0630_faxi_spi_uart/hw/0630_faxi_spi_uart.xsa
TRACE::2026-06-30.07:34:48::SCWPlatform:: Unique name xilinx:basys3::0.0
TRACE::2026-06-30.07:34:48::SCWPlatform::Trying to set the existing hwdb with name axi_system_wrapper_0
TRACE::2026-06-30.07:34:48::SCWPlatform::Opened existing hwdb axi_system_wrapper_0
TRACE::2026-06-30.07:34:48::SCWPlatform::Found the Hw Db part of the input DSA
TRACE::2026-06-30.07:34:48::SCWMssOS::Checking the sw design at  D:/jh_workspace/0629_axi_spi_uart_timer_gpio/final/0630_faxi_spi_uart/microblaze_0/standalone_microblaze_0/bsp/system.mss
TRACE::2026-06-30.07:34:48::SCWMssOS::DEBUG:  swdes dump  D:/jh_workspace/0629_axi_spi_uart_timer_gpio/final/0630_faxi_spi_uart/microblaze_0/standalone_microblaze_0/bsp/system.mss|system||

TRACE::2026-06-30.07:34:48::SCWMssOS::Sw design exists and opened at  D:/jh_workspace/0629_axi_spi_uart_timer_gpio/final/0630_faxi_spi_uart/microblaze_0/standalone_microblaze_0/bsp/system.mss
TRACE::2026-06-30.07:34:48::SCWMssOS::Completed writing the mss file at D:/jh_workspace/0629_axi_spi_uart_timer_gpio/final/0630_faxi_spi_uart/microblaze_0/standalone_microblaze_0/bsp
TRACE::2026-06-30.07:34:48::SCWMssOS::Mss edits present, copying mssfile into export location D:/jh_workspace/0629_axi_spi_uart_timer_gpio/final/0630_faxi_spi_uart/microblaze_0/standalone_microblaze_0/bsp/system.mss
TRACE::2026-06-30.07:34:48::SCWMssOS::bsp generated is upto date with the mss file. Skipping bsp generation.
TRACE::2026-06-30.07:34:48::SCWMssOS::BSP is already built. skipping the bsp build ... 
TRACE::2026-06-30.07:34:48::SCWDomain::Building the domain as part of full build :  standalone_microblaze_0
TRACE::2026-06-30.07:34:48::SCWMssOS::doing bsp build ... 
TRACE::2026-06-30.07:34:48::SCWMssOS::System Command Ran  D: & cd  D:/jh_workspace/0629_axi_spi_uart_timer_gpio/final/0630_faxi_spi_uart/microblaze_0/standalone_microblaze_0/bsp & make 
TRACE::2026-06-30.07:34:48::SCWMssOS::make --no-print-directory seq_libs

TRACE::2026-06-30.07:34:48::SCWMssOS::"Running Make include in microblaze_0/libsrc/bram_v4_5/src"

TRACE::2026-06-30.07:34:48::SCWMssOS::make -C microblaze_0/libsrc/bram_v4_5/src -s include  "SHELL=CMD" "COMPILER=mb-gcc" "ASSEMBLER=mb-as" "ARCHIVER=mb-ar" "COMPILE
TRACE::2026-06-30.07:34:48::SCWMssOS::R_FLAGS=  -O2 -c -mcpu=v11.0 -mlittle-endian -mxl-soft-mul" "EXTRA_COMPILER_FLAGS=-g -ffunction-sections -fdata-sections -Wall 
TRACE::2026-06-30.07:34:48::SCWMssOS::-Wextra"

TRACE::2026-06-30.07:34:48::SCWMssOS::"Running Make include in microblaze_0/libsrc/cpu_v2_12/src"

TRACE::2026-06-30.07:34:48::SCWMssOS::make -C microblaze_0/libsrc/cpu_v2_12/src -s include  "SHELL=CMD" "COMPILER=mb-gcc" "ASSEMBLER=mb-as" "ARCHIVER=mb-ar" "COMPILE
TRACE::2026-06-30.07:34:48::SCWMssOS::R_FLAGS=  -O2 -c -mcpu=v11.0 -mlittle-endian -mxl-soft-mul" "EXTRA_COMPILER_FLAGS=-g -ffunction-sections -fdata-sections -Wall 
TRACE::2026-06-30.07:34:48::SCWMssOS::-Wextra"

TRACE::2026-06-30.07:34:48::SCWMssOS::"Running Make include in microblaze_0/libsrc/gpio_v1_0/src"

TRACE::2026-06-30.07:34:48::SCWMssOS::make -C microblaze_0/libsrc/gpio_v1_0/src -s include  "SHELL=CMD" "COMPILER=mb-gcc" "ASSEMBLER=mb-as" "ARCHIVER=mb-ar" "COMPILE
TRACE::2026-06-30.07:34:48::SCWMssOS::R_FLAGS=  -O2 -c -mcpu=v11.0 -mlittle-endian -mxl-soft-mul" "EXTRA_COMPILER_FLAGS=-g -ffunction-sections -fdata-sections -Wall 
TRACE::2026-06-30.07:34:48::SCWMssOS::-Wextra"

TRACE::2026-06-30.07:34:48::SCWMssOS::"Running Make include in microblaze_0/libsrc/intc_v3_12/src"

TRACE::2026-06-30.07:34:48::SCWMssOS::make -C microblaze_0/libsrc/intc_v3_12/src -s include  "SHELL=CMD" "COMPILER=mb-gcc" "ASSEMBLER=mb-as" "ARCHIVER=mb-ar" "COMPIL
TRACE::2026-06-30.07:34:48::SCWMssOS::ER_FLAGS=  -O2 -c -mcpu=v11.0 -mlittle-endian -mxl-soft-mul" "EXTRA_COMPILER_FLAGS=-g -ffunction-sections -fdata-sections -Wall
TRACE::2026-06-30.07:34:48::SCWMssOS:: -Wextra"

TRACE::2026-06-30.07:34:48::SCWMssOS::"Running Make include in microblaze_0/libsrc/spi_axi_v1_0/src"

TRACE::2026-06-30.07:34:48::SCWMssOS::make -C microblaze_0/libsrc/spi_axi_v1_0/src -s include  "SHELL=CMD" "COMPILER=mb-gcc" "ASSEMBLER=mb-as" "ARCHIVER=mb-ar" "COMP
TRACE::2026-06-30.07:34:48::SCWMssOS::ILER_FLAGS=  -O2 -c -mcpu=v11.0 -mlittle-endian -mxl-soft-mul" "EXTRA_COMPILER_FLAGS=-g -ffunction-sections -fdata-sections -Wa
TRACE::2026-06-30.07:34:48::SCWMssOS::ll -Wextra"

TRACE::2026-06-30.07:34:48::SCWMssOS::"Running Make include in microblaze_0/libsrc/standalone_v7_3/src"

TRACE::2026-06-30.07:34:48::SCWMssOS::make -C microblaze_0/libsrc/standalone_v7_3/src -s include  "SHELL=CMD" "COMPILER=mb-gcc" "ASSEMBLER=mb-as" "ARCHIVER=mb-ar" "C
TRACE::2026-06-30.07:34:48::SCWMssOS::OMPILER_FLAGS=  -O2 -c -mcpu=v11.0 -mlittle-endian -mxl-soft-mul" "EXTRA_COMPILER_FLAGS=-g -ffunction-sections -fdata-sections 
TRACE::2026-06-30.07:34:48::SCWMssOS::-Wall -Wextra"

TRACE::2026-06-30.07:34:48::SCWMssOS::"Running Make include in microblaze_0/libsrc/timer_two_v1_0/src"

TRACE::2026-06-30.07:34:48::SCWMssOS::make -C microblaze_0/libsrc/timer_two_v1_0/src -s include  "SHELL=CMD" "COMPILER=mb-gcc" "ASSEMBLER=mb-as" "ARCHIVER=mb-ar" "CO
TRACE::2026-06-30.07:34:48::SCWMssOS::MPILER_FLAGS=  -O2 -c -mcpu=v11.0 -mlittle-endian -mxl-soft-mul" "EXTRA_COMPILER_FLAGS=-g -ffunction-sections -fdata-sections -
TRACE::2026-06-30.07:34:48::SCWMssOS::Wall -Wextra"

TRACE::2026-06-30.07:34:48::SCWMssOS::"Running Make include in microblaze_0/libsrc/uart_two_v1_0/src"

TRACE::2026-06-30.07:34:48::SCWMssOS::make -C microblaze_0/libsrc/uart_two_v1_0/src -s include  "SHELL=CMD" "COMPILER=mb-gcc" "ASSEMBLER=mb-as" "ARCHIVER=mb-ar" "COM
TRACE::2026-06-30.07:34:48::SCWMssOS::PILER_FLAGS=  -O2 -c -mcpu=v11.0 -mlittle-endian -mxl-soft-mul" "EXTRA_COMPILER_FLAGS=-g -ffunction-sections -fdata-sections -W
TRACE::2026-06-30.07:34:48::SCWMssOS::all -Wextra"

TRACE::2026-06-30.07:34:49::SCWMssOS::"Running Make libs in microblaze_0/libsrc/gpio_v1_0/src"

TRACE::2026-06-30.07:34:49::SCWMssOS::make -C microblaze_0/libsrc/gpio_v1_0/src -s libs  "SHELL=CMD" "COMPILER=mb-gcc" "ASSEMBLER=mb-as" "ARCHIVER=mb-ar" "COMPILER_F
TRACE::2026-06-30.07:34:49::SCWMssOS::LAGS=  -O2 -c -mcpu=v11.0 -mlittle-endian -mxl-soft-mul" "EXTRA_COMPILER_FLAGS=-g -ffunction-sections -fdata-sections -Wall -We
TRACE::2026-06-30.07:34:49::SCWMssOS::xtra"

TRACE::2026-06-30.07:34:49::SCWMssOS::"Compiling gpio..."

TRACE::2026-06-30.07:34:49::SCWMssOS::"Running Make libs in microblaze_0/libsrc/spi_axi_v1_0/src"

TRACE::2026-06-30.07:34:49::SCWMssOS::make -C microblaze_0/libsrc/spi_axi_v1_0/src -s libs  "SHELL=CMD" "COMPILER=mb-gcc" "ASSEMBLER=mb-as" "ARCHIVER=mb-ar" "COMPILE
TRACE::2026-06-30.07:34:49::SCWMssOS::R_FLAGS=  -O2 -c -mcpu=v11.0 -mlittle-endian -mxl-soft-mul" "EXTRA_COMPILER_FLAGS=-g -ffunction-sections -fdata-sections -Wall 
TRACE::2026-06-30.07:34:49::SCWMssOS::-Wextra"

TRACE::2026-06-30.07:34:49::SCWMssOS::"Compiling spi_axi..."

TRACE::2026-06-30.07:34:49::SCWMssOS::"Running Make libs in microblaze_0/libsrc/timer_two_v1_0/src"

TRACE::2026-06-30.07:34:49::SCWMssOS::make -C microblaze_0/libsrc/timer_two_v1_0/src -s libs  "SHELL=CMD" "COMPILER=mb-gcc" "ASSEMBLER=mb-as" "ARCHIVER=mb-ar" "COMPI
TRACE::2026-06-30.07:34:49::SCWMssOS::LER_FLAGS=  -O2 -c -mcpu=v11.0 -mlittle-endian -mxl-soft-mul" "EXTRA_COMPILER_FLAGS=-g -ffunction-sections -fdata-sections -Wal
TRACE::2026-06-30.07:34:49::SCWMssOS::l -Wextra"

TRACE::2026-06-30.07:34:49::SCWMssOS::"Compiling timer_two..."

TRACE::2026-06-30.07:34:49::SCWMssOS::"Running Make libs in microblaze_0/libsrc/uart_two_v1_0/src"

TRACE::2026-06-30.07:34:49::SCWMssOS::make -C microblaze_0/libsrc/uart_two_v1_0/src -s libs  "SHELL=CMD" "COMPILER=mb-gcc" "ASSEMBLER=mb-as" "ARCHIVER=mb-ar" "COMPIL
TRACE::2026-06-30.07:34:49::SCWMssOS::ER_FLAGS=  -O2 -c -mcpu=v11.0 -mlittle-endian -mxl-soft-mul" "EXTRA_COMPILER_FLAGS=-g -ffunction-sections -fdata-sections -Wall
TRACE::2026-06-30.07:34:49::SCWMssOS:: -Wextra"

TRACE::2026-06-30.07:34:49::SCWMssOS::"Compiling uart_two..."

TRACE::2026-06-30.07:34:50::SCWMssOS::'Finished building libraries sequentially.'

TRACE::2026-06-30.07:34:50::SCWMssOS::make -j --no-print-directory par_libs

TRACE::2026-06-30.07:34:50::SCWMssOS::"Running Make include in microblaze_0/libsrc/bram_v4_5/src"

TRACE::2026-06-30.07:34:50::SCWMssOS::make -C microblaze_0/libsrc/bram_v4_5/src -s include  "SHELL=CMD" "COMPILER=mb-gcc" "ASSEMBLER=mb-as" "ARCHIVER=mb-ar" "COMPILE
TRACE::2026-06-30.07:34:50::SCWMssOS::R_FLAGS=  -O2 -c -mcpu=v11.0 -mlittle-endian -mxl-soft-mul" "EXTRA_COMPILER_FLAGS=-g -ffunction-sections -fdata-sections -Wall 
TRACE::2026-06-30.07:34:50::SCWMssOS::-Wextra"

TRACE::2026-06-30.07:34:50::SCWMssOS::"Running Make include in microblaze_0/libsrc/cpu_v2_12/src"

TRACE::2026-06-30.07:34:50::SCWMssOS::make -C microblaze_0/libsrc/cpu_v2_12/src -s include  "SHELL=CMD" "COMPILER=mb-gcc" "ASSEMBLER=mb-as" "ARCHIVER=mb-ar" "COMPILE
TRACE::2026-06-30.07:34:50::SCWMssOS::R_FLAGS=  -O2 -c -mcpu=v11.0 -mlittle-endian -mxl-soft-mul" "EXTRA_COMPILER_FLAGS=-g -ffunction-sections -fdata-sections -Wall 
TRACE::2026-06-30.07:34:50::SCWMssOS::-Wextra"

TRACE::2026-06-30.07:34:50::SCWMssOS::"Running Make include in microblaze_0/libsrc/gpio_v1_0/src"

TRACE::2026-06-30.07:34:50::SCWMssOS::make -C microblaze_0/libsrc/gpio_v1_0/src -s include  "SHELL=CMD" "COMPILER=mb-gcc" "ASSEMBLER=mb-as" "ARCHIVER=mb-ar" "COMPILE
TRACE::2026-06-30.07:34:50::SCWMssOS::R_FLAGS=  -O2 -c -mcpu=v11.0 -mlittle-endian -mxl-soft-mul" "EXTRA_COMPILER_FLAGS=-g -ffunction-sections -fdata-sections -Wall 
TRACE::2026-06-30.07:34:50::SCWMssOS::-Wextra"

TRACE::2026-06-30.07:34:50::SCWMssOS::"Running Make include in microblaze_0/libsrc/intc_v3_12/src"

TRACE::2026-06-30.07:34:50::SCWMssOS::make -C microblaze_0/libsrc/intc_v3_12/src -s include  "SHELL=CMD" "COMPILER=mb-gcc" "ASSEMBLER=mb-as" "ARCHIVER=mb-ar" "COMPIL
TRACE::2026-06-30.07:34:50::SCWMssOS::ER_FLAGS=  -O2 -c -mcpu=v11.0 -mlittle-endian -mxl-soft-mul" "EXTRA_COMPILER_FLAGS=-g -ffunction-sections -fdata-sections -Wall
TRACE::2026-06-30.07:34:50::SCWMssOS:: -Wextra"

TRACE::2026-06-30.07:34:50::SCWMssOS::"Running Make include in microblaze_0/libsrc/spi_axi_v1_0/src"

TRACE::2026-06-30.07:34:50::SCWMssOS::make -C microblaze_0/libsrc/spi_axi_v1_0/src -s include  "SHELL=CMD" "COMPILER=mb-gcc" "ASSEMBLER=mb-as" "ARCHIVER=mb-ar" "COMP
TRACE::2026-06-30.07:34:50::SCWMssOS::ILER_FLAGS=  -O2 -c -mcpu=v11.0 -mlittle-endian -mxl-soft-mul" "EXTRA_COMPILER_FLAGS=-g -ffunction-sections -fdata-sections -Wa
TRACE::2026-06-30.07:34:50::SCWMssOS::ll -Wextra"

TRACE::2026-06-30.07:34:50::SCWMssOS::"Running Make include in microblaze_0/libsrc/standalone_v7_3/src"

TRACE::2026-06-30.07:34:50::SCWMssOS::make -C microblaze_0/libsrc/standalone_v7_3/src -s include  "SHELL=CMD" "COMPILER=mb-gcc" "ASSEMBLER=mb-as" "ARCHIVER=mb-ar" "C
TRACE::2026-06-30.07:34:50::SCWMssOS::OMPILER_FLAGS=  -O2 -c -mcpu=v11.0 -mlittle-endian -mxl-soft-mul" "EXTRA_COMPILER_FLAGS=-g -ffunction-sections -fdata-sections 
TRACE::2026-06-30.07:34:50::SCWMssOS::-Wall -Wextra"

TRACE::2026-06-30.07:34:50::SCWMssOS::"Running Make include in microblaze_0/libsrc/timer_two_v1_0/src"

TRACE::2026-06-30.07:34:50::SCWMssOS::make -C microblaze_0/libsrc/timer_two_v1_0/src -s include  "SHELL=CMD" "COMPILER=mb-gcc" "ASSEMBLER=mb-as" "ARCHIVER=mb-ar" "CO
TRACE::2026-06-30.07:34:50::SCWMssOS::MPILER_FLAGS=  -O2 -c -mcpu=v11.0 -mlittle-endian -mxl-soft-mul" "EXTRA_COMPILER_FLAGS=-g -ffunction-sections -fdata-sections -
TRACE::2026-06-30.07:34:50::SCWMssOS::Wall -Wextra"

TRACE::2026-06-30.07:34:50::SCWMssOS::"Running Make include in microblaze_0/libsrc/uart_two_v1_0/src"

TRACE::2026-06-30.07:34:50::SCWMssOS::make -C microblaze_0/libsrc/uart_two_v1_0/src -s include  "SHELL=CMD" "COMPILER=mb-gcc" "ASSEMBLER=mb-as" "ARCHIVER=mb-ar" "COM
TRACE::2026-06-30.07:34:50::SCWMssOS::PILER_FLAGS=  -O2 -c -mcpu=v11.0 -mlittle-endian -mxl-soft-mul" "EXTRA_COMPILER_FLAGS=-g -ffunction-sections -fdata-sections -W
TRACE::2026-06-30.07:34:50::SCWMssOS::all -Wextra"

TRACE::2026-06-30.07:34:50::SCWMssOS::"Running Make libs in microblaze_0/libsrc/bram_v4_5/src"

TRACE::2026-06-30.07:34:50::SCWMssOS::make -C microblaze_0/libsrc/bram_v4_5/src -s libs  "SHELL=CMD" "COMPILER=mb-gcc" "ASSEMBLER=mb-as" "ARCHIVER=mb-ar" "COMPILER_F
TRACE::2026-06-30.07:34:50::SCWMssOS::LAGS=  -O2 -c -mcpu=v11.0 -mlittle-endian -mxl-soft-mul" "EXTRA_COMPILER_FLAGS=-g -ffunction-sections -fdata-sections -Wall -We
TRACE::2026-06-30.07:34:50::SCWMssOS::xtra"

TRACE::2026-06-30.07:34:50::SCWMssOS::"Running Make libs in microblaze_0/libsrc/cpu_v2_12/src"

TRACE::2026-06-30.07:34:50::SCWMssOS::make -C microblaze_0/libsrc/cpu_v2_12/src -s libs  "SHELL=CMD" "COMPILER=mb-gcc" "ASSEMBLER=mb-as" "ARCHIVER=mb-ar" "COMPILER_F
TRACE::2026-06-30.07:34:50::SCWMssOS::LAGS=  -O2 -c -mcpu=v11.0 -mlittle-endian -mxl-soft-mul" "EXTRA_COMPILER_FLAGS=-g -ffunction-sections -fdata-sections -Wall -We
TRACE::2026-06-30.07:34:50::SCWMssOS::xtra"

TRACE::2026-06-30.07:34:50::SCWMssOS::"Running Make libs in microblaze_0/libsrc/intc_v3_12/src"

TRACE::2026-06-30.07:34:50::SCWMssOS::make -C microblaze_0/libsrc/intc_v3_12/src -s libs  "SHELL=CMD" "COMPILER=mb-gcc" "ASSEMBLER=mb-as" "ARCHIVER=mb-ar" "COMPILER_
TRACE::2026-06-30.07:34:50::SCWMssOS::FLAGS=  -O2 -c -mcpu=v11.0 -mlittle-endian -mxl-soft-mul" "EXTRA_COMPILER_FLAGS=-g -ffunction-sections -fdata-sections -Wall -W
TRACE::2026-06-30.07:34:50::SCWMssOS::extra"

TRACE::2026-06-30.07:34:50::SCWMssOS::"Running Make libs in microblaze_0/libsrc/standalone_v7_3/src"

TRACE::2026-06-30.07:34:50::SCWMssOS::make -C microblaze_0/libsrc/standalone_v7_3/src -s libs  "SHELL=CMD" "COMPILER=mb-gcc" "ASSEMBLER=mb-as" "ARCHIVER=mb-ar" "COMP
TRACE::2026-06-30.07:34:50::SCWMssOS::ILER_FLAGS=  -O2 -c -mcpu=v11.0 -mlittle-endian -mxl-soft-mul" "EXTRA_COMPILER_FLAGS=-g -ffunction-sections -fdata-sections -Wa
TRACE::2026-06-30.07:34:50::SCWMssOS::ll -Wextra"

TRACE::2026-06-30.07:34:51::SCWMssOS::"DEBUG NON_LTO_OBJECTS is ../../../lib/microblaze_interrupt_handler.o"

TRACE::2026-06-30.07:34:51::SCWMssOS::'Finished building libraries parallelly.'

TRACE::2026-06-30.07:34:51::SCWMssOS::make --no-print-directory archive

TRACE::2026-06-30.07:34:51::SCWMssOS::mb-ar -r  microblaze_0/lib/libxil.a microblaze_0/lib/xplatform_info.o microblaze_0/lib/microblaze_disable_exceptions.o microbla
TRACE::2026-06-30.07:34:51::SCWMssOS::ze_0/lib/print.o microblaze_0/lib/_exit.o microblaze_0/lib/xil_testio.o microblaze_0/lib/microblaze_disable_dcache.o microblaze
TRACE::2026-06-30.07:34:51::SCWMssOS::_0/lib/microblaze_flush_dcache_range.o microblaze_0/lib/microblaze_flush_cache_ext.o microblaze_0/lib/xbram_sinit.o microblaze_
TRACE::2026-06-30.07:34:51::SCWMssOS::0/lib/xil_misc_psreset_api.o microblaze_0/lib/xil_cache.o microblaze_0/lib/xil_util.o microblaze_0/lib/inbyte.o microblaze_0/li
TRACE::2026-06-30.07:34:51::SCWMssOS::b/xbram_g.o microblaze_0/lib/microblaze_exception_handler.o microblaze_0/lib/microblaze_scrub.o microblaze_0/lib/microblaze_inv
TRACE::2026-06-30.07:34:51::SCWMssOS::alidate_dcache.o microblaze_0/lib/microblaze_disable_interrupts.o microblaze_0/lib/xbram_selftest.o microblaze_0/lib/microblaze
TRACE::2026-06-30.07:34:51::SCWMssOS::_interrupt_handler.o microblaze_0/lib/microblaze_disable_icache.o microblaze_0/lib/xil_mem.o microblaze_0/lib/microblaze_flush_
TRACE::2026-06-30.07:34:51::SCWMssOS::cache_ext_range.o microblaze_0/lib/xbram_intr.o microblaze_0/lib/xil_sleepcommon.o microblaze_0/lib/xil_printf.o microblaze_0/l
TRACE::2026-06-30.07:34:51::SCWMssOS::ib/xintc_g.o microblaze_0/lib/xintc_selftest.o microblaze_0/lib/xintc_l.o microblaze_0/lib/outbyte.o microblaze_0/lib/microblaz
TRACE::2026-06-30.07:34:51::SCWMssOS::e_invalidate_dcache_range.o microblaze_0/lib/microblaze_invalidate_cache_ext.o microblaze_0/lib/microblaze_sleep.o microblaze_0
TRACE::2026-06-30.07:34:51::SCWMssOS::/lib/hw_exception_handler.o microblaze_0/lib/xintc_intr.o microblaze_0/lib/microblaze_update_dcache.o microblaze_0/lib/xil_test
TRACE::2026-06-30.07:34:51::SCWMssOS::cache.o microblaze_0/lib/microblaze_selftest.o microblaze_0/lib/microblaze_interrupts_g.o microblaze_0/lib/microblaze_enable_ex
TRACE::2026-06-30.07:34:51::SCWMssOS::ceptions.o microblaze_0/lib/xio.o microblaze_0/lib/microblaze_enable_dcache.o microblaze_0/lib/xbram.o microblaze_0/lib/microbl
TRACE::2026-06-30.07:34:51::SCWMssOS::aze_invalidate_icache_range.o microblaze_0/lib/microblaze_init_dcache_range.o microblaze_0/lib/microblaze_invalidate_icache.o m
TRACE::2026-06-30.07:34:51::SCWMssOS::icroblaze_0/lib/errno.o microblaze_0/lib/xintc_options.o microblaze_0/lib/microblaze_invalidate_cache_ext_range.o microblaze_0/
TRACE::2026-06-30.07:34:51::SCWMssOS::lib/xil_exception.o microblaze_0/lib/pvr.o microblaze_0/lib/xil_testmem.o microblaze_0/lib/microblaze_update_icache.o microblaz
TRACE::2026-06-30.07:34:51::SCWMssOS::e_0/lib/microblaze_flush_dcache.o microblaze_0/lib/xil_clocking.o microblaze_0/lib/xil_assert.o microblaze_0/lib/microblaze_ena
TRACE::2026-06-30.07:34:51::SCWMssOS::ble_interrupts.o microblaze_0/lib/microblaze_enable_icache.o microblaze_0/lib/xintc.o microblaze_0/lib/fcntl.o microblaze_0/lib
TRACE::2026-06-30.07:34:51::SCWMssOS::/microblaze_init_icache_range.o

TRACE::2026-06-30.07:34:51::SCWMssOS::'Finished building libraries'

TRACE::2026-06-30.07:34:51::SCWMssOS::Copying to export directory.
TRACE::2026-06-30.07:34:51::SCWMssOS:: Checking if to create the Supporting Applications
TRACE::2026-06-30.07:34:51::SCWMssOS:: No Linux domain exists, trying to generate FSBL 
LOG::2026-06-30.07:34:51::SCWSystem::Completed Processing the domain standalone_microblaze_0
LOG::2026-06-30.07:34:51::SCWSystem::Completed Processing the sysconfig 0630_faxi_spi_uart
LOG::2026-06-30.07:34:51::SCWPlatform::Completed generating the artifacts for system configuration 0630_faxi_spi_uart
TRACE::2026-06-30.07:34:51::SCWPlatform::Started preparing the platform 
TRACE::2026-06-30.07:34:51::SCWSystem::Writing the bif file for system config 0630_faxi_spi_uart
TRACE::2026-06-30.07:34:51::SCWSystem::dir created 
TRACE::2026-06-30.07:34:51::SCWSystem::Writing the bif 
TRACE::2026-06-30.07:34:51::SCWPlatform::Started writing the spfm file 
TRACE::2026-06-30.07:34:51::SCWPlatform::Started writing the xpfm file 
TRACE::2026-06-30.07:34:51::SCWPlatform::Completed generating the platform
TRACE::2026-06-30.07:34:51::SCWMssOS::Saving the mss changes D:/jh_workspace/0629_axi_spi_uart_timer_gpio/final/0630_faxi_spi_uart/microblaze_0/standalone_microblaze_0/bsp/system.mss
TRACE::2026-06-30.07:34:51::SCWMssOS::Found a swdesign opened with the mssfile.
TRACE::2026-06-30.07:34:51::SCWMssOS::Completed writemss as part of save.
TRACE::2026-06-30.07:34:51::SCWMssOS::Commit changes completed.
TRACE::2026-06-30.07:34:51::SCWPlatform::Trying to open the hw design at D:/jh_workspace/0629_axi_spi_uart_timer_gpio/final/0630_faxi_spi_uart/hw/0630_faxi_spi_uart.xsa
TRACE::2026-06-30.07:34:51::SCWPlatform::DSA given D:/jh_workspace/0629_axi_spi_uart_timer_gpio/final/0630_faxi_spi_uart/hw/0630_faxi_spi_uart.xsa
TRACE::2026-06-30.07:34:51::SCWPlatform::DSA absoulate path D:/jh_workspace/0629_axi_spi_uart_timer_gpio/final/0630_faxi_spi_uart/hw/0630_faxi_spi_uart.xsa
TRACE::2026-06-30.07:34:51::SCWPlatform::DSA directory D:/jh_workspace/0629_axi_spi_uart_timer_gpio/final/0630_faxi_spi_uart/hw
TRACE::2026-06-30.07:34:51::SCWPlatform:: Platform Path D:/jh_workspace/0629_axi_spi_uart_timer_gpio/final/0630_faxi_spi_uart/hw/0630_faxi_spi_uart.xsa
TRACE::2026-06-30.07:34:51::SCWPlatform:: Unique name xilinx:basys3::0.0
TRACE::2026-06-30.07:34:51::SCWPlatform::Trying to set the existing hwdb with name axi_system_wrapper_0
TRACE::2026-06-30.07:34:51::SCWPlatform::Opened existing hwdb axi_system_wrapper_0
TRACE::2026-06-30.07:34:51::SCWPlatform::Found the Hw Db part of the input DSA
TRACE::2026-06-30.07:34:51::SCWMssOS::Checking the sw design at  D:/jh_workspace/0629_axi_spi_uart_timer_gpio/final/0630_faxi_spi_uart/microblaze_0/standalone_microblaze_0/bsp/system.mss
TRACE::2026-06-30.07:34:51::SCWMssOS::DEBUG:  swdes dump  D:/jh_workspace/0629_axi_spi_uart_timer_gpio/final/0630_faxi_spi_uart/microblaze_0/standalone_microblaze_0/bsp/system.mss|system||

TRACE::2026-06-30.07:34:51::SCWMssOS::Sw design exists and opened at  D:/jh_workspace/0629_axi_spi_uart_timer_gpio/final/0630_faxi_spi_uart/microblaze_0/standalone_microblaze_0/bsp/system.mss
TRACE::2026-06-30.07:34:51::SCWPlatform::Trying to open the hw design at D:/jh_workspace/0629_axi_spi_uart_timer_gpio/final/0630_faxi_spi_uart/hw/0630_faxi_spi_uart.xsa
TRACE::2026-06-30.07:34:51::SCWPlatform::DSA given D:/jh_workspace/0629_axi_spi_uart_timer_gpio/final/0630_faxi_spi_uart/hw/0630_faxi_spi_uart.xsa
TRACE::2026-06-30.07:34:51::SCWPlatform::DSA absoulate path D:/jh_workspace/0629_axi_spi_uart_timer_gpio/final/0630_faxi_spi_uart/hw/0630_faxi_spi_uart.xsa
TRACE::2026-06-30.07:34:51::SCWPlatform::DSA directory D:/jh_workspace/0629_axi_spi_uart_timer_gpio/final/0630_faxi_spi_uart/hw
TRACE::2026-06-30.07:34:51::SCWPlatform:: Platform Path D:/jh_workspace/0629_axi_spi_uart_timer_gpio/final/0630_faxi_spi_uart/hw/0630_faxi_spi_uart.xsa
TRACE::2026-06-30.07:34:51::SCWPlatform:: Unique name xilinx:basys3::0.0
TRACE::2026-06-30.07:34:51::SCWPlatform::Trying to set the existing hwdb with name axi_system_wrapper_0
TRACE::2026-06-30.07:34:51::SCWPlatform::Opened existing hwdb axi_system_wrapper_0
TRACE::2026-06-30.07:34:51::SCWPlatform::Found the Hw Db part of the input DSA
TRACE::2026-06-30.07:34:51::SCWMssOS::Checking the sw design at  D:/jh_workspace/0629_axi_spi_uart_timer_gpio/final/0630_faxi_spi_uart/microblaze_0/standalone_microblaze_0/bsp/system.mss
TRACE::2026-06-30.07:34:51::SCWMssOS::DEBUG:  swdes dump  D:/jh_workspace/0629_axi_spi_uart_timer_gpio/final/0630_faxi_spi_uart/microblaze_0/standalone_microblaze_0/bsp/system.mss|system||

TRACE::2026-06-30.07:34:51::SCWMssOS::Sw design exists and opened at  D:/jh_workspace/0629_axi_spi_uart_timer_gpio/final/0630_faxi_spi_uart/microblaze_0/standalone_microblaze_0/bsp/system.mss
TRACE::2026-06-30.07:34:51::SCWPlatform::Trying to open the hw design at D:/jh_workspace/0629_axi_spi_uart_timer_gpio/final/0630_faxi_spi_uart/hw/0630_faxi_spi_uart.xsa
TRACE::2026-06-30.07:34:51::SCWPlatform::DSA given D:/jh_workspace/0629_axi_spi_uart_timer_gpio/final/0630_faxi_spi_uart/hw/0630_faxi_spi_uart.xsa
TRACE::2026-06-30.07:34:51::SCWPlatform::DSA absoulate path D:/jh_workspace/0629_axi_spi_uart_timer_gpio/final/0630_faxi_spi_uart/hw/0630_faxi_spi_uart.xsa
TRACE::2026-06-30.07:34:51::SCWPlatform::DSA directory D:/jh_workspace/0629_axi_spi_uart_timer_gpio/final/0630_faxi_spi_uart/hw
TRACE::2026-06-30.07:34:51::SCWPlatform:: Platform Path D:/jh_workspace/0629_axi_spi_uart_timer_gpio/final/0630_faxi_spi_uart/hw/0630_faxi_spi_uart.xsa
TRACE::2026-06-30.07:34:51::SCWPlatform:: Unique name xilinx:basys3::0.0
TRACE::2026-06-30.07:34:51::SCWPlatform::Trying to set the existing hwdb with name axi_system_wrapper_0
TRACE::2026-06-30.07:34:51::SCWPlatform::Opened existing hwdb axi_system_wrapper_0
TRACE::2026-06-30.07:34:51::SCWPlatform::Found the Hw Db part of the input DSA
TRACE::2026-06-30.07:34:51::SCWMssOS::Checking the sw design at  D:/jh_workspace/0629_axi_spi_uart_timer_gpio/final/0630_faxi_spi_uart/microblaze_0/standalone_microblaze_0/bsp/system.mss
TRACE::2026-06-30.07:34:51::SCWMssOS::DEBUG:  swdes dump  D:/jh_workspace/0629_axi_spi_uart_timer_gpio/final/0630_faxi_spi_uart/microblaze_0/standalone_microblaze_0/bsp/system.mss|system||

TRACE::2026-06-30.07:34:51::SCWMssOS::Sw design exists and opened at  D:/jh_workspace/0629_axi_spi_uart_timer_gpio/final/0630_faxi_spi_uart/microblaze_0/standalone_microblaze_0/bsp/system.mss
TRACE::2026-06-30.07:34:51::SCWWriter::formatted JSON is {
	"platformName":	"0630_faxi_spi_uart",
	"sprVersion":	"2.0",
	"mode":	"gui",
	"dsaType":	"Fixed",
	"platformDesc":	"0630_faxi_spi_uart",
	"platHandOff":	"D:/jh_workspace/0629_axi_spi_uart_timer_gpio/0630_faxi_spi_uart.xsa",
	"platIntHandOff":	"<platformDir>/hw/0630_faxi_spi_uart.xsa",
	"deviceType":	"FPGA",
	"platIsPrebuiltAutogen":	"false",
	"platIsNoBootBsp":	"false",
	"hasFsblMakeHasChanges":	"false",
	"hasPmufwMakeHasChanges":	"false",
	"platPreBuiltFlag":	false,
	"platformSamplesDir":	"",
	"platActiveSys":	"0630_faxi_spi_uart",
	"systems":	[{
			"systemName":	"0630_faxi_spi_uart",
			"systemDesc":	"0630_faxi_spi_uart",
			"sysIsBootAutoGen":	"true",
			"systemDispName":	"0630_faxi_spi_uart",
			"sysActiveDom":	"standalone_microblaze_0",
			"sysDefaultDom":	"standalone_microblaze_0",
			"domains":	[{
					"domainName":	"standalone_microblaze_0",
					"domainDispName":	"standalone_microblaze_0",
					"domainDesc":	"standalone_microblaze_0",
					"processors":	"microblaze_0",
					"os":	"standalone",
					"sdxOs":	"standalone",
					"debugEnable":	"False",
					"domRuntimes":	["cpp"],
					"swRepo":	"",
					"mssOsVer":	"7.3",
					"mssFile":	"",
					"md5Digest":	"21a57f7a7515368fc1c8ff5369e72780",
					"compatibleApp":	"empty_application",
					"domType":	"mssDomain",
					"arch":	"32-bit",
					"appSettings":	{
						"appCompilerFlags":	"",
						"appLinkerFlags":	""
					},
					"addedLibs":	[],
					"libOptions":	{
						"libsContainingOptions":	[]
					},
					"prebuiltLibs":	{
						"prebuiltIncPath":	[],
						"prebuiltLibPath":	[]
					},
					"isolation":	{
					}
				}]
		}]
}
KEYINFO::2026-06-30.07:34:51::SCWPlatform::updated the xpfm file.
TRACE::2026-06-30.07:34:51::SCWPlatform::Trying to open the hw design at D:/jh_workspace/0629_axi_spi_uart_timer_gpio/final/0630_faxi_spi_uart/hw/0630_faxi_spi_uart.xsa
TRACE::2026-06-30.07:34:51::SCWPlatform::DSA given D:/jh_workspace/0629_axi_spi_uart_timer_gpio/final/0630_faxi_spi_uart/hw/0630_faxi_spi_uart.xsa
TRACE::2026-06-30.07:34:51::SCWPlatform::DSA absoulate path D:/jh_workspace/0629_axi_spi_uart_timer_gpio/final/0630_faxi_spi_uart/hw/0630_faxi_spi_uart.xsa
TRACE::2026-06-30.07:34:51::SCWPlatform::DSA directory D:/jh_workspace/0629_axi_spi_uart_timer_gpio/final/0630_faxi_spi_uart/hw
TRACE::2026-06-30.07:34:51::SCWPlatform:: Platform Path D:/jh_workspace/0629_axi_spi_uart_timer_gpio/final/0630_faxi_spi_uart/hw/0630_faxi_spi_uart.xsa
TRACE::2026-06-30.07:34:51::SCWPlatform:: Unique name xilinx:basys3::0.0
TRACE::2026-06-30.07:34:51::SCWPlatform::Trying to set the existing hwdb with name axi_system_wrapper_0
TRACE::2026-06-30.07:34:51::SCWPlatform::Opened existing hwdb axi_system_wrapper_0
TRACE::2026-06-30.07:34:51::SCWPlatform::Found the Hw Db part of the input DSA
TRACE::2026-06-30.07:34:51::SCWMssOS::Checking the sw design at  D:/jh_workspace/0629_axi_spi_uart_timer_gpio/final/0630_faxi_spi_uart/microblaze_0/standalone_microblaze_0/bsp/system.mss
TRACE::2026-06-30.07:34:51::SCWMssOS::DEBUG:  swdes dump  D:/jh_workspace/0629_axi_spi_uart_timer_gpio/final/0630_faxi_spi_uart/microblaze_0/standalone_microblaze_0/bsp/system.mss|system||

TRACE::2026-06-30.07:34:51::SCWMssOS::Sw design exists and opened at  D:/jh_workspace/0629_axi_spi_uart_timer_gpio/final/0630_faxi_spi_uart/microblaze_0/standalone_microblaze_0/bsp/system.mss
TRACE::2026-06-30.07:36:43::SCWMssOS::cleaning the bsp 
TRACE::2026-06-30.07:36:43::SCWMssOS::System Command Ran  D: & cd  D:/jh_workspace/0629_axi_spi_uart_timer_gpio/final/0630_faxi_spi_uart/microblaze_0/standalone_microblaze_0/bsp & make clean 
TRACE::2026-06-30.07:36:43::SCWMssOS::make -C microblaze_0/libsrc/bram_v4_5/src -s clean 

TRACE::2026-06-30.07:36:43::SCWMssOS::make -C microblaze_0/libsrc/cpu_v2_12/src -s clean 

TRACE::2026-06-30.07:36:43::SCWMssOS::make -C microblaze_0/libsrc/gpio_v1_0/src -s clean 

TRACE::2026-06-30.07:36:43::SCWMssOS::make -C microblaze_0/libsrc/intc_v3_12/src -s clean 

TRACE::2026-06-30.07:36:44::SCWMssOS::make -C microblaze_0/libsrc/spi_axi_v1_0/src -s clean 

TRACE::2026-06-30.07:36:44::SCWMssOS::make -C microblaze_0/libsrc/standalone_v7_3/src -s clean 

TRACE::2026-06-30.07:36:44::SCWMssOS::make -C microblaze_0/libsrc/timer_two_v1_0/src -s clean 

TRACE::2026-06-30.07:36:44::SCWMssOS::make -C microblaze_0/libsrc/uart_two_v1_0/src -s clean 

TRACE::2026-06-30.07:36:44::SCWMssOS::rm -f microblaze_0/lib/libxil.a

LOG::2026-06-30.07:36:48::SCWPlatform::Started generating the artifacts platform 0630_faxi_spi_uart
TRACE::2026-06-30.07:36:48::SCWPlatform::Sanity checking of platform is completed
LOG::2026-06-30.07:36:48::SCWPlatform::Started generating the artifacts for system configuration 0630_faxi_spi_uart
LOG::2026-06-30.07:36:48::SCWSystem::Checking the domain standalone_microblaze_0
LOG::2026-06-30.07:36:48::SCWSystem::Not a boot domain 
LOG::2026-06-30.07:36:48::SCWSystem::Started Processing the domain standalone_microblaze_0
TRACE::2026-06-30.07:36:48::SCWDomain::Generating domain artifcats
TRACE::2026-06-30.07:36:48::SCWMssOS::Generating standalone artifcats
TRACE::2026-06-30.07:36:48::SCWMssOS:: Copying the user libraries. 
TRACE::2026-06-30.07:36:48::SCWPlatform::Trying to open the hw design at D:/jh_workspace/0629_axi_spi_uart_timer_gpio/final/0630_faxi_spi_uart/hw/0630_faxi_spi_uart.xsa
TRACE::2026-06-30.07:36:48::SCWPlatform::DSA given D:/jh_workspace/0629_axi_spi_uart_timer_gpio/final/0630_faxi_spi_uart/hw/0630_faxi_spi_uart.xsa
TRACE::2026-06-30.07:36:48::SCWPlatform::DSA absoulate path D:/jh_workspace/0629_axi_spi_uart_timer_gpio/final/0630_faxi_spi_uart/hw/0630_faxi_spi_uart.xsa
TRACE::2026-06-30.07:36:48::SCWPlatform::DSA directory D:/jh_workspace/0629_axi_spi_uart_timer_gpio/final/0630_faxi_spi_uart/hw
TRACE::2026-06-30.07:36:48::SCWPlatform:: Platform Path D:/jh_workspace/0629_axi_spi_uart_timer_gpio/final/0630_faxi_spi_uart/hw/0630_faxi_spi_uart.xsa
TRACE::2026-06-30.07:36:48::SCWPlatform:: Unique name xilinx:basys3::0.0
TRACE::2026-06-30.07:36:48::SCWPlatform::Trying to set the existing hwdb with name axi_system_wrapper_0
TRACE::2026-06-30.07:36:48::SCWPlatform::Opened existing hwdb axi_system_wrapper_0
TRACE::2026-06-30.07:36:48::SCWPlatform::Found the Hw Db part of the input DSA
TRACE::2026-06-30.07:36:48::SCWMssOS::Checking the sw design at  D:/jh_workspace/0629_axi_spi_uart_timer_gpio/final/0630_faxi_spi_uart/microblaze_0/standalone_microblaze_0/bsp/system.mss
TRACE::2026-06-30.07:36:48::SCWMssOS::DEBUG:  swdes dump  D:/jh_workspace/0629_axi_spi_uart_timer_gpio/final/0630_faxi_spi_uart/microblaze_0/standalone_microblaze_0/bsp/system.mss|system||

TRACE::2026-06-30.07:36:48::SCWMssOS::Sw design exists and opened at  D:/jh_workspace/0629_axi_spi_uart_timer_gpio/final/0630_faxi_spi_uart/microblaze_0/standalone_microblaze_0/bsp/system.mss
TRACE::2026-06-30.07:36:48::SCWMssOS::Completed writing the mss file at D:/jh_workspace/0629_axi_spi_uart_timer_gpio/final/0630_faxi_spi_uart/microblaze_0/standalone_microblaze_0/bsp
TRACE::2026-06-30.07:36:48::SCWMssOS::Mss edits present, copying mssfile into export location D:/jh_workspace/0629_axi_spi_uart_timer_gpio/final/0630_faxi_spi_uart/microblaze_0/standalone_microblaze_0/bsp/system.mss
TRACE::2026-06-30.07:36:48::SCWMssOS::bsp generated is upto date with the mss file. Skipping bsp generation.
TRACE::2026-06-30.07:36:48::SCWMssOS::BSP is already built. skipping the bsp build ... 
TRACE::2026-06-30.07:36:48::SCWDomain::Building the domain as part of full build :  standalone_microblaze_0
TRACE::2026-06-30.07:36:48::SCWMssOS::doing bsp build ... 
TRACE::2026-06-30.07:36:48::SCWMssOS::System Command Ran  D: & cd  D:/jh_workspace/0629_axi_spi_uart_timer_gpio/final/0630_faxi_spi_uart/microblaze_0/standalone_microblaze_0/bsp & make 
TRACE::2026-06-30.07:36:48::SCWMssOS::make --no-print-directory seq_libs

TRACE::2026-06-30.07:36:48::SCWMssOS::"Running Make include in microblaze_0/libsrc/bram_v4_5/src"

TRACE::2026-06-30.07:36:48::SCWMssOS::make -C microblaze_0/libsrc/bram_v4_5/src -s include  "SHELL=CMD" "COMPILER=mb-gcc" "ASSEMBLER=mb-as" "ARCHIVER=mb-ar" "COMPILE
TRACE::2026-06-30.07:36:48::SCWMssOS::R_FLAGS=  -O2 -c -mcpu=v11.0 -mlittle-endian -mxl-soft-mul" "EXTRA_COMPILER_FLAGS=-g -ffunction-sections -fdata-sections -Wall 
TRACE::2026-06-30.07:36:48::SCWMssOS::-Wextra"

TRACE::2026-06-30.07:36:48::SCWMssOS::"Running Make include in microblaze_0/libsrc/cpu_v2_12/src"

TRACE::2026-06-30.07:36:48::SCWMssOS::make -C microblaze_0/libsrc/cpu_v2_12/src -s include  "SHELL=CMD" "COMPILER=mb-gcc" "ASSEMBLER=mb-as" "ARCHIVER=mb-ar" "COMPILE
TRACE::2026-06-30.07:36:48::SCWMssOS::R_FLAGS=  -O2 -c -mcpu=v11.0 -mlittle-endian -mxl-soft-mul" "EXTRA_COMPILER_FLAGS=-g -ffunction-sections -fdata-sections -Wall 
TRACE::2026-06-30.07:36:48::SCWMssOS::-Wextra"

TRACE::2026-06-30.07:36:48::SCWMssOS::"Running Make include in microblaze_0/libsrc/gpio_v1_0/src"

TRACE::2026-06-30.07:36:48::SCWMssOS::make -C microblaze_0/libsrc/gpio_v1_0/src -s include  "SHELL=CMD" "COMPILER=mb-gcc" "ASSEMBLER=mb-as" "ARCHIVER=mb-ar" "COMPILE
TRACE::2026-06-30.07:36:48::SCWMssOS::R_FLAGS=  -O2 -c -mcpu=v11.0 -mlittle-endian -mxl-soft-mul" "EXTRA_COMPILER_FLAGS=-g -ffunction-sections -fdata-sections -Wall 
TRACE::2026-06-30.07:36:48::SCWMssOS::-Wextra"

TRACE::2026-06-30.07:36:48::SCWMssOS::"Running Make include in microblaze_0/libsrc/intc_v3_12/src"

TRACE::2026-06-30.07:36:48::SCWMssOS::make -C microblaze_0/libsrc/intc_v3_12/src -s include  "SHELL=CMD" "COMPILER=mb-gcc" "ASSEMBLER=mb-as" "ARCHIVER=mb-ar" "COMPIL
TRACE::2026-06-30.07:36:48::SCWMssOS::ER_FLAGS=  -O2 -c -mcpu=v11.0 -mlittle-endian -mxl-soft-mul" "EXTRA_COMPILER_FLAGS=-g -ffunction-sections -fdata-sections -Wall
TRACE::2026-06-30.07:36:48::SCWMssOS:: -Wextra"

TRACE::2026-06-30.07:36:48::SCWMssOS::"Running Make include in microblaze_0/libsrc/spi_axi_v1_0/src"

TRACE::2026-06-30.07:36:48::SCWMssOS::make -C microblaze_0/libsrc/spi_axi_v1_0/src -s include  "SHELL=CMD" "COMPILER=mb-gcc" "ASSEMBLER=mb-as" "ARCHIVER=mb-ar" "COMP
TRACE::2026-06-30.07:36:48::SCWMssOS::ILER_FLAGS=  -O2 -c -mcpu=v11.0 -mlittle-endian -mxl-soft-mul" "EXTRA_COMPILER_FLAGS=-g -ffunction-sections -fdata-sections -Wa
TRACE::2026-06-30.07:36:48::SCWMssOS::ll -Wextra"

TRACE::2026-06-30.07:36:48::SCWMssOS::"Running Make include in microblaze_0/libsrc/standalone_v7_3/src"

TRACE::2026-06-30.07:36:48::SCWMssOS::make -C microblaze_0/libsrc/standalone_v7_3/src -s include  "SHELL=CMD" "COMPILER=mb-gcc" "ASSEMBLER=mb-as" "ARCHIVER=mb-ar" "C
TRACE::2026-06-30.07:36:48::SCWMssOS::OMPILER_FLAGS=  -O2 -c -mcpu=v11.0 -mlittle-endian -mxl-soft-mul" "EXTRA_COMPILER_FLAGS=-g -ffunction-sections -fdata-sections 
TRACE::2026-06-30.07:36:48::SCWMssOS::-Wall -Wextra"

TRACE::2026-06-30.07:36:48::SCWMssOS::"Running Make include in microblaze_0/libsrc/timer_two_v1_0/src"

TRACE::2026-06-30.07:36:48::SCWMssOS::make -C microblaze_0/libsrc/timer_two_v1_0/src -s include  "SHELL=CMD" "COMPILER=mb-gcc" "ASSEMBLER=mb-as" "ARCHIVER=mb-ar" "CO
TRACE::2026-06-30.07:36:48::SCWMssOS::MPILER_FLAGS=  -O2 -c -mcpu=v11.0 -mlittle-endian -mxl-soft-mul" "EXTRA_COMPILER_FLAGS=-g -ffunction-sections -fdata-sections -
TRACE::2026-06-30.07:36:48::SCWMssOS::Wall -Wextra"

TRACE::2026-06-30.07:36:48::SCWMssOS::"Running Make include in microblaze_0/libsrc/uart_two_v1_0/src"

TRACE::2026-06-30.07:36:48::SCWMssOS::make -C microblaze_0/libsrc/uart_two_v1_0/src -s include  "SHELL=CMD" "COMPILER=mb-gcc" "ASSEMBLER=mb-as" "ARCHIVER=mb-ar" "COM
TRACE::2026-06-30.07:36:48::SCWMssOS::PILER_FLAGS=  -O2 -c -mcpu=v11.0 -mlittle-endian -mxl-soft-mul" "EXTRA_COMPILER_FLAGS=-g -ffunction-sections -fdata-sections -W
TRACE::2026-06-30.07:36:48::SCWMssOS::all -Wextra"

TRACE::2026-06-30.07:36:48::SCWMssOS::"Running Make libs in microblaze_0/libsrc/gpio_v1_0/src"

TRACE::2026-06-30.07:36:48::SCWMssOS::make -C microblaze_0/libsrc/gpio_v1_0/src -s libs  "SHELL=CMD" "COMPILER=mb-gcc" "ASSEMBLER=mb-as" "ARCHIVER=mb-ar" "COMPILER_F
TRACE::2026-06-30.07:36:48::SCWMssOS::LAGS=  -O2 -c -mcpu=v11.0 -mlittle-endian -mxl-soft-mul" "EXTRA_COMPILER_FLAGS=-g -ffunction-sections -fdata-sections -Wall -We
TRACE::2026-06-30.07:36:48::SCWMssOS::xtra"

TRACE::2026-06-30.07:36:48::SCWMssOS::"Compiling gpio..."

TRACE::2026-06-30.07:36:48::SCWMssOS::"Running Make libs in microblaze_0/libsrc/spi_axi_v1_0/src"

TRACE::2026-06-30.07:36:48::SCWMssOS::make -C microblaze_0/libsrc/spi_axi_v1_0/src -s libs  "SHELL=CMD" "COMPILER=mb-gcc" "ASSEMBLER=mb-as" "ARCHIVER=mb-ar" "COMPILE
TRACE::2026-06-30.07:36:48::SCWMssOS::R_FLAGS=  -O2 -c -mcpu=v11.0 -mlittle-endian -mxl-soft-mul" "EXTRA_COMPILER_FLAGS=-g -ffunction-sections -fdata-sections -Wall 
TRACE::2026-06-30.07:36:48::SCWMssOS::-Wextra"

TRACE::2026-06-30.07:36:48::SCWMssOS::"Compiling spi_axi..."

TRACE::2026-06-30.07:36:49::SCWMssOS::"Running Make libs in microblaze_0/libsrc/timer_two_v1_0/src"

TRACE::2026-06-30.07:36:49::SCWMssOS::make -C microblaze_0/libsrc/timer_two_v1_0/src -s libs  "SHELL=CMD" "COMPILER=mb-gcc" "ASSEMBLER=mb-as" "ARCHIVER=mb-ar" "COMPI
TRACE::2026-06-30.07:36:49::SCWMssOS::LER_FLAGS=  -O2 -c -mcpu=v11.0 -mlittle-endian -mxl-soft-mul" "EXTRA_COMPILER_FLAGS=-g -ffunction-sections -fdata-sections -Wal
TRACE::2026-06-30.07:36:49::SCWMssOS::l -Wextra"

TRACE::2026-06-30.07:36:49::SCWMssOS::"Compiling timer_two..."

TRACE::2026-06-30.07:36:49::SCWMssOS::"Running Make libs in microblaze_0/libsrc/uart_two_v1_0/src"

TRACE::2026-06-30.07:36:49::SCWMssOS::make -C microblaze_0/libsrc/uart_two_v1_0/src -s libs  "SHELL=CMD" "COMPILER=mb-gcc" "ASSEMBLER=mb-as" "ARCHIVER=mb-ar" "COMPIL
TRACE::2026-06-30.07:36:49::SCWMssOS::ER_FLAGS=  -O2 -c -mcpu=v11.0 -mlittle-endian -mxl-soft-mul" "EXTRA_COMPILER_FLAGS=-g -ffunction-sections -fdata-sections -Wall
TRACE::2026-06-30.07:36:49::SCWMssOS:: -Wextra"

TRACE::2026-06-30.07:36:49::SCWMssOS::"Compiling uart_two..."

TRACE::2026-06-30.07:36:49::SCWMssOS::'Finished building libraries sequentially.'

TRACE::2026-06-30.07:36:49::SCWMssOS::make -j --no-print-directory par_libs

TRACE::2026-06-30.07:36:49::SCWMssOS::"Running Make include in microblaze_0/libsrc/bram_v4_5/src"

TRACE::2026-06-30.07:36:49::SCWMssOS::make -C microblaze_0/libsrc/bram_v4_5/src -s include  "SHELL=CMD" "COMPILER=mb-gcc" "ASSEMBLER=mb-as" "ARCHIVER=mb-ar" "COMPILE
TRACE::2026-06-30.07:36:49::SCWMssOS::R_FLAGS=  -O2 -c -mcpu=v11.0 -mlittle-endian -mxl-soft-mul" "EXTRA_COMPILER_FLAGS=-g -ffunction-sections -fdata-sections -Wall 
TRACE::2026-06-30.07:36:49::SCWMssOS::-Wextra"

TRACE::2026-06-30.07:36:49::SCWMssOS::"Running Make include in microblaze_0/libsrc/cpu_v2_12/src"

TRACE::2026-06-30.07:36:49::SCWMssOS::make -C microblaze_0/libsrc/cpu_v2_12/src -s include  "SHELL=CMD" "COMPILER=mb-gcc" "ASSEMBLER=mb-as" "ARCHIVER=mb-ar" "COMPILE
TRACE::2026-06-30.07:36:49::SCWMssOS::R_FLAGS=  -O2 -c -mcpu=v11.0 -mlittle-endian -mxl-soft-mul" "EXTRA_COMPILER_FLAGS=-g -ffunction-sections -fdata-sections -Wall 
TRACE::2026-06-30.07:36:49::SCWMssOS::-Wextra"

TRACE::2026-06-30.07:36:49::SCWMssOS::"Running Make include in microblaze_0/libsrc/gpio_v1_0/src"

TRACE::2026-06-30.07:36:49::SCWMssOS::make -C microblaze_0/libsrc/gpio_v1_0/src -s include  "SHELL=CMD" "COMPILER=mb-gcc" "ASSEMBLER=mb-as" "ARCHIVER=mb-ar" "COMPILE
TRACE::2026-06-30.07:36:49::SCWMssOS::R_FLAGS=  -O2 -c -mcpu=v11.0 -mlittle-endian -mxl-soft-mul" "EXTRA_COMPILER_FLAGS=-g -ffunction-sections -fdata-sections -Wall 
TRACE::2026-06-30.07:36:49::SCWMssOS::-Wextra"

TRACE::2026-06-30.07:36:49::SCWMssOS::"Running Make include in microblaze_0/libsrc/intc_v3_12/src"

TRACE::2026-06-30.07:36:49::SCWMssOS::make -C microblaze_0/libsrc/intc_v3_12/src -s include  "SHELL=CMD" "COMPILER=mb-gcc" "ASSEMBLER=mb-as" "ARCHIVER=mb-ar" "COMPIL
TRACE::2026-06-30.07:36:49::SCWMssOS::ER_FLAGS=  -O2 -c -mcpu=v11.0 -mlittle-endian -mxl-soft-mul" "EXTRA_COMPILER_FLAGS=-g -ffunction-sections -fdata-sections -Wall
TRACE::2026-06-30.07:36:49::SCWMssOS:: -Wextra"

TRACE::2026-06-30.07:36:49::SCWMssOS::"Running Make include in microblaze_0/libsrc/spi_axi_v1_0/src"

TRACE::2026-06-30.07:36:49::SCWMssOS::make -C microblaze_0/libsrc/spi_axi_v1_0/src -s include  "SHELL=CMD" "COMPILER=mb-gcc" "ASSEMBLER=mb-as" "ARCHIVER=mb-ar" "COMP
TRACE::2026-06-30.07:36:49::SCWMssOS::ILER_FLAGS=  -O2 -c -mcpu=v11.0 -mlittle-endian -mxl-soft-mul" "EXTRA_COMPILER_FLAGS=-g -ffunction-sections -fdata-sections -Wa
TRACE::2026-06-30.07:36:49::SCWMssOS::ll -Wextra"

TRACE::2026-06-30.07:36:49::SCWMssOS::"Running Make include in microblaze_0/libsrc/standalone_v7_3/src"

TRACE::2026-06-30.07:36:49::SCWMssOS::make -C microblaze_0/libsrc/standalone_v7_3/src -s include  "SHELL=CMD" "COMPILER=mb-gcc" "ASSEMBLER=mb-as" "ARCHIVER=mb-ar" "C
TRACE::2026-06-30.07:36:49::SCWMssOS::OMPILER_FLAGS=  -O2 -c -mcpu=v11.0 -mlittle-endian -mxl-soft-mul" "EXTRA_COMPILER_FLAGS=-g -ffunction-sections -fdata-sections 
TRACE::2026-06-30.07:36:49::SCWMssOS::-Wall -Wextra"

TRACE::2026-06-30.07:36:49::SCWMssOS::"Running Make include in microblaze_0/libsrc/timer_two_v1_0/src"

TRACE::2026-06-30.07:36:49::SCWMssOS::make -C microblaze_0/libsrc/timer_two_v1_0/src -s include  "SHELL=CMD" "COMPILER=mb-gcc" "ASSEMBLER=mb-as" "ARCHIVER=mb-ar" "CO
TRACE::2026-06-30.07:36:49::SCWMssOS::MPILER_FLAGS=  -O2 -c -mcpu=v11.0 -mlittle-endian -mxl-soft-mul" "EXTRA_COMPILER_FLAGS=-g -ffunction-sections -fdata-sections -
TRACE::2026-06-30.07:36:49::SCWMssOS::Wall -Wextra"

TRACE::2026-06-30.07:36:49::SCWMssOS::"Running Make include in microblaze_0/libsrc/uart_two_v1_0/src"

TRACE::2026-06-30.07:36:49::SCWMssOS::make -C microblaze_0/libsrc/uart_two_v1_0/src -s include  "SHELL=CMD" "COMPILER=mb-gcc" "ASSEMBLER=mb-as" "ARCHIVER=mb-ar" "COM
TRACE::2026-06-30.07:36:49::SCWMssOS::PILER_FLAGS=  -O2 -c -mcpu=v11.0 -mlittle-endian -mxl-soft-mul" "EXTRA_COMPILER_FLAGS=-g -ffunction-sections -fdata-sections -W
TRACE::2026-06-30.07:36:49::SCWMssOS::all -Wextra"

TRACE::2026-06-30.07:36:49::SCWMssOS::"Running Make libs in microblaze_0/libsrc/bram_v4_5/src"

TRACE::2026-06-30.07:36:49::SCWMssOS::make -C microblaze_0/libsrc/bram_v4_5/src -s libs  "SHELL=CMD" "COMPILER=mb-gcc" "ASSEMBLER=mb-as" "ARCHIVER=mb-ar" "COMPILER_F
TRACE::2026-06-30.07:36:49::SCWMssOS::LAGS=  -O2 -c -mcpu=v11.0 -mlittle-endian -mxl-soft-mul" "EXTRA_COMPILER_FLAGS=-g -ffunction-sections -fdata-sections -Wall -We
TRACE::2026-06-30.07:36:49::SCWMssOS::xtra"

TRACE::2026-06-30.07:36:49::SCWMssOS::"Running Make libs in microblaze_0/libsrc/cpu_v2_12/src"

TRACE::2026-06-30.07:36:49::SCWMssOS::make -C microblaze_0/libsrc/cpu_v2_12/src -s libs  "SHELL=CMD" "COMPILER=mb-gcc" "ASSEMBLER=mb-as" "ARCHIVER=mb-ar" "COMPILER_F
TRACE::2026-06-30.07:36:50::SCWMssOS::LAGS=  -O2 -c -mcpu=v11.0 -mlittle-endian -mxl-soft-mul" "EXTRA_COMPILER_FLAGS=-g -ffunction-sections -fdata-sections -Wall -We
TRACE::2026-06-30.07:36:50::SCWMssOS::xtra"

TRACE::2026-06-30.07:36:50::SCWMssOS::"Running Make libs in microblaze_0/libsrc/intc_v3_12/src"

TRACE::2026-06-30.07:36:50::SCWMssOS::make -C microblaze_0/libsrc/intc_v3_12/src -s libs  "SHELL=CMD" "COMPILER=mb-gcc" "ASSEMBLER=mb-as" "ARCHIVER=mb-ar" "COMPILER_
TRACE::2026-06-30.07:36:50::SCWMssOS::FLAGS=  -O2 -c -mcpu=v11.0 -mlittle-endian -mxl-soft-mul" "EXTRA_COMPILER_FLAGS=-g -ffunction-sections -fdata-sections -Wall -W
TRACE::2026-06-30.07:36:50::SCWMssOS::extra"

TRACE::2026-06-30.07:36:50::SCWMssOS::"Running Make libs in microblaze_0/libsrc/standalone_v7_3/src"

TRACE::2026-06-30.07:36:50::SCWMssOS::make -C microblaze_0/libsrc/standalone_v7_3/src -s libs  "SHELL=CMD" "COMPILER=mb-gcc" "ASSEMBLER=mb-as" "ARCHIVER=mb-ar" "COMP
TRACE::2026-06-30.07:36:50::SCWMssOS::ILER_FLAGS=  -O2 -c -mcpu=v11.0 -mlittle-endian -mxl-soft-mul" "EXTRA_COMPILER_FLAGS=-g -ffunction-sections -fdata-sections -Wa
TRACE::2026-06-30.07:36:50::SCWMssOS::ll -Wextra"

TRACE::2026-06-30.07:36:50::SCWMssOS::"DEBUG NON_LTO_OBJECTS is ../../../lib/microblaze_interrupt_handler.o"

TRACE::2026-06-30.07:36:50::SCWMssOS::'Finished building libraries parallelly.'

TRACE::2026-06-30.07:36:50::SCWMssOS::make --no-print-directory archive

TRACE::2026-06-30.07:36:50::SCWMssOS::mb-ar -r  microblaze_0/lib/libxil.a microblaze_0/lib/xplatform_info.o microblaze_0/lib/microblaze_disable_exceptions.o microbla
TRACE::2026-06-30.07:36:50::SCWMssOS::ze_0/lib/print.o microblaze_0/lib/_exit.o microblaze_0/lib/xil_testio.o microblaze_0/lib/microblaze_disable_dcache.o microblaze
TRACE::2026-06-30.07:36:50::SCWMssOS::_0/lib/microblaze_flush_dcache_range.o microblaze_0/lib/microblaze_flush_cache_ext.o microblaze_0/lib/xbram_sinit.o microblaze_
TRACE::2026-06-30.07:36:50::SCWMssOS::0/lib/xil_misc_psreset_api.o microblaze_0/lib/xil_cache.o microblaze_0/lib/xil_util.o microblaze_0/lib/inbyte.o microblaze_0/li
TRACE::2026-06-30.07:36:50::SCWMssOS::b/xbram_g.o microblaze_0/lib/microblaze_exception_handler.o microblaze_0/lib/microblaze_scrub.o microblaze_0/lib/microblaze_inv
TRACE::2026-06-30.07:36:50::SCWMssOS::alidate_dcache.o microblaze_0/lib/microblaze_disable_interrupts.o microblaze_0/lib/xbram_selftest.o microblaze_0/lib/microblaze
TRACE::2026-06-30.07:36:50::SCWMssOS::_interrupt_handler.o microblaze_0/lib/microblaze_disable_icache.o microblaze_0/lib/xil_mem.o microblaze_0/lib/microblaze_flush_
TRACE::2026-06-30.07:36:50::SCWMssOS::cache_ext_range.o microblaze_0/lib/xbram_intr.o microblaze_0/lib/xil_sleepcommon.o microblaze_0/lib/xil_printf.o microblaze_0/l
TRACE::2026-06-30.07:36:50::SCWMssOS::ib/xintc_g.o microblaze_0/lib/xintc_selftest.o microblaze_0/lib/xintc_l.o microblaze_0/lib/outbyte.o microblaze_0/lib/microblaz
TRACE::2026-06-30.07:36:50::SCWMssOS::e_invalidate_dcache_range.o microblaze_0/lib/microblaze_invalidate_cache_ext.o microblaze_0/lib/microblaze_sleep.o microblaze_0
TRACE::2026-06-30.07:36:50::SCWMssOS::/lib/hw_exception_handler.o microblaze_0/lib/xintc_intr.o microblaze_0/lib/microblaze_update_dcache.o microblaze_0/lib/xil_test
TRACE::2026-06-30.07:36:50::SCWMssOS::cache.o microblaze_0/lib/microblaze_selftest.o microblaze_0/lib/microblaze_interrupts_g.o microblaze_0/lib/microblaze_enable_ex
TRACE::2026-06-30.07:36:50::SCWMssOS::ceptions.o microblaze_0/lib/xio.o microblaze_0/lib/microblaze_enable_dcache.o microblaze_0/lib/xbram.o microblaze_0/lib/microbl
TRACE::2026-06-30.07:36:50::SCWMssOS::aze_invalidate_icache_range.o microblaze_0/lib/microblaze_init_dcache_range.o microblaze_0/lib/microblaze_invalidate_icache.o m
TRACE::2026-06-30.07:36:50::SCWMssOS::icroblaze_0/lib/errno.o microblaze_0/lib/xintc_options.o microblaze_0/lib/microblaze_invalidate_cache_ext_range.o microblaze_0/
TRACE::2026-06-30.07:36:50::SCWMssOS::lib/xil_exception.o microblaze_0/lib/pvr.o microblaze_0/lib/xil_testmem.o microblaze_0/lib/microblaze_update_icache.o microblaz
TRACE::2026-06-30.07:36:50::SCWMssOS::e_0/lib/microblaze_flush_dcache.o microblaze_0/lib/xil_clocking.o microblaze_0/lib/xil_assert.o microblaze_0/lib/microblaze_ena
TRACE::2026-06-30.07:36:50::SCWMssOS::ble_interrupts.o microblaze_0/lib/microblaze_enable_icache.o microblaze_0/lib/xintc.o microblaze_0/lib/fcntl.o microblaze_0/lib
TRACE::2026-06-30.07:36:50::SCWMssOS::/microblaze_init_icache_range.o

TRACE::2026-06-30.07:36:51::SCWMssOS::'Finished building libraries'

TRACE::2026-06-30.07:36:51::SCWMssOS::Copying to export directory.
TRACE::2026-06-30.07:36:51::SCWMssOS:: Checking if to create the Supporting Applications
TRACE::2026-06-30.07:36:51::SCWMssOS:: No Linux domain exists, trying to generate FSBL 
LOG::2026-06-30.07:36:51::SCWSystem::Completed Processing the domain standalone_microblaze_0
LOG::2026-06-30.07:36:51::SCWSystem::Completed Processing the sysconfig 0630_faxi_spi_uart
LOG::2026-06-30.07:36:51::SCWPlatform::Completed generating the artifacts for system configuration 0630_faxi_spi_uart
TRACE::2026-06-30.07:36:51::SCWPlatform::Started preparing the platform 
TRACE::2026-06-30.07:36:51::SCWSystem::Writing the bif file for system config 0630_faxi_spi_uart
TRACE::2026-06-30.07:36:51::SCWSystem::dir created 
TRACE::2026-06-30.07:36:51::SCWSystem::Writing the bif 
TRACE::2026-06-30.07:36:51::SCWPlatform::Started writing the spfm file 
TRACE::2026-06-30.07:36:51::SCWPlatform::Started writing the xpfm file 
TRACE::2026-06-30.07:36:51::SCWPlatform::Completed generating the platform
TRACE::2026-06-30.07:36:51::SCWMssOS::Saving the mss changes D:/jh_workspace/0629_axi_spi_uart_timer_gpio/final/0630_faxi_spi_uart/microblaze_0/standalone_microblaze_0/bsp/system.mss
TRACE::2026-06-30.07:36:51::SCWMssOS::Found a swdesign opened with the mssfile.
TRACE::2026-06-30.07:36:51::SCWMssOS::Completed writemss as part of save.
TRACE::2026-06-30.07:36:51::SCWMssOS::Commit changes completed.
TRACE::2026-06-30.07:36:51::SCWPlatform::Trying to open the hw design at D:/jh_workspace/0629_axi_spi_uart_timer_gpio/final/0630_faxi_spi_uart/hw/0630_faxi_spi_uart.xsa
TRACE::2026-06-30.07:36:51::SCWPlatform::DSA given D:/jh_workspace/0629_axi_spi_uart_timer_gpio/final/0630_faxi_spi_uart/hw/0630_faxi_spi_uart.xsa
TRACE::2026-06-30.07:36:51::SCWPlatform::DSA absoulate path D:/jh_workspace/0629_axi_spi_uart_timer_gpio/final/0630_faxi_spi_uart/hw/0630_faxi_spi_uart.xsa
TRACE::2026-06-30.07:36:51::SCWPlatform::DSA directory D:/jh_workspace/0629_axi_spi_uart_timer_gpio/final/0630_faxi_spi_uart/hw
TRACE::2026-06-30.07:36:51::SCWPlatform:: Platform Path D:/jh_workspace/0629_axi_spi_uart_timer_gpio/final/0630_faxi_spi_uart/hw/0630_faxi_spi_uart.xsa
TRACE::2026-06-30.07:36:51::SCWPlatform:: Unique name xilinx:basys3::0.0
TRACE::2026-06-30.07:36:51::SCWPlatform::Trying to set the existing hwdb with name axi_system_wrapper_0
TRACE::2026-06-30.07:36:51::SCWPlatform::Opened existing hwdb axi_system_wrapper_0
TRACE::2026-06-30.07:36:51::SCWPlatform::Found the Hw Db part of the input DSA
TRACE::2026-06-30.07:36:51::SCWMssOS::Checking the sw design at  D:/jh_workspace/0629_axi_spi_uart_timer_gpio/final/0630_faxi_spi_uart/microblaze_0/standalone_microblaze_0/bsp/system.mss
TRACE::2026-06-30.07:36:51::SCWMssOS::DEBUG:  swdes dump  D:/jh_workspace/0629_axi_spi_uart_timer_gpio/final/0630_faxi_spi_uart/microblaze_0/standalone_microblaze_0/bsp/system.mss|system||

TRACE::2026-06-30.07:36:51::SCWMssOS::Sw design exists and opened at  D:/jh_workspace/0629_axi_spi_uart_timer_gpio/final/0630_faxi_spi_uart/microblaze_0/standalone_microblaze_0/bsp/system.mss
TRACE::2026-06-30.07:36:51::SCWPlatform::Trying to open the hw design at D:/jh_workspace/0629_axi_spi_uart_timer_gpio/final/0630_faxi_spi_uart/hw/0630_faxi_spi_uart.xsa
TRACE::2026-06-30.07:36:51::SCWPlatform::DSA given D:/jh_workspace/0629_axi_spi_uart_timer_gpio/final/0630_faxi_spi_uart/hw/0630_faxi_spi_uart.xsa
TRACE::2026-06-30.07:36:51::SCWPlatform::DSA absoulate path D:/jh_workspace/0629_axi_spi_uart_timer_gpio/final/0630_faxi_spi_uart/hw/0630_faxi_spi_uart.xsa
TRACE::2026-06-30.07:36:51::SCWPlatform::DSA directory D:/jh_workspace/0629_axi_spi_uart_timer_gpio/final/0630_faxi_spi_uart/hw
TRACE::2026-06-30.07:36:51::SCWPlatform:: Platform Path D:/jh_workspace/0629_axi_spi_uart_timer_gpio/final/0630_faxi_spi_uart/hw/0630_faxi_spi_uart.xsa
TRACE::2026-06-30.07:36:51::SCWPlatform:: Unique name xilinx:basys3::0.0
TRACE::2026-06-30.07:36:51::SCWPlatform::Trying to set the existing hwdb with name axi_system_wrapper_0
TRACE::2026-06-30.07:36:51::SCWPlatform::Opened existing hwdb axi_system_wrapper_0
TRACE::2026-06-30.07:36:51::SCWPlatform::Found the Hw Db part of the input DSA
TRACE::2026-06-30.07:36:51::SCWMssOS::Checking the sw design at  D:/jh_workspace/0629_axi_spi_uart_timer_gpio/final/0630_faxi_spi_uart/microblaze_0/standalone_microblaze_0/bsp/system.mss
TRACE::2026-06-30.07:36:51::SCWMssOS::DEBUG:  swdes dump  D:/jh_workspace/0629_axi_spi_uart_timer_gpio/final/0630_faxi_spi_uart/microblaze_0/standalone_microblaze_0/bsp/system.mss|system||

TRACE::2026-06-30.07:36:51::SCWMssOS::Sw design exists and opened at  D:/jh_workspace/0629_axi_spi_uart_timer_gpio/final/0630_faxi_spi_uart/microblaze_0/standalone_microblaze_0/bsp/system.mss
TRACE::2026-06-30.07:36:51::SCWPlatform::Trying to open the hw design at D:/jh_workspace/0629_axi_spi_uart_timer_gpio/final/0630_faxi_spi_uart/hw/0630_faxi_spi_uart.xsa
TRACE::2026-06-30.07:36:51::SCWPlatform::DSA given D:/jh_workspace/0629_axi_spi_uart_timer_gpio/final/0630_faxi_spi_uart/hw/0630_faxi_spi_uart.xsa
TRACE::2026-06-30.07:36:51::SCWPlatform::DSA absoulate path D:/jh_workspace/0629_axi_spi_uart_timer_gpio/final/0630_faxi_spi_uart/hw/0630_faxi_spi_uart.xsa
TRACE::2026-06-30.07:36:51::SCWPlatform::DSA directory D:/jh_workspace/0629_axi_spi_uart_timer_gpio/final/0630_faxi_spi_uart/hw
TRACE::2026-06-30.07:36:51::SCWPlatform:: Platform Path D:/jh_workspace/0629_axi_spi_uart_timer_gpio/final/0630_faxi_spi_uart/hw/0630_faxi_spi_uart.xsa
TRACE::2026-06-30.07:36:51::SCWPlatform:: Unique name xilinx:basys3::0.0
TRACE::2026-06-30.07:36:51::SCWPlatform::Trying to set the existing hwdb with name axi_system_wrapper_0
TRACE::2026-06-30.07:36:51::SCWPlatform::Opened existing hwdb axi_system_wrapper_0
TRACE::2026-06-30.07:36:51::SCWPlatform::Found the Hw Db part of the input DSA
TRACE::2026-06-30.07:36:51::SCWMssOS::Checking the sw design at  D:/jh_workspace/0629_axi_spi_uart_timer_gpio/final/0630_faxi_spi_uart/microblaze_0/standalone_microblaze_0/bsp/system.mss
TRACE::2026-06-30.07:36:51::SCWMssOS::DEBUG:  swdes dump  D:/jh_workspace/0629_axi_spi_uart_timer_gpio/final/0630_faxi_spi_uart/microblaze_0/standalone_microblaze_0/bsp/system.mss|system||

TRACE::2026-06-30.07:36:51::SCWMssOS::Sw design exists and opened at  D:/jh_workspace/0629_axi_spi_uart_timer_gpio/final/0630_faxi_spi_uart/microblaze_0/standalone_microblaze_0/bsp/system.mss
TRACE::2026-06-30.07:36:51::SCWWriter::formatted JSON is {
	"platformName":	"0630_faxi_spi_uart",
	"sprVersion":	"2.0",
	"mode":	"gui",
	"dsaType":	"Fixed",
	"platformDesc":	"0630_faxi_spi_uart",
	"platHandOff":	"D:/jh_workspace/0629_axi_spi_uart_timer_gpio/0630_faxi_spi_uart.xsa",
	"platIntHandOff":	"<platformDir>/hw/0630_faxi_spi_uart.xsa",
	"deviceType":	"FPGA",
	"platIsPrebuiltAutogen":	"false",
	"platIsNoBootBsp":	"false",
	"hasFsblMakeHasChanges":	"false",
	"hasPmufwMakeHasChanges":	"false",
	"platPreBuiltFlag":	false,
	"platformSamplesDir":	"",
	"platActiveSys":	"0630_faxi_spi_uart",
	"systems":	[{
			"systemName":	"0630_faxi_spi_uart",
			"systemDesc":	"0630_faxi_spi_uart",
			"sysIsBootAutoGen":	"true",
			"systemDispName":	"0630_faxi_spi_uart",
			"sysActiveDom":	"standalone_microblaze_0",
			"sysDefaultDom":	"standalone_microblaze_0",
			"domains":	[{
					"domainName":	"standalone_microblaze_0",
					"domainDispName":	"standalone_microblaze_0",
					"domainDesc":	"standalone_microblaze_0",
					"processors":	"microblaze_0",
					"os":	"standalone",
					"sdxOs":	"standalone",
					"debugEnable":	"False",
					"domRuntimes":	["cpp"],
					"swRepo":	"",
					"mssOsVer":	"7.3",
					"mssFile":	"",
					"md5Digest":	"21a57f7a7515368fc1c8ff5369e72780",
					"compatibleApp":	"empty_application",
					"domType":	"mssDomain",
					"arch":	"32-bit",
					"appSettings":	{
						"appCompilerFlags":	"",
						"appLinkerFlags":	""
					},
					"addedLibs":	[],
					"libOptions":	{
						"libsContainingOptions":	[]
					},
					"prebuiltLibs":	{
						"prebuiltIncPath":	[],
						"prebuiltLibPath":	[]
					},
					"isolation":	{
					}
				}]
		}]
}
KEYINFO::2026-06-30.07:36:51::SCWPlatform::updated the xpfm file.
TRACE::2026-06-30.07:36:51::SCWPlatform::Trying to open the hw design at D:/jh_workspace/0629_axi_spi_uart_timer_gpio/final/0630_faxi_spi_uart/hw/0630_faxi_spi_uart.xsa
TRACE::2026-06-30.07:36:51::SCWPlatform::DSA given D:/jh_workspace/0629_axi_spi_uart_timer_gpio/final/0630_faxi_spi_uart/hw/0630_faxi_spi_uart.xsa
TRACE::2026-06-30.07:36:51::SCWPlatform::DSA absoulate path D:/jh_workspace/0629_axi_spi_uart_timer_gpio/final/0630_faxi_spi_uart/hw/0630_faxi_spi_uart.xsa
TRACE::2026-06-30.07:36:51::SCWPlatform::DSA directory D:/jh_workspace/0629_axi_spi_uart_timer_gpio/final/0630_faxi_spi_uart/hw
TRACE::2026-06-30.07:36:51::SCWPlatform:: Platform Path D:/jh_workspace/0629_axi_spi_uart_timer_gpio/final/0630_faxi_spi_uart/hw/0630_faxi_spi_uart.xsa
TRACE::2026-06-30.07:36:51::SCWPlatform:: Unique name xilinx:basys3::0.0
TRACE::2026-06-30.07:36:51::SCWPlatform::Trying to set the existing hwdb with name axi_system_wrapper_0
TRACE::2026-06-30.07:36:51::SCWPlatform::Opened existing hwdb axi_system_wrapper_0
TRACE::2026-06-30.07:36:51::SCWPlatform::Found the Hw Db part of the input DSA
TRACE::2026-06-30.07:36:51::SCWMssOS::Checking the sw design at  D:/jh_workspace/0629_axi_spi_uart_timer_gpio/final/0630_faxi_spi_uart/microblaze_0/standalone_microblaze_0/bsp/system.mss
TRACE::2026-06-30.07:36:51::SCWMssOS::DEBUG:  swdes dump  D:/jh_workspace/0629_axi_spi_uart_timer_gpio/final/0630_faxi_spi_uart/microblaze_0/standalone_microblaze_0/bsp/system.mss|system||

TRACE::2026-06-30.07:36:51::SCWMssOS::Sw design exists and opened at  D:/jh_workspace/0629_axi_spi_uart_timer_gpio/final/0630_faxi_spi_uart/microblaze_0/standalone_microblaze_0/bsp/system.mss
